"je_id","company","posting_date","period","source","line_no","account_code","department","description","reference","debit","credit","counterparty"
"JE-CLIK-00001","CLIK","2025-01-01","2025-01","GL","1","2220","ADMIN","Opening balance 2025 (1-Jan)","OPEN-CLIK","0","4500000",
"JE-CLIK-00001","CLIK","2025-01-01","2025-01","GL","2","2170","ADMIN","Opening balance 2025 (1-Jan)","OPEN-CLIK","0","561450",
"JE-CLIK-00001","CLIK","2025-01-01","2025-01","GL","3","1311","ADMIN","Opening balance 2025 (1-Jan)","OPEN-CLIK","45000000","0",
"JE-CLIK-00001","CLIK","2025-01-01","2025-01","GL","4","2230","ADMIN","Opening balance 2025 (1-Jan)","OPEN-CLIK","0","3500000",
"JE-CLIK-00001","CLIK","2025-01-01","2025-01","GL","5","2130","ADMIN","Opening balance 2025 (1-Jan)","OPEN-CLIK","0","3000000",
"JE-CLIK-00001","CLIK","2025-01-01","2025-01","GL","6","1325","ADMIN","Opening balance 2025 (1-Jan)","OPEN-CLIK","2000000","0",
"JE-CLIK-00001","CLIK","2025-01-01","2025-01","GL","7","1312","ADMIN","Opening balance 2025 (1-Jan)","OPEN-CLIK","40000000","0",
"JE-CLIK-00001","CLIK","2025-01-01","2025-01","GL","8","1320","ADMIN","Opening balance 2025 (1-Jan)","OPEN-CLIK","6000000","0",
"JE-CLIK-00001","CLIK","2025-01-01","2025-01","GL","9","2122","ADMIN","Opening balance 2025 (1-Jan)","OPEN-CLIK","0","5500000",
"JE-CLIK-00001","CLIK","2025-01-01","2025-01","GL","10","1130","ADMIN","Opening balance 2025 (1-Jan)","OPEN-CLIK","1626237","0",
"JE-CLIK-00001","CLIK","2025-01-01","2025-01","GL","11","1330","ADMIN","Opening balance 2025 (1-Jan)","OPEN-CLIK","440579","0",
"JE-CLIK-00001","CLIK","2025-01-01","2025-01","GL","12","2123","ADMIN","Opening balance 2025 (1-Jan)","OPEN-CLIK","0","12000000",
"JE-CLIK-00001","CLIK","2025-01-01","2025-01","GL","13","1314","ADMIN","Opening balance 2025 (1-Jan)","OPEN-CLIK","4500000","0",
"JE-CLIK-00001","CLIK","2025-01-01","2025-01","GL","14","1123","ADMIN","Opening balance 2025 (1-Jan)","OPEN-CLIK","5135438","0",
"JE-CLIK-00001","CLIK","2025-01-01","2025-01","GL","15","1319","ADMIN","Opening balance 2025 (1-Jan)","OPEN-CLIK","20725604","0",
"JE-CLIK-00001","CLIK","2025-01-01","2025-01","GL","16","2215","ADMIN","Opening balance 2025 (1-Jan)","OPEN-CLIK","0","200000000",
"JE-CLIK-00001","CLIK","2025-01-01","2025-01","GL","17","1150","ADMIN","Opening balance 2025 (1-Jan)","OPEN-CLIK","1004161","0",
"JE-CLIK-00001","CLIK","2025-01-01","2025-01","GL","18","1121","ADMIN","Opening balance 2025 (1-Jan)","OPEN-CLIK","1000000","0",
"JE-CLIK-00001","CLIK","2025-01-01","2025-01","GL","19","2125","ADMIN","Opening balance 2025 (1-Jan)","OPEN-CLIK","0","5000000",
"JE-CLIK-00001","CLIK","2025-01-01","2025-01","GL","20","3110","ADMIN","Opening balance 2025 (1-Jan)","OPEN-CLIK","0","50000000",
"JE-CLIK-00001","CLIK","2025-01-01","2025-01","GL","21","2150","ADMIN","Opening balance 2025 (1-Jan)","OPEN-CLIK","0","700000",
"JE-CLIK-00001","CLIK","2025-01-01","2025-01","GL","22","1112","ADMIN","Opening balance 2025 (1-Jan)","OPEN-CLIK","8000000","0",
"JE-CLIK-00001","CLIK","2025-01-01","2025-01","GL","23","3160","ADMIN","Opening balance 2025 (1-Jan)","OPEN-CLIK","158384515","0",
"JE-CLIK-00001","CLIK","2025-01-01","2025-01","GL","24","1142","ADMIN","Opening balance 2025 (1-Jan)","OPEN-CLIK","9380363","0",
"JE-CLIK-00001","CLIK","2025-01-01","2025-01","GL","25","1340","ADMIN","Opening balance 2025 (1-Jan)","OPEN-CLIK","1547723","0",
"JE-CLIK-00001","CLIK","2025-01-01","2025-01","GL","26","2210","ADMIN","Opening balance 2025 (1-Jan)","OPEN-CLIK","0","80000000",
"JE-CLIK-00001","CLIK","2025-01-01","2025-01","GL","27","3160","ADMIN","Opening balance 2025 (1-Jan)","OPEN-CLIK","60016830","0",
"JE-CLIK-00002","CLIK","2025-01-28","2025-01","AR","1","1112","SERVICE","CLIK 4190 monthly revenue","REV-CLIK-2025-01-4190","331345","0","CUST-CLIK-001"
"JE-CLIK-00002","CLIK","2025-01-28","2025-01","AR","2","4190","ADMIN","CLIK 4190 monthly revenue","REV-CLIK-2025-01-4190","0","331345",""
"JE-CLIK-00003","CLIK","2025-02-28","2025-02","AR","1","1112","SERVICE","CLIK 4190 monthly revenue","REV-CLIK-2025-02-4190","309256","0","CUST-CLIK-001"
"JE-CLIK-00003","CLIK","2025-02-28","2025-02","AR","2","4190","ADMIN","CLIK 4190 monthly revenue","REV-CLIK-2025-02-4190","0","309256",""
"JE-CLIK-00004","CLIK","2025-03-28","2025-03","AR","1","1112","SERVICE","CLIK 4190 monthly revenue","REV-CLIK-2025-03-4190","375525","0","CUST-CLIK-001"
"JE-CLIK-00004","CLIK","2025-03-28","2025-03","AR","2","4190","ADMIN","CLIK 4190 monthly revenue","REV-CLIK-2025-03-4190","0","375525",""
"JE-CLIK-00005","CLIK","2025-04-28","2025-04","AR","1","1112","SERVICE","CLIK 4190 monthly revenue","REV-CLIK-2025-04-4190","331345","0","CUST-CLIK-001"
"JE-CLIK-00005","CLIK","2025-04-28","2025-04","AR","2","4190","ADMIN","CLIK 4190 monthly revenue","REV-CLIK-2025-04-4190","0","331345",""
"JE-CLIK-00006","CLIK","2025-05-28","2025-05","AR","1","1112","SERVICE","CLIK 4190 monthly revenue","REV-CLIK-2025-05-4190","353435","0","CUST-CLIK-001"
"JE-CLIK-00006","CLIK","2025-05-28","2025-05","AR","2","4190","ADMIN","CLIK 4190 monthly revenue","REV-CLIK-2025-05-4190","0","353435",""
"JE-CLIK-00007","CLIK","2025-06-28","2025-06","AR","1","1112","SERVICE","CLIK 4190 monthly revenue","REV-CLIK-2025-06-4190","375525","0","CUST-CLIK-001"
"JE-CLIK-00007","CLIK","2025-06-28","2025-06","AR","2","4190","ADMIN","CLIK 4190 monthly revenue","REV-CLIK-2025-06-4190","0","375525",""
"JE-CLIK-00008","CLIK","2025-07-28","2025-07","AR","1","1112","SERVICE","CLIK 4190 monthly revenue","REV-CLIK-2025-07-4190","375525","0","CUST-CLIK-001"
"JE-CLIK-00008","CLIK","2025-07-28","2025-07","AR","2","4190","ADMIN","CLIK 4190 monthly revenue","REV-CLIK-2025-07-4190","0","375525",""
"JE-CLIK-00009","CLIK","2025-08-28","2025-08","AR","1","1112","SERVICE","CLIK 4190 monthly revenue","REV-CLIK-2025-08-4190","375525","0","CUST-CLIK-001"
"JE-CLIK-00009","CLIK","2025-08-28","2025-08","AR","2","4190","ADMIN","CLIK 4190 monthly revenue","REV-CLIK-2025-08-4190","0","375525",""
"JE-CLIK-00010","CLIK","2025-09-28","2025-09","AR","1","1112","SERVICE","CLIK 4190 monthly revenue","REV-CLIK-2025-09-4190","397614","0","CUST-CLIK-001"
"JE-CLIK-00010","CLIK","2025-09-28","2025-09","AR","2","4190","ADMIN","CLIK 4190 monthly revenue","REV-CLIK-2025-09-4190","0","397614",""
"JE-CLIK-00011","CLIK","2025-10-28","2025-10","AR","1","1112","SERVICE","CLIK 4190 monthly revenue","REV-CLIK-2025-10-4190","397614","0","CUST-CLIK-001"
"JE-CLIK-00011","CLIK","2025-10-28","2025-10","AR","2","4190","ADMIN","CLIK 4190 monthly revenue","REV-CLIK-2025-10-4190","0","397614",""
"JE-CLIK-00012","CLIK","2025-11-28","2025-11","AR","1","1112","SERVICE","CLIK 4190 monthly revenue","REV-CLIK-2025-11-4190","397614","0","CUST-CLIK-001"
"JE-CLIK-00012","CLIK","2025-11-28","2025-11","AR","2","4190","ADMIN","CLIK 4190 monthly revenue","REV-CLIK-2025-11-4190","0","397614",""
"JE-CLIK-00013","CLIK","2025-12-28","2025-12","AR","1","1112","SERVICE","CLIK 4190 monthly revenue","REV-CLIK-2025-12-4190","397613","0","CUST-CLIK-001"
"JE-CLIK-00013","CLIK","2025-12-28","2025-12","AR","2","4190","ADMIN","CLIK 4190 monthly revenue","REV-CLIK-2025-12-4190","0","397613",""
"JE-CLIK-00014","CLIK","2025-01-28","2025-01","AR","1","1123","SERVICE","CLIK 4130 monthly revenue","REV-CLIK-2025-01-4130","450000","0","CUST-CLIK-002"
"JE-CLIK-00014","CLIK","2025-01-28","2025-01","AR","2","1112","SERVICE","CLIK 4130 monthly revenue","REV-CLIK-2025-01-4130","2550000","0","CUST-CLIK-001"
"JE-CLIK-00014","CLIK","2025-01-28","2025-01","AR","3","4130","PARTS","CLIK 4130 monthly revenue","REV-CLIK-2025-01-4130","0","3000000",""
"JE-CLIK-00015","CLIK","2025-02-28","2025-02","AR","1","1123","SERVICE","CLIK 4130 monthly revenue","REV-CLIK-2025-02-4130","420000","0","CUST-CLIK-002"
"JE-CLIK-00015","CLIK","2025-02-28","2025-02","AR","2","1112","SERVICE","CLIK 4130 monthly revenue","REV-CLIK-2025-02-4130","2380000","0","CUST-CLIK-001"
"JE-CLIK-00015","CLIK","2025-02-28","2025-02","AR","3","4130","PARTS","CLIK 4130 monthly revenue","REV-CLIK-2025-02-4130","0","2800000",""
"JE-CLIK-00016","CLIK","2025-03-28","2025-03","AR","1","1123","SERVICE","CLIK 4130 monthly revenue","REV-CLIK-2025-03-4130","510000","0","CUST-CLIK-002"
"JE-CLIK-00016","CLIK","2025-03-28","2025-03","AR","2","1112","SERVICE","CLIK 4130 monthly revenue","REV-CLIK-2025-03-4130","2890000","0","CUST-CLIK-001"
"JE-CLIK-00016","CLIK","2025-03-28","2025-03","AR","3","4130","PARTS","CLIK 4130 monthly revenue","REV-CLIK-2025-03-4130","0","3400000",""
"JE-CLIK-00017","CLIK","2025-04-28","2025-04","AR","1","1123","SERVICE","CLIK 4130 monthly revenue","REV-CLIK-2025-04-4130","450000","0","CUST-CLIK-002"
"JE-CLIK-00017","CLIK","2025-04-28","2025-04","AR","2","1112","SERVICE","CLIK 4130 monthly revenue","REV-CLIK-2025-04-4130","2550000","0","CUST-CLIK-001"
"JE-CLIK-00017","CLIK","2025-04-28","2025-04","AR","3","4130","PARTS","CLIK 4130 monthly revenue","REV-CLIK-2025-04-4130","0","3000000",""
"JE-CLIK-00018","CLIK","2025-05-28","2025-05","AR","1","1123","SERVICE","CLIK 4130 monthly revenue","REV-CLIK-2025-05-4130","480000","0","CUST-CLIK-002"
"JE-CLIK-00018","CLIK","2025-05-28","2025-05","AR","2","1112","SERVICE","CLIK 4130 monthly revenue","REV-CLIK-2025-05-4130","2720000","0","CUST-CLIK-001"
"JE-CLIK-00018","CLIK","2025-05-28","2025-05","AR","3","4130","PARTS","CLIK 4130 monthly revenue","REV-CLIK-2025-05-4130","0","3200000",""
"JE-CLIK-00019","CLIK","2025-06-28","2025-06","AR","1","1123","SERVICE","CLIK 4130 monthly revenue","REV-CLIK-2025-06-4130","510000","0","CUST-CLIK-002"
"JE-CLIK-00019","CLIK","2025-06-28","2025-06","AR","2","1112","SERVICE","CLIK 4130 monthly revenue","REV-CLIK-2025-06-4130","2890000","0","CUST-CLIK-001"
"JE-CLIK-00019","CLIK","2025-06-28","2025-06","AR","3","4130","PARTS","CLIK 4130 monthly revenue","REV-CLIK-2025-06-4130","0","3400000",""
"JE-CLIK-00020","CLIK","2025-07-28","2025-07","AR","1","1123","SERVICE","CLIK 4130 monthly revenue","REV-CLIK-2025-07-4130","510000","0","CUST-CLIK-002"
"JE-CLIK-00020","CLIK","2025-07-28","2025-07","AR","2","1112","SERVICE","CLIK 4130 monthly revenue","REV-CLIK-2025-07-4130","2890000","0","CUST-CLIK-001"
"JE-CLIK-00020","CLIK","2025-07-28","2025-07","AR","3","4130","PARTS","CLIK 4130 monthly revenue","REV-CLIK-2025-07-4130","0","3400000",""
"JE-CLIK-00021","CLIK","2025-08-28","2025-08","AR","1","1123","SERVICE","CLIK 4130 monthly revenue","REV-CLIK-2025-08-4130","510000","0","CUST-CLIK-002"
"JE-CLIK-00021","CLIK","2025-08-28","2025-08","AR","2","1112","SERVICE","CLIK 4130 monthly revenue","REV-CLIK-2025-08-4130","2890000","0","CUST-CLIK-001"
"JE-CLIK-00021","CLIK","2025-08-28","2025-08","AR","3","4130","PARTS","CLIK 4130 monthly revenue","REV-CLIK-2025-08-4130","0","3400000",""
"JE-CLIK-00022","CLIK","2025-09-28","2025-09","AR","1","1123","SERVICE","CLIK 4130 monthly revenue","REV-CLIK-2025-09-4130","540000","0","CUST-CLIK-002"
"JE-CLIK-00022","CLIK","2025-09-28","2025-09","AR","2","1112","SERVICE","CLIK 4130 monthly revenue","REV-CLIK-2025-09-4130","3060000","0","CUST-CLIK-001"
"JE-CLIK-00022","CLIK","2025-09-28","2025-09","AR","3","4130","PARTS","CLIK 4130 monthly revenue","REV-CLIK-2025-09-4130","0","3600000",""
"JE-CLIK-00023","CLIK","2025-10-28","2025-10","AR","1","1123","SERVICE","CLIK 4130 monthly revenue","REV-CLIK-2025-10-4130","540000","0","CUST-CLIK-002"
"JE-CLIK-00023","CLIK","2025-10-28","2025-10","AR","2","1112","SERVICE","CLIK 4130 monthly revenue","REV-CLIK-2025-10-4130","3060000","0","CUST-CLIK-001"
"JE-CLIK-00023","CLIK","2025-10-28","2025-10","AR","3","4130","PARTS","CLIK 4130 monthly revenue","REV-CLIK-2025-10-4130","0","3600000",""
"JE-CLIK-00024","CLIK","2025-11-28","2025-11","AR","1","1123","SERVICE","CLIK 4130 monthly revenue","REV-CLIK-2025-11-4130","540000","0","CUST-CLIK-002"
"JE-CLIK-00024","CLIK","2025-11-28","2025-11","AR","2","1112","SERVICE","CLIK 4130 monthly revenue","REV-CLIK-2025-11-4130","3060000","0","CUST-CLIK-001"
"JE-CLIK-00024","CLIK","2025-11-28","2025-11","AR","3","4130","PARTS","CLIK 4130 monthly revenue","REV-CLIK-2025-11-4130","0","3600000",""
"JE-CLIK-00025","CLIK","2025-12-28","2025-12","AR","1","1123","SERVICE","CLIK 4130 monthly revenue","REV-CLIK-2025-12-4130","540000","0","CUST-CLIK-002"
"JE-CLIK-00025","CLIK","2025-12-28","2025-12","AR","2","1112","SERVICE","CLIK 4130 monthly revenue","REV-CLIK-2025-12-4130","3060000","0","CUST-CLIK-001"
"JE-CLIK-00025","CLIK","2025-12-28","2025-12","AR","3","4130","PARTS","CLIK 4130 monthly revenue","REV-CLIK-2025-12-4130","0","3600000",""
"JE-CLIK-00026","CLIK","2025-01-28","2025-01","AR","1","1125","SERVICE","CLIK 4160 monthly revenue","REV-CLIK-2025-01-4160","262500","0","CUST-CLIK-099"
"JE-CLIK-00026","CLIK","2025-01-28","2025-01","AR","2","4160","SERVICE","CLIK 4160 monthly revenue","REV-CLIK-2025-01-4160","0","262500",""
"JE-CLIK-00027","CLIK","2025-02-28","2025-02","AR","1","1125","SERVICE","CLIK 4160 monthly revenue","REV-CLIK-2025-02-4160","245000","0","CUST-CLIK-099"
"JE-CLIK-00027","CLIK","2025-02-28","2025-02","AR","2","4160","SERVICE","CLIK 4160 monthly revenue","REV-CLIK-2025-02-4160","0","245000",""
"JE-CLIK-00028","CLIK","2025-03-28","2025-03","AR","1","1125","SERVICE","CLIK 4160 monthly revenue","REV-CLIK-2025-03-4160","297500","0","CUST-CLIK-099"
"JE-CLIK-00028","CLIK","2025-03-28","2025-03","AR","2","4160","SERVICE","CLIK 4160 monthly revenue","REV-CLIK-2025-03-4160","0","297500",""
"JE-CLIK-00029","CLIK","2025-04-28","2025-04","AR","1","1125","SERVICE","CLIK 4160 monthly revenue","REV-CLIK-2025-04-4160","262500","0","CUST-CLIK-099"
"JE-CLIK-00029","CLIK","2025-04-28","2025-04","AR","2","4160","SERVICE","CLIK 4160 monthly revenue","REV-CLIK-2025-04-4160","0","262500",""
"JE-CLIK-00030","CLIK","2025-05-28","2025-05","AR","1","1125","SERVICE","CLIK 4160 monthly revenue","REV-CLIK-2025-05-4160","280000","0","CUST-CLIK-099"
"JE-CLIK-00030","CLIK","2025-05-28","2025-05","AR","2","4160","SERVICE","CLIK 4160 monthly revenue","REV-CLIK-2025-05-4160","0","280000",""
"JE-CLIK-00031","CLIK","2025-06-28","2025-06","AR","1","1125","SERVICE","CLIK 4160 monthly revenue","REV-CLIK-2025-06-4160","297500","0","CUST-CLIK-099"
"JE-CLIK-00031","CLIK","2025-06-28","2025-06","AR","2","4160","SERVICE","CLIK 4160 monthly revenue","REV-CLIK-2025-06-4160","0","297500",""
"JE-CLIK-00032","CLIK","2025-07-28","2025-07","AR","1","1125","SERVICE","CLIK 4160 monthly revenue","REV-CLIK-2025-07-4160","297500","0","CUST-CLIK-099"
"JE-CLIK-00032","CLIK","2025-07-28","2025-07","AR","2","4160","SERVICE","CLIK 4160 monthly revenue","REV-CLIK-2025-07-4160","0","297500",""
"JE-CLIK-00033","CLIK","2025-08-28","2025-08","AR","1","1125","SERVICE","CLIK 4160 monthly revenue","REV-CLIK-2025-08-4160","297500","0","CUST-CLIK-099"
"JE-CLIK-00033","CLIK","2025-08-28","2025-08","AR","2","4160","SERVICE","CLIK 4160 monthly revenue","REV-CLIK-2025-08-4160","0","297500",""
"JE-CLIK-00034","CLIK","2025-09-28","2025-09","AR","1","1125","SERVICE","CLIK 4160 monthly revenue","REV-CLIK-2025-09-4160","315000","0","CUST-CLIK-099"
"JE-CLIK-00034","CLIK","2025-09-28","2025-09","AR","2","4160","SERVICE","CLIK 4160 monthly revenue","REV-CLIK-2025-09-4160","0","315000",""
"JE-CLIK-00035","CLIK","2025-10-28","2025-10","AR","1","1125","SERVICE","CLIK 4160 monthly revenue","REV-CLIK-2025-10-4160","315000","0","CUST-CLIK-099"
"JE-CLIK-00035","CLIK","2025-10-28","2025-10","AR","2","4160","SERVICE","CLIK 4160 monthly revenue","REV-CLIK-2025-10-4160","0","315000",""
"JE-CLIK-00036","CLIK","2025-11-28","2025-11","AR","1","1125","SERVICE","CLIK 4160 monthly revenue","REV-CLIK-2025-11-4160","315000","0","CUST-CLIK-099"
"JE-CLIK-00036","CLIK","2025-11-28","2025-11","AR","2","4160","SERVICE","CLIK 4160 monthly revenue","REV-CLIK-2025-11-4160","0","315000",""
"JE-CLIK-00037","CLIK","2025-12-28","2025-12","AR","1","1125","SERVICE","CLIK 4160 monthly revenue","REV-CLIK-2025-12-4160","315000","0","CUST-CLIK-099"
"JE-CLIK-00037","CLIK","2025-12-28","2025-12","AR","2","4160","SERVICE","CLIK 4160 monthly revenue","REV-CLIK-2025-12-4160","0","315000",""
"JE-CLIK-00038","CLIK","2025-01-28","2025-01","AR","1","1112","SERVICE","CLIK 4140 monthly revenue","REV-CLIK-2025-01-4140","900000","0","CUST-CLIK-001"
"JE-CLIK-00038","CLIK","2025-01-28","2025-01","AR","2","4140","BODY_SHOP","CLIK 4140 monthly revenue","REV-CLIK-2025-01-4140","0","900000",""
"JE-CLIK-00039","CLIK","2025-02-28","2025-02","AR","1","1112","SERVICE","CLIK 4140 monthly revenue","REV-CLIK-2025-02-4140","840000","0","CUST-CLIK-001"
"JE-CLIK-00039","CLIK","2025-02-28","2025-02","AR","2","4140","BODY_SHOP","CLIK 4140 monthly revenue","REV-CLIK-2025-02-4140","0","840000",""
"JE-CLIK-00040","CLIK","2025-03-28","2025-03","AR","1","1112","SERVICE","CLIK 4140 monthly revenue","REV-CLIK-2025-03-4140","1020000","0","CUST-CLIK-001"
"JE-CLIK-00040","CLIK","2025-03-28","2025-03","AR","2","4140","BODY_SHOP","CLIK 4140 monthly revenue","REV-CLIK-2025-03-4140","0","1020000",""
"JE-CLIK-00041","CLIK","2025-04-28","2025-04","AR","1","1112","SERVICE","CLIK 4140 monthly revenue","REV-CLIK-2025-04-4140","900000","0","CUST-CLIK-001"
"JE-CLIK-00041","CLIK","2025-04-28","2025-04","AR","2","4140","BODY_SHOP","CLIK 4140 monthly revenue","REV-CLIK-2025-04-4140","0","900000",""
"JE-CLIK-00042","CLIK","2025-05-28","2025-05","AR","1","1112","SERVICE","CLIK 4140 monthly revenue","REV-CLIK-2025-05-4140","960000","0","CUST-CLIK-001"
"JE-CLIK-00042","CLIK","2025-05-28","2025-05","AR","2","4140","BODY_SHOP","CLIK 4140 monthly revenue","REV-CLIK-2025-05-4140","0","960000",""
"JE-CLIK-00043","CLIK","2025-06-28","2025-06","AR","1","1112","SERVICE","CLIK 4140 monthly revenue","REV-CLIK-2025-06-4140","1020000","0","CUST-CLIK-001"
"JE-CLIK-00043","CLIK","2025-06-28","2025-06","AR","2","4140","BODY_SHOP","CLIK 4140 monthly revenue","REV-CLIK-2025-06-4140","0","1020000",""
"JE-CLIK-00044","CLIK","2025-07-28","2025-07","AR","1","1112","SERVICE","CLIK 4140 monthly revenue","REV-CLIK-2025-07-4140","1020000","0","CUST-CLIK-001"
"JE-CLIK-00044","CLIK","2025-07-28","2025-07","AR","2","4140","BODY_SHOP","CLIK 4140 monthly revenue","REV-CLIK-2025-07-4140","0","1020000",""
"JE-CLIK-00045","CLIK","2025-08-28","2025-08","AR","1","1112","SERVICE","CLIK 4140 monthly revenue","REV-CLIK-2025-08-4140","1020000","0","CUST-CLIK-001"
"JE-CLIK-00045","CLIK","2025-08-28","2025-08","AR","2","4140","BODY_SHOP","CLIK 4140 monthly revenue","REV-CLIK-2025-08-4140","0","1020000",""
"JE-CLIK-00046","CLIK","2025-09-28","2025-09","AR","1","1112","SERVICE","CLIK 4140 monthly revenue","REV-CLIK-2025-09-4140","1080000","0","CUST-CLIK-001"
"JE-CLIK-00046","CLIK","2025-09-28","2025-09","AR","2","4140","BODY_SHOP","CLIK 4140 monthly revenue","REV-CLIK-2025-09-4140","0","1080000",""
"JE-CLIK-00047","CLIK","2025-10-28","2025-10","AR","1","1112","SERVICE","CLIK 4140 monthly revenue","REV-CLIK-2025-10-4140","1080000","0","CUST-CLIK-001"
"JE-CLIK-00047","CLIK","2025-10-28","2025-10","AR","2","4140","BODY_SHOP","CLIK 4140 monthly revenue","REV-CLIK-2025-10-4140","0","1080000",""
"JE-CLIK-00048","CLIK","2025-11-28","2025-11","AR","1","1112","SERVICE","CLIK 4140 monthly revenue","REV-CLIK-2025-11-4140","1080000","0","CUST-CLIK-001"
"JE-CLIK-00048","CLIK","2025-11-28","2025-11","AR","2","4140","BODY_SHOP","CLIK 4140 monthly revenue","REV-CLIK-2025-11-4140","0","1080000",""
"JE-CLIK-00049","CLIK","2025-12-28","2025-12","AR","1","1112","SERVICE","CLIK 4140 monthly revenue","REV-CLIK-2025-12-4140","1080000","0","CUST-CLIK-001"
"JE-CLIK-00049","CLIK","2025-12-28","2025-12","AR","2","4140","BODY_SHOP","CLIK 4140 monthly revenue","REV-CLIK-2025-12-4140","0","1080000",""
"JE-CLIK-00050","CLIK","2025-01-28","2025-01","AR","1","1123","SERVICE","CLIK 4120 monthly revenue","REV-CLIK-2025-01-4120","3375000","0","CUST-CLIK-002"
"JE-CLIK-00050","CLIK","2025-01-28","2025-01","AR","2","1112","SERVICE","CLIK 4120 monthly revenue","REV-CLIK-2025-01-4120","7875000","0","CUST-CLIK-001"
"JE-CLIK-00050","CLIK","2025-01-28","2025-01","AR","3","4120","SERVICE","CLIK 4120 monthly revenue","REV-CLIK-2025-01-4120","0","11250000",""
"JE-CLIK-00051","CLIK","2025-02-28","2025-02","AR","1","1123","SERVICE","CLIK 4120 monthly revenue","REV-CLIK-2025-02-4120","3150000","0","CUST-CLIK-002"
"JE-CLIK-00051","CLIK","2025-02-28","2025-02","AR","2","1112","SERVICE","CLIK 4120 monthly revenue","REV-CLIK-2025-02-4120","7350000","0","CUST-CLIK-001"
"JE-CLIK-00051","CLIK","2025-02-28","2025-02","AR","3","4120","SERVICE","CLIK 4120 monthly revenue","REV-CLIK-2025-02-4120","0","10500000",""
"JE-CLIK-00052","CLIK","2025-03-28","2025-03","AR","1","1123","SERVICE","CLIK 4120 monthly revenue","REV-CLIK-2025-03-4120","3825000","0","CUST-CLIK-002"
"JE-CLIK-00052","CLIK","2025-03-28","2025-03","AR","2","1112","SERVICE","CLIK 4120 monthly revenue","REV-CLIK-2025-03-4120","8925000","0","CUST-CLIK-001"
"JE-CLIK-00052","CLIK","2025-03-28","2025-03","AR","3","4120","SERVICE","CLIK 4120 monthly revenue","REV-CLIK-2025-03-4120","0","12750000",""
"JE-CLIK-00053","CLIK","2025-04-28","2025-04","AR","1","1123","SERVICE","CLIK 4120 monthly revenue","REV-CLIK-2025-04-4120","3375000","0","CUST-CLIK-002"
"JE-CLIK-00053","CLIK","2025-04-28","2025-04","AR","2","1112","SERVICE","CLIK 4120 monthly revenue","REV-CLIK-2025-04-4120","7875000","0","CUST-CLIK-001"
"JE-CLIK-00053","CLIK","2025-04-28","2025-04","AR","3","4120","SERVICE","CLIK 4120 monthly revenue","REV-CLIK-2025-04-4120","0","11250000",""
"JE-CLIK-00054","CLIK","2025-05-28","2025-05","AR","1","1123","SERVICE","CLIK 4120 monthly revenue","REV-CLIK-2025-05-4120","3600000","0","CUST-CLIK-002"
"JE-CLIK-00054","CLIK","2025-05-28","2025-05","AR","2","1112","SERVICE","CLIK 4120 monthly revenue","REV-CLIK-2025-05-4120","8400000","0","CUST-CLIK-001"
"JE-CLIK-00054","CLIK","2025-05-28","2025-05","AR","3","4120","SERVICE","CLIK 4120 monthly revenue","REV-CLIK-2025-05-4120","0","12000000",""
"JE-CLIK-00055","CLIK","2025-06-28","2025-06","AR","1","1123","SERVICE","CLIK 4120 monthly revenue","REV-CLIK-2025-06-4120","3825000","0","CUST-CLIK-002"
"JE-CLIK-00055","CLIK","2025-06-28","2025-06","AR","2","1112","SERVICE","CLIK 4120 monthly revenue","REV-CLIK-2025-06-4120","8925000","0","CUST-CLIK-001"
"JE-CLIK-00055","CLIK","2025-06-28","2025-06","AR","3","4120","SERVICE","CLIK 4120 monthly revenue","REV-CLIK-2025-06-4120","0","12750000",""
"JE-CLIK-00056","CLIK","2025-07-28","2025-07","AR","1","1123","SERVICE","CLIK 4120 monthly revenue","REV-CLIK-2025-07-4120","3825000","0","CUST-CLIK-002"
"JE-CLIK-00056","CLIK","2025-07-28","2025-07","AR","2","1112","SERVICE","CLIK 4120 monthly revenue","REV-CLIK-2025-07-4120","8925000","0","CUST-CLIK-001"
"JE-CLIK-00056","CLIK","2025-07-28","2025-07","AR","3","4120","SERVICE","CLIK 4120 monthly revenue","REV-CLIK-2025-07-4120","0","12750000",""
"JE-CLIK-00057","CLIK","2025-08-28","2025-08","AR","1","1123","SERVICE","CLIK 4120 monthly revenue","REV-CLIK-2025-08-4120","3825000","0","CUST-CLIK-002"
"JE-CLIK-00057","CLIK","2025-08-28","2025-08","AR","2","1112","SERVICE","CLIK 4120 monthly revenue","REV-CLIK-2025-08-4120","8925000","0","CUST-CLIK-001"
"JE-CLIK-00057","CLIK","2025-08-28","2025-08","AR","3","4120","SERVICE","CLIK 4120 monthly revenue","REV-CLIK-2025-08-4120","0","12750000",""
"JE-CLIK-00058","CLIK","2025-09-28","2025-09","AR","1","1123","SERVICE","CLIK 4120 monthly revenue","REV-CLIK-2025-09-4120","4050000","0","CUST-CLIK-002"
"JE-CLIK-00058","CLIK","2025-09-28","2025-09","AR","2","1112","SERVICE","CLIK 4120 monthly revenue","REV-CLIK-2025-09-4120","9450000","0","CUST-CLIK-001"
"JE-CLIK-00058","CLIK","2025-09-28","2025-09","AR","3","4120","SERVICE","CLIK 4120 monthly revenue","REV-CLIK-2025-09-4120","0","13500000",""
"JE-CLIK-00059","CLIK","2025-10-28","2025-10","AR","1","1123","SERVICE","CLIK 4120 monthly revenue","REV-CLIK-2025-10-4120","4050000","0","CUST-CLIK-002"
"JE-CLIK-00059","CLIK","2025-10-28","2025-10","AR","2","1112","SERVICE","CLIK 4120 monthly revenue","REV-CLIK-2025-10-4120","9450000","0","CUST-CLIK-001"
"JE-CLIK-00059","CLIK","2025-10-28","2025-10","AR","3","4120","SERVICE","CLIK 4120 monthly revenue","REV-CLIK-2025-10-4120","0","13500000",""
"JE-CLIK-00060","CLIK","2025-11-28","2025-11","AR","1","1123","SERVICE","CLIK 4120 monthly revenue","REV-CLIK-2025-11-4120","4050000","0","CUST-CLIK-002"
"JE-CLIK-00060","CLIK","2025-11-28","2025-11","AR","2","1112","SERVICE","CLIK 4120 monthly revenue","REV-CLIK-2025-11-4120","9450000","0","CUST-CLIK-001"
"JE-CLIK-00060","CLIK","2025-11-28","2025-11","AR","3","4120","SERVICE","CLIK 4120 monthly revenue","REV-CLIK-2025-11-4120","0","13500000",""
"JE-CLIK-00061","CLIK","2025-12-28","2025-12","AR","1","1123","SERVICE","CLIK 4120 monthly revenue","REV-CLIK-2025-12-4120","4050000","0","CUST-CLIK-002"
"JE-CLIK-00061","CLIK","2025-12-28","2025-12","AR","2","1112","SERVICE","CLIK 4120 monthly revenue","REV-CLIK-2025-12-4120","9450000","0","CUST-CLIK-001"
"JE-CLIK-00061","CLIK","2025-12-28","2025-12","AR","3","4120","SERVICE","CLIK 4120 monthly revenue","REV-CLIK-2025-12-4120","0","13500000",""
"JE-CLIK-00062","CLIK","2025-01-28","2025-01","GL","1","5120","SERVICE","CLIK 5120 cost of services","COGS-CLIK-2025-01-5120","3960070","0",
"JE-CLIK-00062","CLIK","2025-01-28","2025-01","GL","2","1142","SERVICE","CLIK 5120 cost of services","COGS-CLIK-2025-01-5120","0","3960070",
"JE-CLIK-00063","CLIK","2025-02-28","2025-02","GL","1","5120","SERVICE","CLIK 5120 cost of services","COGS-CLIK-2025-02-5120","3696065","0",
"JE-CLIK-00063","CLIK","2025-02-28","2025-02","GL","2","1142","SERVICE","CLIK 5120 cost of services","COGS-CLIK-2025-02-5120","0","3696065",
"JE-CLIK-00064","CLIK","2025-03-28","2025-03","GL","1","5120","SERVICE","CLIK 5120 cost of services","COGS-CLIK-2025-03-5120","4488079","0",
"JE-CLIK-00064","CLIK","2025-03-28","2025-03","GL","2","1142","SERVICE","CLIK 5120 cost of services","COGS-CLIK-2025-03-5120","0","4488079",
"JE-CLIK-00065","CLIK","2025-04-28","2025-04","GL","1","5120","SERVICE","CLIK 5120 cost of services","COGS-CLIK-2025-04-5120","3960070","0",
"JE-CLIK-00065","CLIK","2025-04-28","2025-04","GL","2","1142","SERVICE","CLIK 5120 cost of services","COGS-CLIK-2025-04-5120","0","3960070",
"JE-CLIK-00066","CLIK","2025-05-28","2025-05","GL","1","5120","SERVICE","CLIK 5120 cost of services","COGS-CLIK-2025-05-5120","4224074","0",
"JE-CLIK-00066","CLIK","2025-05-28","2025-05","GL","2","1142","SERVICE","CLIK 5120 cost of services","COGS-CLIK-2025-05-5120","0","4224074",
"JE-CLIK-00067","CLIK","2025-06-28","2025-06","GL","1","5120","SERVICE","CLIK 5120 cost of services","COGS-CLIK-2025-06-5120","4488079","0",
"JE-CLIK-00067","CLIK","2025-06-28","2025-06","GL","2","1142","SERVICE","CLIK 5120 cost of services","COGS-CLIK-2025-06-5120","0","4488079",
"JE-CLIK-00068","CLIK","2025-07-28","2025-07","GL","1","5120","SERVICE","CLIK 5120 cost of services","COGS-CLIK-2025-07-5120","4488079","0",
"JE-CLIK-00068","CLIK","2025-07-28","2025-07","GL","2","1142","SERVICE","CLIK 5120 cost of services","COGS-CLIK-2025-07-5120","0","4488079",
"JE-CLIK-00069","CLIK","2025-08-28","2025-08","GL","1","5120","SERVICE","CLIK 5120 cost of services","COGS-CLIK-2025-08-5120","4488079","0",
"JE-CLIK-00069","CLIK","2025-08-28","2025-08","GL","2","1142","SERVICE","CLIK 5120 cost of services","COGS-CLIK-2025-08-5120","0","4488079",
"JE-CLIK-00070","CLIK","2025-09-28","2025-09","GL","1","5120","SERVICE","CLIK 5120 cost of services","COGS-CLIK-2025-09-5120","4752084","0",
"JE-CLIK-00070","CLIK","2025-09-28","2025-09","GL","2","1142","SERVICE","CLIK 5120 cost of services","COGS-CLIK-2025-09-5120","0","4752084",
"JE-CLIK-00071","CLIK","2025-10-28","2025-10","GL","1","5120","SERVICE","CLIK 5120 cost of services","COGS-CLIK-2025-10-5120","4752084","0",
"JE-CLIK-00071","CLIK","2025-10-28","2025-10","GL","2","1142","SERVICE","CLIK 5120 cost of services","COGS-CLIK-2025-10-5120","0","4752084",
"JE-CLIK-00072","CLIK","2025-11-28","2025-11","GL","1","5120","SERVICE","CLIK 5120 cost of services","COGS-CLIK-2025-11-5120","4752084","0",
"JE-CLIK-00072","CLIK","2025-11-28","2025-11","GL","2","1142","SERVICE","CLIK 5120 cost of services","COGS-CLIK-2025-11-5120","0","4752084",
"JE-CLIK-00073","CLIK","2025-12-28","2025-12","GL","1","5120","SERVICE","CLIK 5120 cost of services","COGS-CLIK-2025-12-5120","4752081","0",
"JE-CLIK-00073","CLIK","2025-12-28","2025-12","GL","2","1142","SERVICE","CLIK 5120 cost of services","COGS-CLIK-2025-12-5120","0","4752081",
"JE-CLIK-00074","CLIK","2025-01-28","2025-01","GL","1","5130","SERVICE","CLIK 5130 cost of services","COGS-CLIK-2025-01-5130","9000000","0",
"JE-CLIK-00074","CLIK","2025-01-28","2025-01","GL","2","2130","SERVICE","CLIK 5130 cost of services","COGS-CLIK-2025-01-5130","0","9000000",
"JE-CLIK-00075","CLIK","2025-02-28","2025-02","GL","1","5130","SERVICE","CLIK 5130 cost of services","COGS-CLIK-2025-02-5130","8400000","0",
"JE-CLIK-00075","CLIK","2025-02-28","2025-02","GL","2","2130","SERVICE","CLIK 5130 cost of services","COGS-CLIK-2025-02-5130","0","8400000",
"JE-CLIK-00076","CLIK","2025-03-28","2025-03","GL","1","5130","SERVICE","CLIK 5130 cost of services","COGS-CLIK-2025-03-5130","10200000","0",
"JE-CLIK-00076","CLIK","2025-03-28","2025-03","GL","2","2130","SERVICE","CLIK 5130 cost of services","COGS-CLIK-2025-03-5130","0","10200000",
"JE-CLIK-00077","CLIK","2025-04-28","2025-04","GL","1","5130","SERVICE","CLIK 5130 cost of services","COGS-CLIK-2025-04-5130","9000000","0",
"JE-CLIK-00077","CLIK","2025-04-28","2025-04","GL","2","2130","SERVICE","CLIK 5130 cost of services","COGS-CLIK-2025-04-5130","0","9000000",
"JE-CLIK-00078","CLIK","2025-05-28","2025-05","GL","1","5130","SERVICE","CLIK 5130 cost of services","COGS-CLIK-2025-05-5130","9600000","0",
"JE-CLIK-00078","CLIK","2025-05-28","2025-05","GL","2","2130","SERVICE","CLIK 5130 cost of services","COGS-CLIK-2025-05-5130","0","9600000",
"JE-CLIK-00079","CLIK","2025-06-28","2025-06","GL","1","5130","SERVICE","CLIK 5130 cost of services","COGS-CLIK-2025-06-5130","10200000","0",
"JE-CLIK-00079","CLIK","2025-06-28","2025-06","GL","2","2130","SERVICE","CLIK 5130 cost of services","COGS-CLIK-2025-06-5130","0","10200000",
"JE-CLIK-00080","CLIK","2025-07-28","2025-07","GL","1","5130","SERVICE","CLIK 5130 cost of services","COGS-CLIK-2025-07-5130","10200000","0",
"JE-CLIK-00080","CLIK","2025-07-28","2025-07","GL","2","2130","SERVICE","CLIK 5130 cost of services","COGS-CLIK-2025-07-5130","0","10200000",
"JE-CLIK-00081","CLIK","2025-08-28","2025-08","GL","1","5130","SERVICE","CLIK 5130 cost of services","COGS-CLIK-2025-08-5130","10200000","0",
"JE-CLIK-00081","CLIK","2025-08-28","2025-08","GL","2","2130","SERVICE","CLIK 5130 cost of services","COGS-CLIK-2025-08-5130","0","10200000",
"JE-CLIK-00082","CLIK","2025-09-28","2025-09","GL","1","5130","SERVICE","CLIK 5130 cost of services","COGS-CLIK-2025-09-5130","10800000","0",
"JE-CLIK-00082","CLIK","2025-09-28","2025-09","GL","2","2130","SERVICE","CLIK 5130 cost of services","COGS-CLIK-2025-09-5130","0","10800000",
"JE-CLIK-00083","CLIK","2025-10-28","2025-10","GL","1","5130","SERVICE","CLIK 5130 cost of services","COGS-CLIK-2025-10-5130","10800000","0",
"JE-CLIK-00083","CLIK","2025-10-28","2025-10","GL","2","2130","SERVICE","CLIK 5130 cost of services","COGS-CLIK-2025-10-5130","0","10800000",
"JE-CLIK-00084","CLIK","2025-11-28","2025-11","GL","1","5130","SERVICE","CLIK 5130 cost of services","COGS-CLIK-2025-11-5130","10800000","0",
"JE-CLIK-00084","CLIK","2025-11-28","2025-11","GL","2","2130","SERVICE","CLIK 5130 cost of services","COGS-CLIK-2025-11-5130","0","10800000",
"JE-CLIK-00085","CLIK","2025-12-28","2025-12","GL","1","5130","SERVICE","CLIK 5130 cost of services","COGS-CLIK-2025-12-5130","10800000","0",
"JE-CLIK-00085","CLIK","2025-12-28","2025-12","GL","2","2130","SERVICE","CLIK 5130 cost of services","COGS-CLIK-2025-12-5130","0","10800000",
"JE-CLIK-00086","CLIK","2025-01-22","2025-01","AP","1","1142","PARTS","CLIK parts purchase","PUR-CLIK-2025-01","4353044","0","VEND-CLIK-001"
"JE-CLIK-00086","CLIK","2025-01-22","2025-01","AP","2","2122","PARTS","CLIK parts purchase","PUR-CLIK-2025-01","0","4353044","VEND-CLIK-001"
"JE-CLIK-00087","CLIK","2025-02-22","2025-02","AP","1","1142","PARTS","CLIK parts purchase","PUR-CLIK-2025-02","4062841","0","VEND-CLIK-001"
"JE-CLIK-00087","CLIK","2025-02-22","2025-02","AP","2","2122","PARTS","CLIK parts purchase","PUR-CLIK-2025-02","0","4062841","VEND-CLIK-001"
"JE-CLIK-00088","CLIK","2025-03-22","2025-03","AP","1","1142","PARTS","CLIK parts purchase","PUR-CLIK-2025-03","4933450","0","VEND-CLIK-001"
"JE-CLIK-00088","CLIK","2025-03-22","2025-03","AP","2","2122","PARTS","CLIK parts purchase","PUR-CLIK-2025-03","0","4933450","VEND-CLIK-001"
"JE-CLIK-00089","CLIK","2025-04-22","2025-04","AP","1","1142","PARTS","CLIK parts purchase","PUR-CLIK-2025-04","4353044","0","VEND-CLIK-001"
"JE-CLIK-00089","CLIK","2025-04-22","2025-04","AP","2","2122","PARTS","CLIK parts purchase","PUR-CLIK-2025-04","0","4353044","VEND-CLIK-001"
"JE-CLIK-00090","CLIK","2025-05-22","2025-05","AP","1","1142","PARTS","CLIK parts purchase","PUR-CLIK-2025-05","4643247","0","VEND-CLIK-001"
"JE-CLIK-00090","CLIK","2025-05-22","2025-05","AP","2","2122","PARTS","CLIK parts purchase","PUR-CLIK-2025-05","0","4643247","VEND-CLIK-001"
"JE-CLIK-00091","CLIK","2025-06-22","2025-06","AP","1","1142","PARTS","CLIK parts purchase","PUR-CLIK-2025-06","4933450","0","VEND-CLIK-001"
"JE-CLIK-00091","CLIK","2025-06-22","2025-06","AP","2","2122","PARTS","CLIK parts purchase","PUR-CLIK-2025-06","0","4933450","VEND-CLIK-001"
"JE-CLIK-00092","CLIK","2025-07-22","2025-07","AP","1","1142","PARTS","CLIK parts purchase","PUR-CLIK-2025-07","4933450","0","VEND-CLIK-001"
"JE-CLIK-00092","CLIK","2025-07-22","2025-07","AP","2","2122","PARTS","CLIK parts purchase","PUR-CLIK-2025-07","0","4933450","VEND-CLIK-001"
"JE-CLIK-00093","CLIK","2025-08-22","2025-08","AP","1","1142","PARTS","CLIK parts purchase","PUR-CLIK-2025-08","4933450","0","VEND-CLIK-001"
"JE-CLIK-00093","CLIK","2025-08-22","2025-08","AP","2","2122","PARTS","CLIK parts purchase","PUR-CLIK-2025-08","0","4933450","VEND-CLIK-001"
"JE-CLIK-00094","CLIK","2025-09-22","2025-09","AP","1","1142","PARTS","CLIK parts purchase","PUR-CLIK-2025-09","5223653","0","VEND-CLIK-001"
"JE-CLIK-00094","CLIK","2025-09-22","2025-09","AP","2","2122","PARTS","CLIK parts purchase","PUR-CLIK-2025-09","0","5223653","VEND-CLIK-001"
"JE-CLIK-00095","CLIK","2025-10-22","2025-10","AP","1","1142","PARTS","CLIK parts purchase","PUR-CLIK-2025-10","5223653","0","VEND-CLIK-001"
"JE-CLIK-00095","CLIK","2025-10-22","2025-10","AP","2","2122","PARTS","CLIK parts purchase","PUR-CLIK-2025-10","0","5223653","VEND-CLIK-001"
"JE-CLIK-00096","CLIK","2025-11-22","2025-11","AP","1","1142","PARTS","CLIK parts purchase","PUR-CLIK-2025-11","5223653","0","VEND-CLIK-001"
"JE-CLIK-00096","CLIK","2025-11-22","2025-11","AP","2","2122","PARTS","CLIK parts purchase","PUR-CLIK-2025-11","0","5223653","VEND-CLIK-001"
"JE-CLIK-00097","CLIK","2025-12-22","2025-12","AP","1","1142","PARTS","CLIK parts purchase","PUR-CLIK-2025-12","5223650","0","VEND-CLIK-001"
"JE-CLIK-00097","CLIK","2025-12-22","2025-12","AP","2","2122","PARTS","CLIK parts purchase","PUR-CLIK-2025-12","0","5223650","VEND-CLIK-001"
"JE-CLIK-00098","CLIK","2025-01-28","2025-01","GL","1","5210","SERVICE","CLIK SGA 5210","OPEX-CLIK-2025-01-5210","581000","0",""
"JE-CLIK-00098","CLIK","2025-01-28","2025-01","GL","2","2130","SERVICE","CLIK SGA 5210","OPEX-CLIK-2025-01-5210","0","581000",""
"JE-CLIK-00099","CLIK","2025-02-28","2025-02","GL","1","5210","SERVICE","CLIK SGA 5210","OPEX-CLIK-2025-02-5210","581000","0",""
"JE-CLIK-00099","CLIK","2025-02-28","2025-02","GL","2","2130","SERVICE","CLIK SGA 5210","OPEX-CLIK-2025-02-5210","0","581000",""
"JE-CLIK-00100","CLIK","2025-03-28","2025-03","GL","1","5210","SERVICE","CLIK SGA 5210","OPEX-CLIK-2025-03-5210","581000","0",""
"JE-CLIK-00100","CLIK","2025-03-28","2025-03","GL","2","2130","SERVICE","CLIK SGA 5210","OPEX-CLIK-2025-03-5210","0","581000",""
"JE-CLIK-00101","CLIK","2025-04-28","2025-04","GL","1","5210","SERVICE","CLIK SGA 5210","OPEX-CLIK-2025-04-5210","581000","0",""
"JE-CLIK-00101","CLIK","2025-04-28","2025-04","GL","2","2130","SERVICE","CLIK SGA 5210","OPEX-CLIK-2025-04-5210","0","581000",""
"JE-CLIK-00102","CLIK","2025-05-28","2025-05","GL","1","5210","SERVICE","CLIK SGA 5210","OPEX-CLIK-2025-05-5210","581000","0",""
"JE-CLIK-00102","CLIK","2025-05-28","2025-05","GL","2","2130","SERVICE","CLIK SGA 5210","OPEX-CLIK-2025-05-5210","0","581000",""
"JE-CLIK-00103","CLIK","2025-06-28","2025-06","GL","1","5210","SERVICE","CLIK SGA 5210","OPEX-CLIK-2025-06-5210","581000","0",""
"JE-CLIK-00103","CLIK","2025-06-28","2025-06","GL","2","2130","SERVICE","CLIK SGA 5210","OPEX-CLIK-2025-06-5210","0","581000",""
"JE-CLIK-00104","CLIK","2025-07-28","2025-07","GL","1","5210","SERVICE","CLIK SGA 5210","OPEX-CLIK-2025-07-5210","581000","0",""
"JE-CLIK-00104","CLIK","2025-07-28","2025-07","GL","2","2130","SERVICE","CLIK SGA 5210","OPEX-CLIK-2025-07-5210","0","581000",""
"JE-CLIK-00105","CLIK","2025-08-28","2025-08","GL","1","5210","SERVICE","CLIK SGA 5210","OPEX-CLIK-2025-08-5210","581000","0",""
"JE-CLIK-00105","CLIK","2025-08-28","2025-08","GL","2","2130","SERVICE","CLIK SGA 5210","OPEX-CLIK-2025-08-5210","0","581000",""
"JE-CLIK-00106","CLIK","2025-09-28","2025-09","GL","1","5210","SERVICE","CLIK SGA 5210","OPEX-CLIK-2025-09-5210","588000","0",""
"JE-CLIK-00106","CLIK","2025-09-28","2025-09","GL","2","2130","SERVICE","CLIK SGA 5210","OPEX-CLIK-2025-09-5210","0","588000",""
"JE-CLIK-00107","CLIK","2025-10-28","2025-10","GL","1","5210","SERVICE","CLIK SGA 5210","OPEX-CLIK-2025-10-5210","588000","0",""
"JE-CLIK-00107","CLIK","2025-10-28","2025-10","GL","2","2130","SERVICE","CLIK SGA 5210","OPEX-CLIK-2025-10-5210","0","588000",""
"JE-CLIK-00108","CLIK","2025-11-28","2025-11","GL","1","5210","SERVICE","CLIK SGA 5210","OPEX-CLIK-2025-11-5210","588000","0",""
"JE-CLIK-00108","CLIK","2025-11-28","2025-11","GL","2","2130","SERVICE","CLIK SGA 5210","OPEX-CLIK-2025-11-5210","0","588000",""
"JE-CLIK-00109","CLIK","2025-12-28","2025-12","GL","1","5210","SERVICE","CLIK SGA 5210","OPEX-CLIK-2025-12-5210","588000","0",""
"JE-CLIK-00109","CLIK","2025-12-28","2025-12","GL","2","2130","SERVICE","CLIK SGA 5210","OPEX-CLIK-2025-12-5210","0","588000",""
"JE-CLIK-00110","CLIK","2025-01-28","2025-01","GL","1","5411","ADMIN","CLIK SGA 5411","OPEX-CLIK-2025-01-5411","2075000","0",""
"JE-CLIK-00110","CLIK","2025-01-28","2025-01","GL","2","1112","ADMIN","CLIK SGA 5411","OPEX-CLIK-2025-01-5411","0","2075000",""
"JE-CLIK-00111","CLIK","2025-02-28","2025-02","GL","1","5411","ADMIN","CLIK SGA 5411","OPEX-CLIK-2025-02-5411","2075000","0",""
"JE-CLIK-00111","CLIK","2025-02-28","2025-02","GL","2","1112","ADMIN","CLIK SGA 5411","OPEX-CLIK-2025-02-5411","0","2075000",""
"JE-CLIK-00112","CLIK","2025-03-28","2025-03","GL","1","5411","ADMIN","CLIK SGA 5411","OPEX-CLIK-2025-03-5411","2075000","0",""
"JE-CLIK-00112","CLIK","2025-03-28","2025-03","GL","2","1112","ADMIN","CLIK SGA 5411","OPEX-CLIK-2025-03-5411","0","2075000",""
"JE-CLIK-00113","CLIK","2025-04-28","2025-04","GL","1","5411","ADMIN","CLIK SGA 5411","OPEX-CLIK-2025-04-5411","2075000","0",""
"JE-CLIK-00113","CLIK","2025-04-28","2025-04","GL","2","1112","ADMIN","CLIK SGA 5411","OPEX-CLIK-2025-04-5411","0","2075000",""
"JE-CLIK-00114","CLIK","2025-05-28","2025-05","GL","1","5411","ADMIN","CLIK SGA 5411","OPEX-CLIK-2025-05-5411","2075000","0",""
"JE-CLIK-00114","CLIK","2025-05-28","2025-05","GL","2","1112","ADMIN","CLIK SGA 5411","OPEX-CLIK-2025-05-5411","0","2075000",""
"JE-CLIK-00115","CLIK","2025-06-28","2025-06","GL","1","5411","ADMIN","CLIK SGA 5411","OPEX-CLIK-2025-06-5411","2075000","0",""
"JE-CLIK-00115","CLIK","2025-06-28","2025-06","GL","2","1112","ADMIN","CLIK SGA 5411","OPEX-CLIK-2025-06-5411","0","2075000",""
"JE-CLIK-00116","CLIK","2025-07-28","2025-07","GL","1","5411","ADMIN","CLIK SGA 5411","OPEX-CLIK-2025-07-5411","2075000","0",""
"JE-CLIK-00116","CLIK","2025-07-28","2025-07","GL","2","1112","ADMIN","CLIK SGA 5411","OPEX-CLIK-2025-07-5411","0","2075000",""
"JE-CLIK-00117","CLIK","2025-08-28","2025-08","GL","1","5411","ADMIN","CLIK SGA 5411","OPEX-CLIK-2025-08-5411","2075000","0",""
"JE-CLIK-00117","CLIK","2025-08-28","2025-08","GL","2","1112","ADMIN","CLIK SGA 5411","OPEX-CLIK-2025-08-5411","0","2075000",""
"JE-CLIK-00118","CLIK","2025-09-28","2025-09","GL","1","5411","ADMIN","CLIK SGA 5411","OPEX-CLIK-2025-09-5411","2100000","0",""
"JE-CLIK-00118","CLIK","2025-09-28","2025-09","GL","2","1112","ADMIN","CLIK SGA 5411","OPEX-CLIK-2025-09-5411","0","2100000",""
"JE-CLIK-00119","CLIK","2025-10-28","2025-10","GL","1","5411","ADMIN","CLIK SGA 5411","OPEX-CLIK-2025-10-5411","2100000","0",""
"JE-CLIK-00119","CLIK","2025-10-28","2025-10","GL","2","1112","ADMIN","CLIK SGA 5411","OPEX-CLIK-2025-10-5411","0","2100000",""
"JE-CLIK-00120","CLIK","2025-11-28","2025-11","GL","1","5411","ADMIN","CLIK SGA 5411","OPEX-CLIK-2025-11-5411","2100000","0",""
"JE-CLIK-00120","CLIK","2025-11-28","2025-11","GL","2","1112","ADMIN","CLIK SGA 5411","OPEX-CLIK-2025-11-5411","0","2100000",""
"JE-CLIK-00121","CLIK","2025-12-28","2025-12","GL","1","5411","ADMIN","CLIK SGA 5411","OPEX-CLIK-2025-12-5411","2100000","0",""
"JE-CLIK-00121","CLIK","2025-12-28","2025-12","GL","2","1112","ADMIN","CLIK SGA 5411","OPEX-CLIK-2025-12-5411","0","2100000",""
"JE-CLIK-00122","CLIK","2025-01-28","2025-01","GL","1","5414","ADMIN","CLIK SGA 5414","OPEX-CLIK-2025-01-5414","346500","0",""
"JE-CLIK-00122","CLIK","2025-01-28","2025-01","GL","2","1319","ADMIN","CLIK SGA 5414","OPEX-CLIK-2025-01-5414","0","346500",""
"JE-CLIK-00123","CLIK","2025-02-28","2025-02","GL","1","5414","ADMIN","CLIK SGA 5414","OPEX-CLIK-2025-02-5414","346500","0",""
"JE-CLIK-00123","CLIK","2025-02-28","2025-02","GL","2","1319","ADMIN","CLIK SGA 5414","OPEX-CLIK-2025-02-5414","0","346500",""
"JE-CLIK-00124","CLIK","2025-03-28","2025-03","GL","1","5414","ADMIN","CLIK SGA 5414","OPEX-CLIK-2025-03-5414","346500","0",""
"JE-CLIK-00124","CLIK","2025-03-28","2025-03","GL","2","1319","ADMIN","CLIK SGA 5414","OPEX-CLIK-2025-03-5414","0","346500",""
"JE-CLIK-00125","CLIK","2025-04-28","2025-04","GL","1","5414","ADMIN","CLIK SGA 5414","OPEX-CLIK-2025-04-5414","346500","0",""
"JE-CLIK-00125","CLIK","2025-04-28","2025-04","GL","2","1319","ADMIN","CLIK SGA 5414","OPEX-CLIK-2025-04-5414","0","346500",""
"JE-CLIK-00126","CLIK","2025-05-28","2025-05","GL","1","5414","ADMIN","CLIK SGA 5414","OPEX-CLIK-2025-05-5414","346500","0",""
"JE-CLIK-00126","CLIK","2025-05-28","2025-05","GL","2","1319","ADMIN","CLIK SGA 5414","OPEX-CLIK-2025-05-5414","0","346500",""
"JE-CLIK-00127","CLIK","2025-06-28","2025-06","GL","1","5414","ADMIN","CLIK SGA 5414","OPEX-CLIK-2025-06-5414","346500","0",""
"JE-CLIK-00127","CLIK","2025-06-28","2025-06","GL","2","1319","ADMIN","CLIK SGA 5414","OPEX-CLIK-2025-06-5414","0","346500",""
"JE-CLIK-00128","CLIK","2025-07-28","2025-07","GL","1","5414","ADMIN","CLIK SGA 5414","OPEX-CLIK-2025-07-5414","346500","0",""
"JE-CLIK-00128","CLIK","2025-07-28","2025-07","GL","2","1319","ADMIN","CLIK SGA 5414","OPEX-CLIK-2025-07-5414","0","346500",""
"JE-CLIK-00129","CLIK","2025-08-28","2025-08","GL","1","5414","ADMIN","CLIK SGA 5414","OPEX-CLIK-2025-08-5414","346500","0",""
"JE-CLIK-00129","CLIK","2025-08-28","2025-08","GL","2","1319","ADMIN","CLIK SGA 5414","OPEX-CLIK-2025-08-5414","0","346500",""
"JE-CLIK-00130","CLIK","2025-09-28","2025-09","GL","1","5414","ADMIN","CLIK SGA 5414","OPEX-CLIK-2025-09-5414","350675","0",""
"JE-CLIK-00130","CLIK","2025-09-28","2025-09","GL","2","1319","ADMIN","CLIK SGA 5414","OPEX-CLIK-2025-09-5414","0","350675",""
"JE-CLIK-00131","CLIK","2025-10-28","2025-10","GL","1","5414","ADMIN","CLIK SGA 5414","OPEX-CLIK-2025-10-5414","350675","0",""
"JE-CLIK-00131","CLIK","2025-10-28","2025-10","GL","2","1319","ADMIN","CLIK SGA 5414","OPEX-CLIK-2025-10-5414","0","350675",""
"JE-CLIK-00132","CLIK","2025-11-28","2025-11","GL","1","5414","ADMIN","CLIK SGA 5414","OPEX-CLIK-2025-11-5414","350675","0",""
"JE-CLIK-00132","CLIK","2025-11-28","2025-11","GL","2","1319","ADMIN","CLIK SGA 5414","OPEX-CLIK-2025-11-5414","0","350675",""
"JE-CLIK-00133","CLIK","2025-12-28","2025-12","GL","1","5414","ADMIN","CLIK SGA 5414","OPEX-CLIK-2025-12-5414","350678","0",""
"JE-CLIK-00133","CLIK","2025-12-28","2025-12","GL","2","1319","ADMIN","CLIK SGA 5414","OPEX-CLIK-2025-12-5414","0","350678",""
"JE-CLIK-00134","CLIK","2025-01-28","2025-01","GL","1","5135","ADMIN","CLIK SGA 5135","OPEX-CLIK-2025-01-5135","838061","0","VEND-CLIK-099"
"JE-CLIK-00134","CLIK","2025-01-28","2025-01","GL","2","2125","ADMIN","CLIK SGA 5135","OPEX-CLIK-2025-01-5135","0","838061","VEND-CLIK-099"
"JE-CLIK-00135","CLIK","2025-02-28","2025-02","GL","1","5135","ADMIN","CLIK SGA 5135","OPEX-CLIK-2025-02-5135","838061","0","VEND-CLIK-099"
"JE-CLIK-00135","CLIK","2025-02-28","2025-02","GL","2","2125","ADMIN","CLIK SGA 5135","OPEX-CLIK-2025-02-5135","0","838061","VEND-CLIK-099"
"JE-CLIK-00136","CLIK","2025-03-28","2025-03","GL","1","5135","ADMIN","CLIK SGA 5135","OPEX-CLIK-2025-03-5135","838061","0","VEND-CLIK-099"
"JE-CLIK-00136","CLIK","2025-03-28","2025-03","GL","2","2125","ADMIN","CLIK SGA 5135","OPEX-CLIK-2025-03-5135","0","838061","VEND-CLIK-099"
"JE-CLIK-00137","CLIK","2025-04-28","2025-04","GL","1","5135","ADMIN","CLIK SGA 5135","OPEX-CLIK-2025-04-5135","838061","0","VEND-CLIK-099"
"JE-CLIK-00137","CLIK","2025-04-28","2025-04","GL","2","2125","ADMIN","CLIK SGA 5135","OPEX-CLIK-2025-04-5135","0","838061","VEND-CLIK-099"
"JE-CLIK-00138","CLIK","2025-05-28","2025-05","GL","1","5135","ADMIN","CLIK SGA 5135","OPEX-CLIK-2025-05-5135","838061","0","VEND-CLIK-099"
"JE-CLIK-00138","CLIK","2025-05-28","2025-05","GL","2","2125","ADMIN","CLIK SGA 5135","OPEX-CLIK-2025-05-5135","0","838061","VEND-CLIK-099"
"JE-CLIK-00139","CLIK","2025-06-28","2025-06","GL","1","5135","ADMIN","CLIK SGA 5135","OPEX-CLIK-2025-06-5135","838061","0","VEND-CLIK-099"
"JE-CLIK-00139","CLIK","2025-06-28","2025-06","GL","2","2125","ADMIN","CLIK SGA 5135","OPEX-CLIK-2025-06-5135","0","838061","VEND-CLIK-099"
"JE-CLIK-00140","CLIK","2025-07-28","2025-07","GL","1","5135","ADMIN","CLIK SGA 5135","OPEX-CLIK-2025-07-5135","838061","0","VEND-CLIK-099"
"JE-CLIK-00140","CLIK","2025-07-28","2025-07","GL","2","2125","ADMIN","CLIK SGA 5135","OPEX-CLIK-2025-07-5135","0","838061","VEND-CLIK-099"
"JE-CLIK-00141","CLIK","2025-08-28","2025-08","GL","1","5135","ADMIN","CLIK SGA 5135","OPEX-CLIK-2025-08-5135","838061","0","VEND-CLIK-099"
"JE-CLIK-00141","CLIK","2025-08-28","2025-08","GL","2","2125","ADMIN","CLIK SGA 5135","OPEX-CLIK-2025-08-5135","0","838061","VEND-CLIK-099"
"JE-CLIK-00142","CLIK","2025-09-28","2025-09","GL","1","5135","ADMIN","CLIK SGA 5135","OPEX-CLIK-2025-09-5135","848158","0","VEND-CLIK-099"
"JE-CLIK-00142","CLIK","2025-09-28","2025-09","GL","2","2125","ADMIN","CLIK SGA 5135","OPEX-CLIK-2025-09-5135","0","848158","VEND-CLIK-099"
"JE-CLIK-00143","CLIK","2025-10-28","2025-10","GL","1","5135","ADMIN","CLIK SGA 5135","OPEX-CLIK-2025-10-5135","848158","0","VEND-CLIK-099"
"JE-CLIK-00143","CLIK","2025-10-28","2025-10","GL","2","2125","ADMIN","CLIK SGA 5135","OPEX-CLIK-2025-10-5135","0","848158","VEND-CLIK-099"
"JE-CLIK-00144","CLIK","2025-11-28","2025-11","GL","1","5135","ADMIN","CLIK SGA 5135","OPEX-CLIK-2025-11-5135","848158","0","VEND-CLIK-099"
"JE-CLIK-00144","CLIK","2025-11-28","2025-11","GL","2","2125","ADMIN","CLIK SGA 5135","OPEX-CLIK-2025-11-5135","0","848158","VEND-CLIK-099"
"JE-CLIK-00145","CLIK","2025-12-28","2025-12","GL","1","5135","ADMIN","CLIK SGA 5135","OPEX-CLIK-2025-12-5135","848157","0","VEND-CLIK-099"
"JE-CLIK-00145","CLIK","2025-12-28","2025-12","GL","2","2125","ADMIN","CLIK SGA 5135","OPEX-CLIK-2025-12-5135","0","848157","VEND-CLIK-099"
"JE-CLIK-00146","CLIK","2025-01-28","2025-01","GL","1","5415","ADMIN","CLIK SGA 5415","OPEX-CLIK-2025-01-5415","34166","0",""
"JE-CLIK-00146","CLIK","2025-01-28","2025-01","GL","2","1325","ADMIN","CLIK SGA 5415","OPEX-CLIK-2025-01-5415","0","34166",""
"JE-CLIK-00147","CLIK","2025-02-28","2025-02","GL","1","5415","ADMIN","CLIK SGA 5415","OPEX-CLIK-2025-02-5415","34166","0",""
"JE-CLIK-00147","CLIK","2025-02-28","2025-02","GL","2","1325","ADMIN","CLIK SGA 5415","OPEX-CLIK-2025-02-5415","0","34166",""
"JE-CLIK-00148","CLIK","2025-03-28","2025-03","GL","1","5415","ADMIN","CLIK SGA 5415","OPEX-CLIK-2025-03-5415","34166","0",""
"JE-CLIK-00148","CLIK","2025-03-28","2025-03","GL","2","1325","ADMIN","CLIK SGA 5415","OPEX-CLIK-2025-03-5415","0","34166",""
"JE-CLIK-00149","CLIK","2025-04-28","2025-04","GL","1","5415","ADMIN","CLIK SGA 5415","OPEX-CLIK-2025-04-5415","34166","0",""
"JE-CLIK-00149","CLIK","2025-04-28","2025-04","GL","2","1325","ADMIN","CLIK SGA 5415","OPEX-CLIK-2025-04-5415","0","34166",""
"JE-CLIK-00150","CLIK","2025-05-28","2025-05","GL","1","5415","ADMIN","CLIK SGA 5415","OPEX-CLIK-2025-05-5415","34166","0",""
"JE-CLIK-00150","CLIK","2025-05-28","2025-05","GL","2","1325","ADMIN","CLIK SGA 5415","OPEX-CLIK-2025-05-5415","0","34166",""
"JE-CLIK-00151","CLIK","2025-06-28","2025-06","GL","1","5415","ADMIN","CLIK SGA 5415","OPEX-CLIK-2025-06-5415","34166","0",""
"JE-CLIK-00151","CLIK","2025-06-28","2025-06","GL","2","1325","ADMIN","CLIK SGA 5415","OPEX-CLIK-2025-06-5415","0","34166",""
"JE-CLIK-00152","CLIK","2025-07-28","2025-07","GL","1","5415","ADMIN","CLIK SGA 5415","OPEX-CLIK-2025-07-5415","34166","0",""
"JE-CLIK-00152","CLIK","2025-07-28","2025-07","GL","2","1325","ADMIN","CLIK SGA 5415","OPEX-CLIK-2025-07-5415","0","34166",""
"JE-CLIK-00153","CLIK","2025-08-28","2025-08","GL","1","5415","ADMIN","CLIK SGA 5415","OPEX-CLIK-2025-08-5415","34166","0",""
"JE-CLIK-00153","CLIK","2025-08-28","2025-08","GL","2","1325","ADMIN","CLIK SGA 5415","OPEX-CLIK-2025-08-5415","0","34166",""
"JE-CLIK-00154","CLIK","2025-09-28","2025-09","GL","1","5415","ADMIN","CLIK SGA 5415","OPEX-CLIK-2025-09-5415","34577","0",""
"JE-CLIK-00154","CLIK","2025-09-28","2025-09","GL","2","1325","ADMIN","CLIK SGA 5415","OPEX-CLIK-2025-09-5415","0","34577",""
"JE-CLIK-00155","CLIK","2025-10-28","2025-10","GL","1","5415","ADMIN","CLIK SGA 5415","OPEX-CLIK-2025-10-5415","34577","0",""
"JE-CLIK-00155","CLIK","2025-10-28","2025-10","GL","2","1325","ADMIN","CLIK SGA 5415","OPEX-CLIK-2025-10-5415","0","34577",""
"JE-CLIK-00156","CLIK","2025-11-28","2025-11","GL","1","5415","ADMIN","CLIK SGA 5415","OPEX-CLIK-2025-11-5415","34577","0",""
"JE-CLIK-00156","CLIK","2025-11-28","2025-11","GL","2","1325","ADMIN","CLIK SGA 5415","OPEX-CLIK-2025-11-5415","0","34577",""
"JE-CLIK-00157","CLIK","2025-12-28","2025-12","GL","1","5415","ADMIN","CLIK SGA 5415","OPEX-CLIK-2025-12-5415","34574","0",""
"JE-CLIK-00157","CLIK","2025-12-28","2025-12","GL","2","1325","ADMIN","CLIK SGA 5415","OPEX-CLIK-2025-12-5415","0","34574",""
"JE-CLIK-00158","CLIK","2025-01-28","2025-01","GL","1","5418","ADMIN","CLIK SGA 5418","OPEX-CLIK-2025-01-5418","83000","0",""
"JE-CLIK-00158","CLIK","2025-01-28","2025-01","GL","2","2130","ADMIN","CLIK SGA 5418","OPEX-CLIK-2025-01-5418","0","83000",""
"JE-CLIK-00159","CLIK","2025-02-28","2025-02","GL","1","5418","ADMIN","CLIK SGA 5418","OPEX-CLIK-2025-02-5418","83000","0",""
"JE-CLIK-00159","CLIK","2025-02-28","2025-02","GL","2","2130","ADMIN","CLIK SGA 5418","OPEX-CLIK-2025-02-5418","0","83000",""
"JE-CLIK-00160","CLIK","2025-03-28","2025-03","GL","1","5418","ADMIN","CLIK SGA 5418","OPEX-CLIK-2025-03-5418","83000","0",""
"JE-CLIK-00160","CLIK","2025-03-28","2025-03","GL","2","2130","ADMIN","CLIK SGA 5418","OPEX-CLIK-2025-03-5418","0","83000",""
"JE-CLIK-00161","CLIK","2025-04-28","2025-04","GL","1","5418","ADMIN","CLIK SGA 5418","OPEX-CLIK-2025-04-5418","83000","0",""
"JE-CLIK-00161","CLIK","2025-04-28","2025-04","GL","2","2130","ADMIN","CLIK SGA 5418","OPEX-CLIK-2025-04-5418","0","83000",""
"JE-CLIK-00162","CLIK","2025-05-28","2025-05","GL","1","5418","ADMIN","CLIK SGA 5418","OPEX-CLIK-2025-05-5418","83000","0",""
"JE-CLIK-00162","CLIK","2025-05-28","2025-05","GL","2","2130","ADMIN","CLIK SGA 5418","OPEX-CLIK-2025-05-5418","0","83000",""
"JE-CLIK-00163","CLIK","2025-06-28","2025-06","GL","1","5418","ADMIN","CLIK SGA 5418","OPEX-CLIK-2025-06-5418","83000","0",""
"JE-CLIK-00163","CLIK","2025-06-28","2025-06","GL","2","2130","ADMIN","CLIK SGA 5418","OPEX-CLIK-2025-06-5418","0","83000",""
"JE-CLIK-00164","CLIK","2025-07-28","2025-07","GL","1","5418","ADMIN","CLIK SGA 5418","OPEX-CLIK-2025-07-5418","83000","0",""
"JE-CLIK-00164","CLIK","2025-07-28","2025-07","GL","2","2130","ADMIN","CLIK SGA 5418","OPEX-CLIK-2025-07-5418","0","83000",""
"JE-CLIK-00165","CLIK","2025-08-28","2025-08","GL","1","5418","ADMIN","CLIK SGA 5418","OPEX-CLIK-2025-08-5418","83000","0",""
"JE-CLIK-00165","CLIK","2025-08-28","2025-08","GL","2","2130","ADMIN","CLIK SGA 5418","OPEX-CLIK-2025-08-5418","0","83000",""
"JE-CLIK-00166","CLIK","2025-09-28","2025-09","GL","1","5418","ADMIN","CLIK SGA 5418","OPEX-CLIK-2025-09-5418","84000","0",""
"JE-CLIK-00166","CLIK","2025-09-28","2025-09","GL","2","2130","ADMIN","CLIK SGA 5418","OPEX-CLIK-2025-09-5418","0","84000",""
"JE-CLIK-00167","CLIK","2025-10-28","2025-10","GL","1","5418","ADMIN","CLIK SGA 5418","OPEX-CLIK-2025-10-5418","84000","0",""
"JE-CLIK-00167","CLIK","2025-10-28","2025-10","GL","2","2130","ADMIN","CLIK SGA 5418","OPEX-CLIK-2025-10-5418","0","84000",""
"JE-CLIK-00168","CLIK","2025-11-28","2025-11","GL","1","5418","ADMIN","CLIK SGA 5418","OPEX-CLIK-2025-11-5418","84000","0",""
"JE-CLIK-00168","CLIK","2025-11-28","2025-11","GL","2","2130","ADMIN","CLIK SGA 5418","OPEX-CLIK-2025-11-5418","0","84000",""
"JE-CLIK-00169","CLIK","2025-12-28","2025-12","GL","1","5418","ADMIN","CLIK SGA 5418","OPEX-CLIK-2025-12-5418","84000","0",""
"JE-CLIK-00169","CLIK","2025-12-28","2025-12","GL","2","2130","ADMIN","CLIK SGA 5418","OPEX-CLIK-2025-12-5418","0","84000",""
"JE-CLIK-00170","CLIK","2025-01-28","2025-01","GL","1","5417","ADMIN","CLIK SGA 5417","OPEX-CLIK-2025-01-5417","93363","0",""
"JE-CLIK-00170","CLIK","2025-01-28","2025-01","GL","2","1335","ADMIN","CLIK SGA 5417","OPEX-CLIK-2025-01-5417","0","93363",""
"JE-CLIK-00171","CLIK","2025-02-28","2025-02","GL","1","5417","ADMIN","CLIK SGA 5417","OPEX-CLIK-2025-02-5417","93363","0",""
"JE-CLIK-00171","CLIK","2025-02-28","2025-02","GL","2","1335","ADMIN","CLIK SGA 5417","OPEX-CLIK-2025-02-5417","0","93363",""
"JE-CLIK-00172","CLIK","2025-03-28","2025-03","GL","1","5417","ADMIN","CLIK SGA 5417","OPEX-CLIK-2025-03-5417","93363","0",""
"JE-CLIK-00172","CLIK","2025-03-28","2025-03","GL","2","1335","ADMIN","CLIK SGA 5417","OPEX-CLIK-2025-03-5417","0","93363",""
"JE-CLIK-00173","CLIK","2025-04-28","2025-04","GL","1","5417","ADMIN","CLIK SGA 5417","OPEX-CLIK-2025-04-5417","93363","0",""
"JE-CLIK-00173","CLIK","2025-04-28","2025-04","GL","2","1335","ADMIN","CLIK SGA 5417","OPEX-CLIK-2025-04-5417","0","93363",""
"JE-CLIK-00174","CLIK","2025-05-28","2025-05","GL","1","5417","ADMIN","CLIK SGA 5417","OPEX-CLIK-2025-05-5417","93363","0",""
"JE-CLIK-00174","CLIK","2025-05-28","2025-05","GL","2","1335","ADMIN","CLIK SGA 5417","OPEX-CLIK-2025-05-5417","0","93363",""
"JE-CLIK-00175","CLIK","2025-06-28","2025-06","GL","1","5417","ADMIN","CLIK SGA 5417","OPEX-CLIK-2025-06-5417","93363","0",""
"JE-CLIK-00175","CLIK","2025-06-28","2025-06","GL","2","1335","ADMIN","CLIK SGA 5417","OPEX-CLIK-2025-06-5417","0","93363",""
"JE-CLIK-00176","CLIK","2025-07-28","2025-07","GL","1","5417","ADMIN","CLIK SGA 5417","OPEX-CLIK-2025-07-5417","93363","0",""
"JE-CLIK-00176","CLIK","2025-07-28","2025-07","GL","2","1335","ADMIN","CLIK SGA 5417","OPEX-CLIK-2025-07-5417","0","93363",""
"JE-CLIK-00177","CLIK","2025-08-28","2025-08","GL","1","5417","ADMIN","CLIK SGA 5417","OPEX-CLIK-2025-08-5417","93363","0",""
"JE-CLIK-00177","CLIK","2025-08-28","2025-08","GL","2","1335","ADMIN","CLIK SGA 5417","OPEX-CLIK-2025-08-5417","0","93363",""
"JE-CLIK-00178","CLIK","2025-09-28","2025-09","GL","1","5417","ADMIN","CLIK SGA 5417","OPEX-CLIK-2025-09-5417","94488","0",""
"JE-CLIK-00178","CLIK","2025-09-28","2025-09","GL","2","1335","ADMIN","CLIK SGA 5417","OPEX-CLIK-2025-09-5417","0","94488",""
"JE-CLIK-00179","CLIK","2025-10-28","2025-10","GL","1","5417","ADMIN","CLIK SGA 5417","OPEX-CLIK-2025-10-5417","94488","0",""
"JE-CLIK-00179","CLIK","2025-10-28","2025-10","GL","2","1335","ADMIN","CLIK SGA 5417","OPEX-CLIK-2025-10-5417","0","94488",""
"JE-CLIK-00180","CLIK","2025-11-28","2025-11","GL","1","5417","ADMIN","CLIK SGA 5417","OPEX-CLIK-2025-11-5417","94488","0",""
"JE-CLIK-00180","CLIK","2025-11-28","2025-11","GL","2","1335","ADMIN","CLIK SGA 5417","OPEX-CLIK-2025-11-5417","0","94488",""
"JE-CLIK-00181","CLIK","2025-12-28","2025-12","GL","1","5417","ADMIN","CLIK SGA 5417","OPEX-CLIK-2025-12-5417","94493","0",""
"JE-CLIK-00181","CLIK","2025-12-28","2025-12","GL","2","1335","ADMIN","CLIK SGA 5417","OPEX-CLIK-2025-12-5417","0","94493",""
"JE-CLIK-00182","CLIK","2025-01-28","2025-01","GL","1","5419","ADMIN","CLIK SGA 5419","OPEX-CLIK-2025-01-5419","249000","0",""
"JE-CLIK-00182","CLIK","2025-01-28","2025-01","GL","2","2130","ADMIN","CLIK SGA 5419","OPEX-CLIK-2025-01-5419","0","249000",""
"JE-CLIK-00183","CLIK","2025-02-28","2025-02","GL","1","5419","ADMIN","CLIK SGA 5419","OPEX-CLIK-2025-02-5419","249000","0",""
"JE-CLIK-00183","CLIK","2025-02-28","2025-02","GL","2","2130","ADMIN","CLIK SGA 5419","OPEX-CLIK-2025-02-5419","0","249000",""
"JE-CLIK-00184","CLIK","2025-03-28","2025-03","GL","1","5419","ADMIN","CLIK SGA 5419","OPEX-CLIK-2025-03-5419","249000","0",""
"JE-CLIK-00184","CLIK","2025-03-28","2025-03","GL","2","2130","ADMIN","CLIK SGA 5419","OPEX-CLIK-2025-03-5419","0","249000",""
"JE-CLIK-00185","CLIK","2025-04-28","2025-04","GL","1","5419","ADMIN","CLIK SGA 5419","OPEX-CLIK-2025-04-5419","249000","0",""
"JE-CLIK-00185","CLIK","2025-04-28","2025-04","GL","2","2130","ADMIN","CLIK SGA 5419","OPEX-CLIK-2025-04-5419","0","249000",""
"JE-CLIK-00186","CLIK","2025-05-28","2025-05","GL","1","5419","ADMIN","CLIK SGA 5419","OPEX-CLIK-2025-05-5419","249000","0",""
"JE-CLIK-00186","CLIK","2025-05-28","2025-05","GL","2","2130","ADMIN","CLIK SGA 5419","OPEX-CLIK-2025-05-5419","0","249000",""
"JE-CLIK-00187","CLIK","2025-06-28","2025-06","GL","1","5419","ADMIN","CLIK SGA 5419","OPEX-CLIK-2025-06-5419","249000","0",""
"JE-CLIK-00187","CLIK","2025-06-28","2025-06","GL","2","2130","ADMIN","CLIK SGA 5419","OPEX-CLIK-2025-06-5419","0","249000",""
"JE-CLIK-00188","CLIK","2025-07-28","2025-07","GL","1","5419","ADMIN","CLIK SGA 5419","OPEX-CLIK-2025-07-5419","249000","0",""
"JE-CLIK-00188","CLIK","2025-07-28","2025-07","GL","2","2130","ADMIN","CLIK SGA 5419","OPEX-CLIK-2025-07-5419","0","249000",""
"JE-CLIK-00189","CLIK","2025-08-28","2025-08","GL","1","5419","ADMIN","CLIK SGA 5419","OPEX-CLIK-2025-08-5419","249000","0",""
"JE-CLIK-00189","CLIK","2025-08-28","2025-08","GL","2","2130","ADMIN","CLIK SGA 5419","OPEX-CLIK-2025-08-5419","0","249000",""
"JE-CLIK-00190","CLIK","2025-09-28","2025-09","GL","1","5419","ADMIN","CLIK SGA 5419","OPEX-CLIK-2025-09-5419","252000","0",""
"JE-CLIK-00190","CLIK","2025-09-28","2025-09","GL","2","2130","ADMIN","CLIK SGA 5419","OPEX-CLIK-2025-09-5419","0","252000",""
"JE-CLIK-00191","CLIK","2025-10-28","2025-10","GL","1","5419","ADMIN","CLIK SGA 5419","OPEX-CLIK-2025-10-5419","252000","0",""
"JE-CLIK-00191","CLIK","2025-10-28","2025-10","GL","2","2130","ADMIN","CLIK SGA 5419","OPEX-CLIK-2025-10-5419","0","252000",""
"JE-CLIK-00192","CLIK","2025-11-28","2025-11","GL","1","5419","ADMIN","CLIK SGA 5419","OPEX-CLIK-2025-11-5419","252000","0",""
"JE-CLIK-00192","CLIK","2025-11-28","2025-11","GL","2","2130","ADMIN","CLIK SGA 5419","OPEX-CLIK-2025-11-5419","0","252000",""
"JE-CLIK-00193","CLIK","2025-12-28","2025-12","GL","1","5419","ADMIN","CLIK SGA 5419","OPEX-CLIK-2025-12-5419","252000","0",""
"JE-CLIK-00193","CLIK","2025-12-28","2025-12","GL","2","2130","ADMIN","CLIK SGA 5419","OPEX-CLIK-2025-12-5419","0","252000",""
"JE-CLIK-00194","CLIK","2025-01-28","2025-01","GL","1","5413","ADMIN","CLIK SGA 5413","OPEX-CLIK-2025-01-5413","249000","0",""
"JE-CLIK-00194","CLIK","2025-01-28","2025-01","GL","2","2130","ADMIN","CLIK SGA 5413","OPEX-CLIK-2025-01-5413","0","249000",""
"JE-CLIK-00195","CLIK","2025-02-28","2025-02","GL","1","5413","ADMIN","CLIK SGA 5413","OPEX-CLIK-2025-02-5413","249000","0",""
"JE-CLIK-00195","CLIK","2025-02-28","2025-02","GL","2","2130","ADMIN","CLIK SGA 5413","OPEX-CLIK-2025-02-5413","0","249000",""
"JE-CLIK-00196","CLIK","2025-03-28","2025-03","GL","1","5413","ADMIN","CLIK SGA 5413","OPEX-CLIK-2025-03-5413","249000","0",""
"JE-CLIK-00196","CLIK","2025-03-28","2025-03","GL","2","2130","ADMIN","CLIK SGA 5413","OPEX-CLIK-2025-03-5413","0","249000",""
"JE-CLIK-00197","CLIK","2025-04-28","2025-04","GL","1","5413","ADMIN","CLIK SGA 5413","OPEX-CLIK-2025-04-5413","249000","0",""
"JE-CLIK-00197","CLIK","2025-04-28","2025-04","GL","2","2130","ADMIN","CLIK SGA 5413","OPEX-CLIK-2025-04-5413","0","249000",""
"JE-CLIK-00198","CLIK","2025-05-28","2025-05","GL","1","5413","ADMIN","CLIK SGA 5413","OPEX-CLIK-2025-05-5413","249000","0",""
"JE-CLIK-00198","CLIK","2025-05-28","2025-05","GL","2","2130","ADMIN","CLIK SGA 5413","OPEX-CLIK-2025-05-5413","0","249000",""
"JE-CLIK-00199","CLIK","2025-06-28","2025-06","GL","1","5413","ADMIN","CLIK SGA 5413","OPEX-CLIK-2025-06-5413","249000","0",""
"JE-CLIK-00199","CLIK","2025-06-28","2025-06","GL","2","2130","ADMIN","CLIK SGA 5413","OPEX-CLIK-2025-06-5413","0","249000",""
"JE-CLIK-00200","CLIK","2025-07-28","2025-07","GL","1","5413","ADMIN","CLIK SGA 5413","OPEX-CLIK-2025-07-5413","249000","0",""
"JE-CLIK-00200","CLIK","2025-07-28","2025-07","GL","2","2130","ADMIN","CLIK SGA 5413","OPEX-CLIK-2025-07-5413","0","249000",""
"JE-CLIK-00201","CLIK","2025-08-28","2025-08","GL","1","5413","ADMIN","CLIK SGA 5413","OPEX-CLIK-2025-08-5413","249000","0",""
"JE-CLIK-00201","CLIK","2025-08-28","2025-08","GL","2","2130","ADMIN","CLIK SGA 5413","OPEX-CLIK-2025-08-5413","0","249000",""
"JE-CLIK-00202","CLIK","2025-09-28","2025-09","GL","1","5413","ADMIN","CLIK SGA 5413","OPEX-CLIK-2025-09-5413","252000","0",""
"JE-CLIK-00202","CLIK","2025-09-28","2025-09","GL","2","2130","ADMIN","CLIK SGA 5413","OPEX-CLIK-2025-09-5413","0","252000",""
"JE-CLIK-00203","CLIK","2025-10-28","2025-10","GL","1","5413","ADMIN","CLIK SGA 5413","OPEX-CLIK-2025-10-5413","252000","0",""
"JE-CLIK-00203","CLIK","2025-10-28","2025-10","GL","2","2130","ADMIN","CLIK SGA 5413","OPEX-CLIK-2025-10-5413","0","252000",""
"JE-CLIK-00204","CLIK","2025-11-28","2025-11","GL","1","5413","ADMIN","CLIK SGA 5413","OPEX-CLIK-2025-11-5413","252000","0",""
"JE-CLIK-00204","CLIK","2025-11-28","2025-11","GL","2","2130","ADMIN","CLIK SGA 5413","OPEX-CLIK-2025-11-5413","0","252000",""
"JE-CLIK-00205","CLIK","2025-12-28","2025-12","GL","1","5413","ADMIN","CLIK SGA 5413","OPEX-CLIK-2025-12-5413","252000","0",""
"JE-CLIK-00205","CLIK","2025-12-28","2025-12","GL","2","2130","ADMIN","CLIK SGA 5413","OPEX-CLIK-2025-12-5413","0","252000",""
"JE-CLIK-00206","CLIK","2025-01-28","2025-01","GL","1","5310","SERVICE","CLIK SGA 5310","OPEX-CLIK-2025-01-5310","226039","0",""
"JE-CLIK-00206","CLIK","2025-01-28","2025-01","GL","2","2130","SERVICE","CLIK SGA 5310","OPEX-CLIK-2025-01-5310","0","226039",""
"JE-CLIK-00207","CLIK","2025-02-28","2025-02","GL","1","5310","SERVICE","CLIK SGA 5310","OPEX-CLIK-2025-02-5310","226039","0",""
"JE-CLIK-00207","CLIK","2025-02-28","2025-02","GL","2","2130","SERVICE","CLIK SGA 5310","OPEX-CLIK-2025-02-5310","0","226039",""
"JE-CLIK-00208","CLIK","2025-03-28","2025-03","GL","1","5310","SERVICE","CLIK SGA 5310","OPEX-CLIK-2025-03-5310","226039","0",""
"JE-CLIK-00208","CLIK","2025-03-28","2025-03","GL","2","2130","SERVICE","CLIK SGA 5310","OPEX-CLIK-2025-03-5310","0","226039",""
"JE-CLIK-00209","CLIK","2025-04-28","2025-04","GL","1","5310","SERVICE","CLIK SGA 5310","OPEX-CLIK-2025-04-5310","226039","0",""
"JE-CLIK-00209","CLIK","2025-04-28","2025-04","GL","2","2130","SERVICE","CLIK SGA 5310","OPEX-CLIK-2025-04-5310","0","226039",""
"JE-CLIK-00210","CLIK","2025-05-28","2025-05","GL","1","5310","SERVICE","CLIK SGA 5310","OPEX-CLIK-2025-05-5310","226039","0",""
"JE-CLIK-00210","CLIK","2025-05-28","2025-05","GL","2","2130","SERVICE","CLIK SGA 5310","OPEX-CLIK-2025-05-5310","0","226039",""
"JE-CLIK-00211","CLIK","2025-06-28","2025-06","GL","1","5310","SERVICE","CLIK SGA 5310","OPEX-CLIK-2025-06-5310","226039","0",""
"JE-CLIK-00211","CLIK","2025-06-28","2025-06","GL","2","2130","SERVICE","CLIK SGA 5310","OPEX-CLIK-2025-06-5310","0","226039",""
"JE-CLIK-00212","CLIK","2025-07-28","2025-07","GL","1","5310","SERVICE","CLIK SGA 5310","OPEX-CLIK-2025-07-5310","226039","0",""
"JE-CLIK-00212","CLIK","2025-07-28","2025-07","GL","2","2130","SERVICE","CLIK SGA 5310","OPEX-CLIK-2025-07-5310","0","226039",""
"JE-CLIK-00213","CLIK","2025-08-28","2025-08","GL","1","5310","SERVICE","CLIK SGA 5310","OPEX-CLIK-2025-08-5310","226039","0",""
"JE-CLIK-00213","CLIK","2025-08-28","2025-08","GL","2","2130","SERVICE","CLIK SGA 5310","OPEX-CLIK-2025-08-5310","0","226039",""
"JE-CLIK-00214","CLIK","2025-09-28","2025-09","GL","1","5310","SERVICE","CLIK SGA 5310","OPEX-CLIK-2025-09-5310","228762","0",""
"JE-CLIK-00214","CLIK","2025-09-28","2025-09","GL","2","2130","SERVICE","CLIK SGA 5310","OPEX-CLIK-2025-09-5310","0","228762",""
"JE-CLIK-00215","CLIK","2025-10-28","2025-10","GL","1","5310","SERVICE","CLIK SGA 5310","OPEX-CLIK-2025-10-5310","228762","0",""
"JE-CLIK-00215","CLIK","2025-10-28","2025-10","GL","2","2130","SERVICE","CLIK SGA 5310","OPEX-CLIK-2025-10-5310","0","228762",""
"JE-CLIK-00216","CLIK","2025-11-28","2025-11","GL","1","5310","SERVICE","CLIK SGA 5310","OPEX-CLIK-2025-11-5310","228762","0",""
"JE-CLIK-00216","CLIK","2025-11-28","2025-11","GL","2","2130","SERVICE","CLIK SGA 5310","OPEX-CLIK-2025-11-5310","0","228762",""
"JE-CLIK-00217","CLIK","2025-12-28","2025-12","GL","1","5310","SERVICE","CLIK SGA 5310","OPEX-CLIK-2025-12-5310","228761","0",""
"JE-CLIK-00217","CLIK","2025-12-28","2025-12","GL","2","2130","SERVICE","CLIK SGA 5310","OPEX-CLIK-2025-12-5310","0","228761",""
"JE-CLIK-00218","CLIK","2025-01-25","2025-01","GL","1","5510","FINANCE","CLIK interest expense 5510_LTPARENT","FIN-CLIK-2025-01-5510_LTPARENT","581000","0","ACG"
"JE-CLIK-00218","CLIK","2025-01-25","2025-01","GL","2","2125","FINANCE","CLIK interest expense 5510_LTPARENT","FIN-CLIK-2025-01-5510_LTPARENT","0","581000","ACG"
"JE-CLIK-00219","CLIK","2025-02-25","2025-02","GL","1","5510","FINANCE","CLIK interest expense 5510_LTPARENT","FIN-CLIK-2025-02-5510_LTPARENT","581000","0","ACG"
"JE-CLIK-00219","CLIK","2025-02-25","2025-02","GL","2","2125","FINANCE","CLIK interest expense 5510_LTPARENT","FIN-CLIK-2025-02-5510_LTPARENT","0","581000","ACG"
"JE-CLIK-00220","CLIK","2025-03-25","2025-03","GL","1","5510","FINANCE","CLIK interest expense 5510_LTPARENT","FIN-CLIK-2025-03-5510_LTPARENT","581000","0","ACG"
"JE-CLIK-00220","CLIK","2025-03-25","2025-03","GL","2","2125","FINANCE","CLIK interest expense 5510_LTPARENT","FIN-CLIK-2025-03-5510_LTPARENT","0","581000","ACG"
"JE-CLIK-00221","CLIK","2025-04-25","2025-04","GL","1","5510","FINANCE","CLIK interest expense 5510_LTPARENT","FIN-CLIK-2025-04-5510_LTPARENT","581000","0","ACG"
"JE-CLIK-00221","CLIK","2025-04-25","2025-04","GL","2","2125","FINANCE","CLIK interest expense 5510_LTPARENT","FIN-CLIK-2025-04-5510_LTPARENT","0","581000","ACG"
"JE-CLIK-00222","CLIK","2025-05-25","2025-05","GL","1","5510","FINANCE","CLIK interest expense 5510_LTPARENT","FIN-CLIK-2025-05-5510_LTPARENT","581000","0","ACG"
"JE-CLIK-00222","CLIK","2025-05-25","2025-05","GL","2","2125","FINANCE","CLIK interest expense 5510_LTPARENT","FIN-CLIK-2025-05-5510_LTPARENT","0","581000","ACG"
"JE-CLIK-00223","CLIK","2025-06-25","2025-06","GL","1","5510","FINANCE","CLIK interest expense 5510_LTPARENT","FIN-CLIK-2025-06-5510_LTPARENT","581000","0","ACG"
"JE-CLIK-00223","CLIK","2025-06-25","2025-06","GL","2","2125","FINANCE","CLIK interest expense 5510_LTPARENT","FIN-CLIK-2025-06-5510_LTPARENT","0","581000","ACG"
"JE-CLIK-00224","CLIK","2025-07-25","2025-07","GL","1","5510","FINANCE","CLIK interest expense 5510_LTPARENT","FIN-CLIK-2025-07-5510_LTPARENT","581000","0","ACG"
"JE-CLIK-00224","CLIK","2025-07-25","2025-07","GL","2","2125","FINANCE","CLIK interest expense 5510_LTPARENT","FIN-CLIK-2025-07-5510_LTPARENT","0","581000","ACG"
"JE-CLIK-00225","CLIK","2025-08-25","2025-08","GL","1","5510","FINANCE","CLIK interest expense 5510_LTPARENT","FIN-CLIK-2025-08-5510_LTPARENT","581000","0","ACG"
"JE-CLIK-00225","CLIK","2025-08-25","2025-08","GL","2","2125","FINANCE","CLIK interest expense 5510_LTPARENT","FIN-CLIK-2025-08-5510_LTPARENT","0","581000","ACG"
"JE-CLIK-00226","CLIK","2025-09-25","2025-09","GL","1","5510","FINANCE","CLIK interest expense 5510_LTPARENT","FIN-CLIK-2025-09-5510_LTPARENT","588000","0","ACG"
"JE-CLIK-00226","CLIK","2025-09-25","2025-09","GL","2","2125","FINANCE","CLIK interest expense 5510_LTPARENT","FIN-CLIK-2025-09-5510_LTPARENT","0","588000","ACG"
"JE-CLIK-00227","CLIK","2025-10-25","2025-10","GL","1","5510","FINANCE","CLIK interest expense 5510_LTPARENT","FIN-CLIK-2025-10-5510_LTPARENT","588000","0","ACG"
"JE-CLIK-00227","CLIK","2025-10-25","2025-10","GL","2","2125","FINANCE","CLIK interest expense 5510_LTPARENT","FIN-CLIK-2025-10-5510_LTPARENT","0","588000","ACG"
"JE-CLIK-00228","CLIK","2025-11-25","2025-11","GL","1","5510","FINANCE","CLIK interest expense 5510_LTPARENT","FIN-CLIK-2025-11-5510_LTPARENT","588000","0","ACG"
"JE-CLIK-00228","CLIK","2025-11-25","2025-11","GL","2","2125","FINANCE","CLIK interest expense 5510_LTPARENT","FIN-CLIK-2025-11-5510_LTPARENT","0","588000","ACG"
"JE-CLIK-00229","CLIK","2025-12-25","2025-12","GL","1","5510","FINANCE","CLIK interest expense 5510_LTPARENT","FIN-CLIK-2025-12-5510_LTPARENT","588000","0","ACG"
"JE-CLIK-00229","CLIK","2025-12-25","2025-12","GL","2","2125","FINANCE","CLIK interest expense 5510_LTPARENT","FIN-CLIK-2025-12-5510_LTPARENT","0","588000","ACG"
"JE-CLIK-00230","CLIK","2025-01-25","2025-01","GL","1","5510","FINANCE","CLIK interest expense 5510_OTHER","FIN-CLIK-2025-01-5510_OTHER","298800","0",
"JE-CLIK-00230","CLIK","2025-01-25","2025-01","GL","2","1112","ADMIN","CLIK interest expense 5510_OTHER","FIN-CLIK-2025-01-5510_OTHER","0","298800",
"JE-CLIK-00231","CLIK","2025-02-25","2025-02","GL","1","5510","FINANCE","CLIK interest expense 5510_OTHER","FIN-CLIK-2025-02-5510_OTHER","298800","0",
"JE-CLIK-00231","CLIK","2025-02-25","2025-02","GL","2","1112","ADMIN","CLIK interest expense 5510_OTHER","FIN-CLIK-2025-02-5510_OTHER","0","298800",
"JE-CLIK-00232","CLIK","2025-03-25","2025-03","GL","1","5510","FINANCE","CLIK interest expense 5510_OTHER","FIN-CLIK-2025-03-5510_OTHER","298800","0",
"JE-CLIK-00232","CLIK","2025-03-25","2025-03","GL","2","1112","ADMIN","CLIK interest expense 5510_OTHER","FIN-CLIK-2025-03-5510_OTHER","0","298800",
"JE-CLIK-00233","CLIK","2025-04-25","2025-04","GL","1","5510","FINANCE","CLIK interest expense 5510_OTHER","FIN-CLIK-2025-04-5510_OTHER","298800","0",
"JE-CLIK-00233","CLIK","2025-04-25","2025-04","GL","2","1112","ADMIN","CLIK interest expense 5510_OTHER","FIN-CLIK-2025-04-5510_OTHER","0","298800",
"JE-CLIK-00234","CLIK","2025-05-25","2025-05","GL","1","5510","FINANCE","CLIK interest expense 5510_OTHER","FIN-CLIK-2025-05-5510_OTHER","298800","0",
"JE-CLIK-00234","CLIK","2025-05-25","2025-05","GL","2","1112","ADMIN","CLIK interest expense 5510_OTHER","FIN-CLIK-2025-05-5510_OTHER","0","298800",
"JE-CLIK-00235","CLIK","2025-06-25","2025-06","GL","1","5510","FINANCE","CLIK interest expense 5510_OTHER","FIN-CLIK-2025-06-5510_OTHER","298800","0",
"JE-CLIK-00235","CLIK","2025-06-25","2025-06","GL","2","1112","ADMIN","CLIK interest expense 5510_OTHER","FIN-CLIK-2025-06-5510_OTHER","0","298800",
"JE-CLIK-00236","CLIK","2025-07-25","2025-07","GL","1","5510","FINANCE","CLIK interest expense 5510_OTHER","FIN-CLIK-2025-07-5510_OTHER","298800","0",
"JE-CLIK-00236","CLIK","2025-07-25","2025-07","GL","2","1112","ADMIN","CLIK interest expense 5510_OTHER","FIN-CLIK-2025-07-5510_OTHER","0","298800",
"JE-CLIK-00237","CLIK","2025-08-25","2025-08","GL","1","5510","FINANCE","CLIK interest expense 5510_OTHER","FIN-CLIK-2025-08-5510_OTHER","298800","0",
"JE-CLIK-00237","CLIK","2025-08-25","2025-08","GL","2","1112","ADMIN","CLIK interest expense 5510_OTHER","FIN-CLIK-2025-08-5510_OTHER","0","298800",
"JE-CLIK-00238","CLIK","2025-09-25","2025-09","GL","1","5510","FINANCE","CLIK interest expense 5510_OTHER","FIN-CLIK-2025-09-5510_OTHER","302400","0",
"JE-CLIK-00238","CLIK","2025-09-25","2025-09","GL","2","1112","ADMIN","CLIK interest expense 5510_OTHER","FIN-CLIK-2025-09-5510_OTHER","0","302400",
"JE-CLIK-00239","CLIK","2025-10-25","2025-10","GL","1","5510","FINANCE","CLIK interest expense 5510_OTHER","FIN-CLIK-2025-10-5510_OTHER","302400","0",
"JE-CLIK-00239","CLIK","2025-10-25","2025-10","GL","2","1112","ADMIN","CLIK interest expense 5510_OTHER","FIN-CLIK-2025-10-5510_OTHER","0","302400",
"JE-CLIK-00240","CLIK","2025-11-25","2025-11","GL","1","5510","FINANCE","CLIK interest expense 5510_OTHER","FIN-CLIK-2025-11-5510_OTHER","302400","0",
"JE-CLIK-00240","CLIK","2025-11-25","2025-11","GL","2","1112","ADMIN","CLIK interest expense 5510_OTHER","FIN-CLIK-2025-11-5510_OTHER","0","302400",
"JE-CLIK-00241","CLIK","2025-12-25","2025-12","GL","1","5510","FINANCE","CLIK interest expense 5510_OTHER","FIN-CLIK-2025-12-5510_OTHER","302400","0",
"JE-CLIK-00241","CLIK","2025-12-25","2025-12","GL","2","1112","ADMIN","CLIK interest expense 5510_OTHER","FIN-CLIK-2025-12-5510_OTHER","0","302400",
"JE-CLIK-00242","CLIK","2025-01-25","2025-01","GL","1","5510","FINANCE","CLIK interest expense 5510_LEASE","FIN-CLIK-2025-01-5510_LEASE","39123","0",
"JE-CLIK-00242","CLIK","2025-01-25","2025-01","GL","2","2220","FINANCE","CLIK interest expense 5510_LEASE","FIN-CLIK-2025-01-5510_LEASE","0","39123",
"JE-CLIK-00243","CLIK","2025-02-25","2025-02","GL","1","5510","FINANCE","CLIK interest expense 5510_LEASE","FIN-CLIK-2025-02-5510_LEASE","39123","0",
"JE-CLIK-00243","CLIK","2025-02-25","2025-02","GL","2","2220","FINANCE","CLIK interest expense 5510_LEASE","FIN-CLIK-2025-02-5510_LEASE","0","39123",
"JE-CLIK-00244","CLIK","2025-03-25","2025-03","GL","1","5510","FINANCE","CLIK interest expense 5510_LEASE","FIN-CLIK-2025-03-5510_LEASE","39123","0",
"JE-CLIK-00244","CLIK","2025-03-25","2025-03","GL","2","2220","FINANCE","CLIK interest expense 5510_LEASE","FIN-CLIK-2025-03-5510_LEASE","0","39123",
"JE-CLIK-00245","CLIK","2025-04-25","2025-04","GL","1","5510","FINANCE","CLIK interest expense 5510_LEASE","FIN-CLIK-2025-04-5510_LEASE","39123","0",
"JE-CLIK-00245","CLIK","2025-04-25","2025-04","GL","2","2220","FINANCE","CLIK interest expense 5510_LEASE","FIN-CLIK-2025-04-5510_LEASE","0","39123",
"JE-CLIK-00246","CLIK","2025-05-25","2025-05","GL","1","5510","FINANCE","CLIK interest expense 5510_LEASE","FIN-CLIK-2025-05-5510_LEASE","39123","0",
"JE-CLIK-00246","CLIK","2025-05-25","2025-05","GL","2","2220","FINANCE","CLIK interest expense 5510_LEASE","FIN-CLIK-2025-05-5510_LEASE","0","39123",
"JE-CLIK-00247","CLIK","2025-06-25","2025-06","GL","1","5510","FINANCE","CLIK interest expense 5510_LEASE","FIN-CLIK-2025-06-5510_LEASE","39123","0",
"JE-CLIK-00247","CLIK","2025-06-25","2025-06","GL","2","2220","FINANCE","CLIK interest expense 5510_LEASE","FIN-CLIK-2025-06-5510_LEASE","0","39123",
"JE-CLIK-00248","CLIK","2025-07-25","2025-07","GL","1","5510","FINANCE","CLIK interest expense 5510_LEASE","FIN-CLIK-2025-07-5510_LEASE","39123","0",
"JE-CLIK-00248","CLIK","2025-07-25","2025-07","GL","2","2220","FINANCE","CLIK interest expense 5510_LEASE","FIN-CLIK-2025-07-5510_LEASE","0","39123",
"JE-CLIK-00249","CLIK","2025-08-25","2025-08","GL","1","5510","FINANCE","CLIK interest expense 5510_LEASE","FIN-CLIK-2025-08-5510_LEASE","39123","0",
"JE-CLIK-00249","CLIK","2025-08-25","2025-08","GL","2","2220","FINANCE","CLIK interest expense 5510_LEASE","FIN-CLIK-2025-08-5510_LEASE","0","39123",
"JE-CLIK-00250","CLIK","2025-09-25","2025-09","GL","1","5510","FINANCE","CLIK interest expense 5510_LEASE","FIN-CLIK-2025-09-5510_LEASE","39594","0",
"JE-CLIK-00250","CLIK","2025-09-25","2025-09","GL","2","2220","FINANCE","CLIK interest expense 5510_LEASE","FIN-CLIK-2025-09-5510_LEASE","0","39594",
"JE-CLIK-00251","CLIK","2025-10-25","2025-10","GL","1","5510","FINANCE","CLIK interest expense 5510_LEASE","FIN-CLIK-2025-10-5510_LEASE","39594","0",
"JE-CLIK-00251","CLIK","2025-10-25","2025-10","GL","2","2220","FINANCE","CLIK interest expense 5510_LEASE","FIN-CLIK-2025-10-5510_LEASE","0","39594",
"JE-CLIK-00252","CLIK","2025-11-25","2025-11","GL","1","5510","FINANCE","CLIK interest expense 5510_LEASE","FIN-CLIK-2025-11-5510_LEASE","39594","0",
"JE-CLIK-00252","CLIK","2025-11-25","2025-11","GL","2","2220","FINANCE","CLIK interest expense 5510_LEASE","FIN-CLIK-2025-11-5510_LEASE","0","39594",
"JE-CLIK-00253","CLIK","2025-12-25","2025-12","GL","1","5510","FINANCE","CLIK interest expense 5510_LEASE","FIN-CLIK-2025-12-5510_LEASE","39597","0",
"JE-CLIK-00253","CLIK","2025-12-25","2025-12","GL","2","2220","FINANCE","CLIK interest expense 5510_LEASE","FIN-CLIK-2025-12-5510_LEASE","0","39597",
"JE-CLIK-00254","CLIK","2025-01-25","2025-01","GL","1","5510","FINANCE","CLIK interest expense 5510_LTBANK","FIN-CLIK-2025-01-5510_LTBANK","365200","0",
"JE-CLIK-00254","CLIK","2025-01-25","2025-01","GL","2","1112","ADMIN","CLIK interest expense 5510_LTBANK","FIN-CLIK-2025-01-5510_LTBANK","0","365200",
"JE-CLIK-00255","CLIK","2025-02-25","2025-02","GL","1","5510","FINANCE","CLIK interest expense 5510_LTBANK","FIN-CLIK-2025-02-5510_LTBANK","365200","0",
"JE-CLIK-00255","CLIK","2025-02-25","2025-02","GL","2","1112","ADMIN","CLIK interest expense 5510_LTBANK","FIN-CLIK-2025-02-5510_LTBANK","0","365200",
"JE-CLIK-00256","CLIK","2025-03-25","2025-03","GL","1","5510","FINANCE","CLIK interest expense 5510_LTBANK","FIN-CLIK-2025-03-5510_LTBANK","365200","0",
"JE-CLIK-00256","CLIK","2025-03-25","2025-03","GL","2","1112","ADMIN","CLIK interest expense 5510_LTBANK","FIN-CLIK-2025-03-5510_LTBANK","0","365200",
"JE-CLIK-00257","CLIK","2025-04-25","2025-04","GL","1","5510","FINANCE","CLIK interest expense 5510_LTBANK","FIN-CLIK-2025-04-5510_LTBANK","365200","0",
"JE-CLIK-00257","CLIK","2025-04-25","2025-04","GL","2","1112","ADMIN","CLIK interest expense 5510_LTBANK","FIN-CLIK-2025-04-5510_LTBANK","0","365200",
"JE-CLIK-00258","CLIK","2025-05-25","2025-05","GL","1","5510","FINANCE","CLIK interest expense 5510_LTBANK","FIN-CLIK-2025-05-5510_LTBANK","365200","0",
"JE-CLIK-00258","CLIK","2025-05-25","2025-05","GL","2","1112","ADMIN","CLIK interest expense 5510_LTBANK","FIN-CLIK-2025-05-5510_LTBANK","0","365200",
"JE-CLIK-00259","CLIK","2025-06-25","2025-06","GL","1","5510","FINANCE","CLIK interest expense 5510_LTBANK","FIN-CLIK-2025-06-5510_LTBANK","365200","0",
"JE-CLIK-00259","CLIK","2025-06-25","2025-06","GL","2","1112","ADMIN","CLIK interest expense 5510_LTBANK","FIN-CLIK-2025-06-5510_LTBANK","0","365200",
"JE-CLIK-00260","CLIK","2025-07-25","2025-07","GL","1","5510","FINANCE","CLIK interest expense 5510_LTBANK","FIN-CLIK-2025-07-5510_LTBANK","365200","0",
"JE-CLIK-00260","CLIK","2025-07-25","2025-07","GL","2","1112","ADMIN","CLIK interest expense 5510_LTBANK","FIN-CLIK-2025-07-5510_LTBANK","0","365200",
"JE-CLIK-00261","CLIK","2025-08-25","2025-08","GL","1","5510","FINANCE","CLIK interest expense 5510_LTBANK","FIN-CLIK-2025-08-5510_LTBANK","365200","0",
"JE-CLIK-00261","CLIK","2025-08-25","2025-08","GL","2","1112","ADMIN","CLIK interest expense 5510_LTBANK","FIN-CLIK-2025-08-5510_LTBANK","0","365200",
"JE-CLIK-00262","CLIK","2025-09-25","2025-09","GL","1","5510","FINANCE","CLIK interest expense 5510_LTBANK","FIN-CLIK-2025-09-5510_LTBANK","369600","0",
"JE-CLIK-00262","CLIK","2025-09-25","2025-09","GL","2","1112","ADMIN","CLIK interest expense 5510_LTBANK","FIN-CLIK-2025-09-5510_LTBANK","0","369600",
"JE-CLIK-00263","CLIK","2025-10-25","2025-10","GL","1","5510","FINANCE","CLIK interest expense 5510_LTBANK","FIN-CLIK-2025-10-5510_LTBANK","369600","0",
"JE-CLIK-00263","CLIK","2025-10-25","2025-10","GL","2","1112","ADMIN","CLIK interest expense 5510_LTBANK","FIN-CLIK-2025-10-5510_LTBANK","0","369600",
"JE-CLIK-00264","CLIK","2025-11-25","2025-11","GL","1","5510","FINANCE","CLIK interest expense 5510_LTBANK","FIN-CLIK-2025-11-5510_LTBANK","369600","0",
"JE-CLIK-00264","CLIK","2025-11-25","2025-11","GL","2","1112","ADMIN","CLIK interest expense 5510_LTBANK","FIN-CLIK-2025-11-5510_LTBANK","0","369600",
"JE-CLIK-00265","CLIK","2025-12-25","2025-12","GL","1","5510","FINANCE","CLIK interest expense 5510_LTBANK","FIN-CLIK-2025-12-5510_LTBANK","369600","0",
"JE-CLIK-00265","CLIK","2025-12-25","2025-12","GL","2","1112","ADMIN","CLIK interest expense 5510_LTBANK","FIN-CLIK-2025-12-5510_LTBANK","0","369600",
"JE-CLIK-00266","CLIK","2025-01-01","2025-01","BANK","1","2150","FINANCE","CLIK lease payment","LEASE-CLIK-2025-01","149400","0",
"JE-CLIK-00266","CLIK","2025-01-01","2025-01","BANK","2","1112","ADMIN","CLIK lease payment","LEASE-CLIK-2025-01","0","149400",
"JE-CLIK-00267","CLIK","2025-02-01","2025-02","BANK","1","2150","FINANCE","CLIK lease payment","LEASE-CLIK-2025-02","149400","0",
"JE-CLIK-00267","CLIK","2025-02-01","2025-02","BANK","2","1112","ADMIN","CLIK lease payment","LEASE-CLIK-2025-02","0","149400",
"JE-CLIK-00268","CLIK","2025-03-01","2025-03","BANK","1","2150","FINANCE","CLIK lease payment","LEASE-CLIK-2025-03","149400","0",
"JE-CLIK-00268","CLIK","2025-03-01","2025-03","BANK","2","1112","ADMIN","CLIK lease payment","LEASE-CLIK-2025-03","0","149400",
"JE-CLIK-00269","CLIK","2025-04-01","2025-04","BANK","1","2150","FINANCE","CLIK lease payment","LEASE-CLIK-2025-04","149400","0",
"JE-CLIK-00269","CLIK","2025-04-01","2025-04","BANK","2","1112","ADMIN","CLIK lease payment","LEASE-CLIK-2025-04","0","149400",
"JE-CLIK-00270","CLIK","2025-05-01","2025-05","BANK","1","2150","FINANCE","CLIK lease payment","LEASE-CLIK-2025-05","149400","0",
"JE-CLIK-00270","CLIK","2025-05-01","2025-05","BANK","2","1112","ADMIN","CLIK lease payment","LEASE-CLIK-2025-05","0","149400",
"JE-CLIK-00271","CLIK","2025-06-01","2025-06","BANK","1","2150","FINANCE","CLIK lease payment","LEASE-CLIK-2025-06","149400","0",
"JE-CLIK-00271","CLIK","2025-06-01","2025-06","BANK","2","1112","ADMIN","CLIK lease payment","LEASE-CLIK-2025-06","0","149400",
"JE-CLIK-00272","CLIK","2025-07-01","2025-07","BANK","1","2150","FINANCE","CLIK lease payment","LEASE-CLIK-2025-07","149400","0",
"JE-CLIK-00272","CLIK","2025-07-01","2025-07","BANK","2","1112","ADMIN","CLIK lease payment","LEASE-CLIK-2025-07","0","149400",
"JE-CLIK-00273","CLIK","2025-08-01","2025-08","BANK","1","2150","FINANCE","CLIK lease payment","LEASE-CLIK-2025-08","149400","0",
"JE-CLIK-00273","CLIK","2025-08-01","2025-08","BANK","2","1112","ADMIN","CLIK lease payment","LEASE-CLIK-2025-08","0","149400",
"JE-CLIK-00274","CLIK","2025-09-01","2025-09","BANK","1","2150","FINANCE","CLIK lease payment","LEASE-CLIK-2025-09","151200","0",
"JE-CLIK-00274","CLIK","2025-09-01","2025-09","BANK","2","1112","ADMIN","CLIK lease payment","LEASE-CLIK-2025-09","0","151200",
"JE-CLIK-00275","CLIK","2025-10-01","2025-10","BANK","1","2150","FINANCE","CLIK lease payment","LEASE-CLIK-2025-10","151200","0",
"JE-CLIK-00275","CLIK","2025-10-01","2025-10","BANK","2","1112","ADMIN","CLIK lease payment","LEASE-CLIK-2025-10","0","151200",
"JE-CLIK-00276","CLIK","2025-11-01","2025-11","BANK","1","2150","FINANCE","CLIK lease payment","LEASE-CLIK-2025-11","151200","0",
"JE-CLIK-00276","CLIK","2025-11-01","2025-11","BANK","2","1112","ADMIN","CLIK lease payment","LEASE-CLIK-2025-11","0","151200",
"JE-CLIK-00277","CLIK","2025-12-01","2025-12","BANK","1","2150","FINANCE","CLIK lease payment","LEASE-CLIK-2025-12","151200","0",
"JE-CLIK-00277","CLIK","2025-12-01","2025-12","BANK","2","1112","ADMIN","CLIK lease payment","LEASE-CLIK-2025-12","0","151200",
"JE-CLIK-00278","CLIK","2025-12-31","2025-12","TAX","1","1340","FINANCE","CLIK deferred tax benefit","TAX-CLIK-DEF","1498737","0",
"JE-CLIK-00278","CLIK","2025-12-31","2025-12","TAX","2","5610","FINANCE","CLIK deferred tax benefit","TAX-CLIK-DEF","0","1498737",
"JE-CLIK-00279","CLIK","2025-01-18","2025-01","BANK","1","1112","ADMIN","CLIK AR receipts","AR-RCP-CLIK-2025-01","4140000","0","CUST-CLIK-002"
"JE-CLIK-00279","CLIK","2025-01-18","2025-01","BANK","2","1123","SERVICE","CLIK AR receipts","AR-RCP-CLIK-2025-01","0","4140000","CUST-CLIK-002"
"JE-CLIK-00280","CLIK","2025-02-18","2025-02","BANK","1","1112","ADMIN","CLIK AR receipts","AR-RCP-CLIK-2025-02","3864000","0","CUST-CLIK-002"
"JE-CLIK-00280","CLIK","2025-02-18","2025-02","BANK","2","1123","SERVICE","CLIK AR receipts","AR-RCP-CLIK-2025-02","0","3864000","CUST-CLIK-002"
"JE-CLIK-00281","CLIK","2025-03-18","2025-03","BANK","1","1112","ADMIN","CLIK AR receipts","AR-RCP-CLIK-2025-03","4692000","0","CUST-CLIK-002"
"JE-CLIK-00281","CLIK","2025-03-18","2025-03","BANK","2","1123","SERVICE","CLIK AR receipts","AR-RCP-CLIK-2025-03","0","4692000","CUST-CLIK-002"
"JE-CLIK-00282","CLIK","2025-04-18","2025-04","BANK","1","1112","ADMIN","CLIK AR receipts","AR-RCP-CLIK-2025-04","4140000","0","CUST-CLIK-002"
"JE-CLIK-00282","CLIK","2025-04-18","2025-04","BANK","2","1123","SERVICE","CLIK AR receipts","AR-RCP-CLIK-2025-04","0","4140000","CUST-CLIK-002"
"JE-CLIK-00283","CLIK","2025-05-18","2025-05","BANK","1","1112","ADMIN","CLIK AR receipts","AR-RCP-CLIK-2025-05","4416000","0","CUST-CLIK-002"
"JE-CLIK-00283","CLIK","2025-05-18","2025-05","BANK","2","1123","SERVICE","CLIK AR receipts","AR-RCP-CLIK-2025-05","0","4416000","CUST-CLIK-002"
"JE-CLIK-00284","CLIK","2025-06-18","2025-06","BANK","1","1112","ADMIN","CLIK AR receipts","AR-RCP-CLIK-2025-06","4692000","0","CUST-CLIK-002"
"JE-CLIK-00284","CLIK","2025-06-18","2025-06","BANK","2","1123","SERVICE","CLIK AR receipts","AR-RCP-CLIK-2025-06","0","4692000","CUST-CLIK-002"
"JE-CLIK-00285","CLIK","2025-07-18","2025-07","BANK","1","1112","ADMIN","CLIK AR receipts","AR-RCP-CLIK-2025-07","4692000","0","CUST-CLIK-002"
"JE-CLIK-00285","CLIK","2025-07-18","2025-07","BANK","2","1123","SERVICE","CLIK AR receipts","AR-RCP-CLIK-2025-07","0","4692000","CUST-CLIK-002"
"JE-CLIK-00286","CLIK","2025-08-18","2025-08","BANK","1","1112","ADMIN","CLIK AR receipts","AR-RCP-CLIK-2025-08","4692000","0","CUST-CLIK-002"
"JE-CLIK-00286","CLIK","2025-08-18","2025-08","BANK","2","1123","SERVICE","CLIK AR receipts","AR-RCP-CLIK-2025-08","0","4692000","CUST-CLIK-002"
"JE-CLIK-00287","CLIK","2025-09-18","2025-09","BANK","1","1112","ADMIN","CLIK AR receipts","AR-RCP-CLIK-2025-09","4968000","0","CUST-CLIK-002"
"JE-CLIK-00287","CLIK","2025-09-18","2025-09","BANK","2","1123","SERVICE","CLIK AR receipts","AR-RCP-CLIK-2025-09","0","4968000","CUST-CLIK-002"
"JE-CLIK-00288","CLIK","2025-10-18","2025-10","BANK","1","1112","ADMIN","CLIK AR receipts","AR-RCP-CLIK-2025-10","4968000","0","CUST-CLIK-002"
"JE-CLIK-00288","CLIK","2025-10-18","2025-10","BANK","2","1123","SERVICE","CLIK AR receipts","AR-RCP-CLIK-2025-10","0","4968000","CUST-CLIK-002"
"JE-CLIK-00289","CLIK","2025-11-18","2025-11","BANK","1","1112","ADMIN","CLIK AR receipts","AR-RCP-CLIK-2025-11","4968000","0","CUST-CLIK-002"
"JE-CLIK-00289","CLIK","2025-11-18","2025-11","BANK","2","1123","SERVICE","CLIK AR receipts","AR-RCP-CLIK-2025-11","0","4968000","CUST-CLIK-002"
"JE-CLIK-00290","CLIK","2025-12-18","2025-12","BANK","1","1112","ADMIN","CLIK AR receipts","AR-RCP-CLIK-2025-12","4968000","0","CUST-CLIK-002"
"JE-CLIK-00290","CLIK","2025-12-18","2025-12","BANK","2","1123","SERVICE","CLIK AR receipts","AR-RCP-CLIK-2025-12","0","4968000","CUST-CLIK-002"
"JE-CLIK-00291","CLIK","2025-01-22","2025-01","BANK","1","1112","ADMIN","CLIK IC AR receipt from HMW","IC-RCP-CLIK-2025-01","247500","0","CUST-CLIK-099"
"JE-CLIK-00291","CLIK","2025-01-22","2025-01","BANK","2","1125","SERVICE","CLIK IC AR receipt from HMW","IC-RCP-CLIK-2025-01","0","247500","CUST-CLIK-099"
"JE-CLIK-00292","CLIK","2025-02-22","2025-02","BANK","1","1112","ADMIN","CLIK IC AR receipt from HMW","IC-RCP-CLIK-2025-02","231000","0","CUST-CLIK-099"
"JE-CLIK-00292","CLIK","2025-02-22","2025-02","BANK","2","1125","SERVICE","CLIK IC AR receipt from HMW","IC-RCP-CLIK-2025-02","0","231000","CUST-CLIK-099"
"JE-CLIK-00293","CLIK","2025-03-22","2025-03","BANK","1","1112","ADMIN","CLIK IC AR receipt from HMW","IC-RCP-CLIK-2025-03","280500","0","CUST-CLIK-099"
"JE-CLIK-00293","CLIK","2025-03-22","2025-03","BANK","2","1125","SERVICE","CLIK IC AR receipt from HMW","IC-RCP-CLIK-2025-03","0","280500","CUST-CLIK-099"
"JE-CLIK-00294","CLIK","2025-04-22","2025-04","BANK","1","1112","ADMIN","CLIK IC AR receipt from HMW","IC-RCP-CLIK-2025-04","247500","0","CUST-CLIK-099"
"JE-CLIK-00294","CLIK","2025-04-22","2025-04","BANK","2","1125","SERVICE","CLIK IC AR receipt from HMW","IC-RCP-CLIK-2025-04","0","247500","CUST-CLIK-099"
"JE-CLIK-00295","CLIK","2025-05-22","2025-05","BANK","1","1112","ADMIN","CLIK IC AR receipt from HMW","IC-RCP-CLIK-2025-05","264000","0","CUST-CLIK-099"
"JE-CLIK-00295","CLIK","2025-05-22","2025-05","BANK","2","1125","SERVICE","CLIK IC AR receipt from HMW","IC-RCP-CLIK-2025-05","0","264000","CUST-CLIK-099"
"JE-CLIK-00296","CLIK","2025-06-22","2025-06","BANK","1","1112","ADMIN","CLIK IC AR receipt from HMW","IC-RCP-CLIK-2025-06","280500","0","CUST-CLIK-099"
"JE-CLIK-00296","CLIK","2025-06-22","2025-06","BANK","2","1125","SERVICE","CLIK IC AR receipt from HMW","IC-RCP-CLIK-2025-06","0","280500","CUST-CLIK-099"
"JE-CLIK-00297","CLIK","2025-07-22","2025-07","BANK","1","1112","ADMIN","CLIK IC AR receipt from HMW","IC-RCP-CLIK-2025-07","280500","0","CUST-CLIK-099"
"JE-CLIK-00297","CLIK","2025-07-22","2025-07","BANK","2","1125","SERVICE","CLIK IC AR receipt from HMW","IC-RCP-CLIK-2025-07","0","280500","CUST-CLIK-099"
"JE-CLIK-00298","CLIK","2025-08-22","2025-08","BANK","1","1112","ADMIN","CLIK IC AR receipt from HMW","IC-RCP-CLIK-2025-08","280500","0","CUST-CLIK-099"
"JE-CLIK-00298","CLIK","2025-08-22","2025-08","BANK","2","1125","SERVICE","CLIK IC AR receipt from HMW","IC-RCP-CLIK-2025-08","0","280500","CUST-CLIK-099"
"JE-CLIK-00299","CLIK","2025-09-22","2025-09","BANK","1","1112","ADMIN","CLIK IC AR receipt from HMW","IC-RCP-CLIK-2025-09","297000","0","CUST-CLIK-099"
"JE-CLIK-00299","CLIK","2025-09-22","2025-09","BANK","2","1125","SERVICE","CLIK IC AR receipt from HMW","IC-RCP-CLIK-2025-09","0","297000","CUST-CLIK-099"
"JE-CLIK-00300","CLIK","2025-10-22","2025-10","BANK","1","1112","ADMIN","CLIK IC AR receipt from HMW","IC-RCP-CLIK-2025-10","297000","0","CUST-CLIK-099"
"JE-CLIK-00300","CLIK","2025-10-22","2025-10","BANK","2","1125","SERVICE","CLIK IC AR receipt from HMW","IC-RCP-CLIK-2025-10","0","297000","CUST-CLIK-099"
"JE-CLIK-00301","CLIK","2025-11-22","2025-11","BANK","1","1112","ADMIN","CLIK IC AR receipt from HMW","IC-RCP-CLIK-2025-11","297000","0","CUST-CLIK-099"
"JE-CLIK-00301","CLIK","2025-11-22","2025-11","BANK","2","1125","SERVICE","CLIK IC AR receipt from HMW","IC-RCP-CLIK-2025-11","0","297000","CUST-CLIK-099"
"JE-CLIK-00302","CLIK","2025-12-22","2025-12","BANK","1","1112","ADMIN","CLIK IC AR receipt from HMW","IC-RCP-CLIK-2025-12","297000","0","CUST-CLIK-099"
"JE-CLIK-00302","CLIK","2025-12-22","2025-12","BANK","2","1125","SERVICE","CLIK IC AR receipt from HMW","IC-RCP-CLIK-2025-12","0","297000","CUST-CLIK-099"
"JE-CLIK-00303","CLIK","2025-01-10","2025-01","BANK","1","2130","ADMIN","CLIK AP payment","AP-PAY-CLIK-2025-01-2130","8925000","0","VEND-CLIK-005"
"JE-CLIK-00303","CLIK","2025-01-10","2025-01","BANK","2","1112","ADMIN","CLIK AP payment","AP-PAY-CLIK-2025-01-2130","0","8925000","VEND-CLIK-005"
"JE-CLIK-00304","CLIK","2025-02-10","2025-02","BANK","1","2130","ADMIN","CLIK AP payment","AP-PAY-CLIK-2025-02-2130","8330000","0","VEND-CLIK-005"
"JE-CLIK-00304","CLIK","2025-02-10","2025-02","BANK","2","1112","ADMIN","CLIK AP payment","AP-PAY-CLIK-2025-02-2130","0","8330000","VEND-CLIK-005"
"JE-CLIK-00305","CLIK","2025-03-10","2025-03","BANK","1","2130","ADMIN","CLIK AP payment","AP-PAY-CLIK-2025-03-2130","10115000","0","VEND-CLIK-005"
"JE-CLIK-00305","CLIK","2025-03-10","2025-03","BANK","2","1112","ADMIN","CLIK AP payment","AP-PAY-CLIK-2025-03-2130","0","10115000","VEND-CLIK-005"
"JE-CLIK-00306","CLIK","2025-04-10","2025-04","BANK","1","2130","ADMIN","CLIK AP payment","AP-PAY-CLIK-2025-04-2130","8925000","0","VEND-CLIK-005"
"JE-CLIK-00306","CLIK","2025-04-10","2025-04","BANK","2","1112","ADMIN","CLIK AP payment","AP-PAY-CLIK-2025-04-2130","0","8925000","VEND-CLIK-005"
"JE-CLIK-00307","CLIK","2025-05-10","2025-05","BANK","1","2130","ADMIN","CLIK AP payment","AP-PAY-CLIK-2025-05-2130","9520000","0","VEND-CLIK-005"
"JE-CLIK-00307","CLIK","2025-05-10","2025-05","BANK","2","1112","ADMIN","CLIK AP payment","AP-PAY-CLIK-2025-05-2130","0","9520000","VEND-CLIK-005"
"JE-CLIK-00308","CLIK","2025-06-10","2025-06","BANK","1","2130","ADMIN","CLIK AP payment","AP-PAY-CLIK-2025-06-2130","10115000","0","VEND-CLIK-005"
"JE-CLIK-00308","CLIK","2025-06-10","2025-06","BANK","2","1112","ADMIN","CLIK AP payment","AP-PAY-CLIK-2025-06-2130","0","10115000","VEND-CLIK-005"
"JE-CLIK-00309","CLIK","2025-07-10","2025-07","BANK","1","2130","ADMIN","CLIK AP payment","AP-PAY-CLIK-2025-07-2130","10115000","0","VEND-CLIK-005"
"JE-CLIK-00309","CLIK","2025-07-10","2025-07","BANK","2","1112","ADMIN","CLIK AP payment","AP-PAY-CLIK-2025-07-2130","0","10115000","VEND-CLIK-005"
"JE-CLIK-00310","CLIK","2025-08-10","2025-08","BANK","1","2130","ADMIN","CLIK AP payment","AP-PAY-CLIK-2025-08-2130","10115000","0","VEND-CLIK-005"
"JE-CLIK-00310","CLIK","2025-08-10","2025-08","BANK","2","1112","ADMIN","CLIK AP payment","AP-PAY-CLIK-2025-08-2130","0","10115000","VEND-CLIK-005"
"JE-CLIK-00311","CLIK","2025-09-10","2025-09","BANK","1","2130","ADMIN","CLIK AP payment","AP-PAY-CLIK-2025-09-2130","10710000","0","VEND-CLIK-005"
"JE-CLIK-00311","CLIK","2025-09-10","2025-09","BANK","2","1112","ADMIN","CLIK AP payment","AP-PAY-CLIK-2025-09-2130","0","10710000","VEND-CLIK-005"
"JE-CLIK-00312","CLIK","2025-10-10","2025-10","BANK","1","2130","ADMIN","CLIK AP payment","AP-PAY-CLIK-2025-10-2130","10710000","0","VEND-CLIK-005"
"JE-CLIK-00312","CLIK","2025-10-10","2025-10","BANK","2","1112","ADMIN","CLIK AP payment","AP-PAY-CLIK-2025-10-2130","0","10710000","VEND-CLIK-005"
"JE-CLIK-00313","CLIK","2025-11-10","2025-11","BANK","1","2130","ADMIN","CLIK AP payment","AP-PAY-CLIK-2025-11-2130","10710000","0","VEND-CLIK-005"
"JE-CLIK-00313","CLIK","2025-11-10","2025-11","BANK","2","1112","ADMIN","CLIK AP payment","AP-PAY-CLIK-2025-11-2130","0","10710000","VEND-CLIK-005"
"JE-CLIK-00314","CLIK","2025-12-10","2025-12","BANK","1","2130","ADMIN","CLIK AP payment","AP-PAY-CLIK-2025-12-2130","10710000","0","VEND-CLIK-005"
"JE-CLIK-00314","CLIK","2025-12-10","2025-12","BANK","2","1112","ADMIN","CLIK AP payment","AP-PAY-CLIK-2025-12-2130","0","10710000","VEND-CLIK-005"
"JE-CLIK-00315","CLIK","2025-01-10","2025-01","BANK","1","2122","ADMIN","CLIK AP payment","AP-PAY-CLIK-2025-01-2122","4350000","0","VEND-CLIK-001"
"JE-CLIK-00315","CLIK","2025-01-10","2025-01","BANK","2","1112","ADMIN","CLIK AP payment","AP-PAY-CLIK-2025-01-2122","0","4350000","VEND-CLIK-001"
"JE-CLIK-00316","CLIK","2025-02-10","2025-02","BANK","1","2122","ADMIN","CLIK AP payment","AP-PAY-CLIK-2025-02-2122","4060000","0","VEND-CLIK-001"
"JE-CLIK-00316","CLIK","2025-02-10","2025-02","BANK","2","1112","ADMIN","CLIK AP payment","AP-PAY-CLIK-2025-02-2122","0","4060000","VEND-CLIK-001"
"JE-CLIK-00317","CLIK","2025-03-10","2025-03","BANK","1","2122","ADMIN","CLIK AP payment","AP-PAY-CLIK-2025-03-2122","4930000","0","VEND-CLIK-001"
"JE-CLIK-00317","CLIK","2025-03-10","2025-03","BANK","2","1112","ADMIN","CLIK AP payment","AP-PAY-CLIK-2025-03-2122","0","4930000","VEND-CLIK-001"
"JE-CLIK-00318","CLIK","2025-04-10","2025-04","BANK","1","2122","ADMIN","CLIK AP payment","AP-PAY-CLIK-2025-04-2122","4350000","0","VEND-CLIK-001"
"JE-CLIK-00318","CLIK","2025-04-10","2025-04","BANK","2","1112","ADMIN","CLIK AP payment","AP-PAY-CLIK-2025-04-2122","0","4350000","VEND-CLIK-001"
"JE-CLIK-00319","CLIK","2025-05-10","2025-05","BANK","1","2122","ADMIN","CLIK AP payment","AP-PAY-CLIK-2025-05-2122","4640000","0","VEND-CLIK-001"
"JE-CLIK-00319","CLIK","2025-05-10","2025-05","BANK","2","1112","ADMIN","CLIK AP payment","AP-PAY-CLIK-2025-05-2122","0","4640000","VEND-CLIK-001"
"JE-CLIK-00320","CLIK","2025-06-10","2025-06","BANK","1","2122","ADMIN","CLIK AP payment","AP-PAY-CLIK-2025-06-2122","4930000","0","VEND-CLIK-001"
"JE-CLIK-00320","CLIK","2025-06-10","2025-06","BANK","2","1112","ADMIN","CLIK AP payment","AP-PAY-CLIK-2025-06-2122","0","4930000","VEND-CLIK-001"
"JE-CLIK-00321","CLIK","2025-07-10","2025-07","BANK","1","2122","ADMIN","CLIK AP payment","AP-PAY-CLIK-2025-07-2122","4930000","0","VEND-CLIK-001"
"JE-CLIK-00321","CLIK","2025-07-10","2025-07","BANK","2","1112","ADMIN","CLIK AP payment","AP-PAY-CLIK-2025-07-2122","0","4930000","VEND-CLIK-001"
"JE-CLIK-00322","CLIK","2025-08-10","2025-08","BANK","1","2122","ADMIN","CLIK AP payment","AP-PAY-CLIK-2025-08-2122","4930000","0","VEND-CLIK-001"
"JE-CLIK-00322","CLIK","2025-08-10","2025-08","BANK","2","1112","ADMIN","CLIK AP payment","AP-PAY-CLIK-2025-08-2122","0","4930000","VEND-CLIK-001"
"JE-CLIK-00323","CLIK","2025-09-10","2025-09","BANK","1","2122","ADMIN","CLIK AP payment","AP-PAY-CLIK-2025-09-2122","5220000","0","VEND-CLIK-001"
"JE-CLIK-00323","CLIK","2025-09-10","2025-09","BANK","2","1112","ADMIN","CLIK AP payment","AP-PAY-CLIK-2025-09-2122","0","5220000","VEND-CLIK-001"
"JE-CLIK-00324","CLIK","2025-10-10","2025-10","BANK","1","2122","ADMIN","CLIK AP payment","AP-PAY-CLIK-2025-10-2122","5220000","0","VEND-CLIK-001"
"JE-CLIK-00324","CLIK","2025-10-10","2025-10","BANK","2","1112","ADMIN","CLIK AP payment","AP-PAY-CLIK-2025-10-2122","0","5220000","VEND-CLIK-001"
"JE-CLIK-00325","CLIK","2025-11-10","2025-11","BANK","1","2122","ADMIN","CLIK AP payment","AP-PAY-CLIK-2025-11-2122","5220000","0","VEND-CLIK-001"
"JE-CLIK-00325","CLIK","2025-11-10","2025-11","BANK","2","1112","ADMIN","CLIK AP payment","AP-PAY-CLIK-2025-11-2122","0","5220000","VEND-CLIK-001"
"JE-CLIK-00326","CLIK","2025-12-10","2025-12","BANK","1","2122","ADMIN","CLIK AP payment","AP-PAY-CLIK-2025-12-2122","5220000","0","VEND-CLIK-001"
"JE-CLIK-00326","CLIK","2025-12-10","2025-12","BANK","2","1112","ADMIN","CLIK AP payment","AP-PAY-CLIK-2025-12-2122","0","5220000","VEND-CLIK-001"
"JE-CLIK-00327","CLIK","2025-01-10","2025-01","BANK","1","2125","ADMIN","CLIK AP payment","AP-PAY-CLIK-2025-01-2125","1207500","0","VEND-CLIK-099"
"JE-CLIK-00327","CLIK","2025-01-10","2025-01","BANK","2","1112","ADMIN","CLIK AP payment","AP-PAY-CLIK-2025-01-2125","0","1207500","VEND-CLIK-099"
"JE-CLIK-00328","CLIK","2025-02-10","2025-02","BANK","1","2125","ADMIN","CLIK AP payment","AP-PAY-CLIK-2025-02-2125","1127000","0","VEND-CLIK-099"
"JE-CLIK-00328","CLIK","2025-02-10","2025-02","BANK","2","1112","ADMIN","CLIK AP payment","AP-PAY-CLIK-2025-02-2125","0","1127000","VEND-CLIK-099"
"JE-CLIK-00329","CLIK","2025-03-10","2025-03","BANK","1","2125","ADMIN","CLIK AP payment","AP-PAY-CLIK-2025-03-2125","1368500","0","VEND-CLIK-099"
"JE-CLIK-00329","CLIK","2025-03-10","2025-03","BANK","2","1112","ADMIN","CLIK AP payment","AP-PAY-CLIK-2025-03-2125","0","1368500","VEND-CLIK-099"
"JE-CLIK-00330","CLIK","2025-04-10","2025-04","BANK","1","2125","ADMIN","CLIK AP payment","AP-PAY-CLIK-2025-04-2125","1207500","0","VEND-CLIK-099"
"JE-CLIK-00330","CLIK","2025-04-10","2025-04","BANK","2","1112","ADMIN","CLIK AP payment","AP-PAY-CLIK-2025-04-2125","0","1207500","VEND-CLIK-099"
"JE-CLIK-00331","CLIK","2025-05-10","2025-05","BANK","1","2125","ADMIN","CLIK AP payment","AP-PAY-CLIK-2025-05-2125","1288000","0","VEND-CLIK-099"
"JE-CLIK-00331","CLIK","2025-05-10","2025-05","BANK","2","1112","ADMIN","CLIK AP payment","AP-PAY-CLIK-2025-05-2125","0","1288000","VEND-CLIK-099"
"JE-CLIK-00332","CLIK","2025-06-10","2025-06","BANK","1","2125","ADMIN","CLIK AP payment","AP-PAY-CLIK-2025-06-2125","1368500","0","VEND-CLIK-099"
"JE-CLIK-00332","CLIK","2025-06-10","2025-06","BANK","2","1112","ADMIN","CLIK AP payment","AP-PAY-CLIK-2025-06-2125","0","1368500","VEND-CLIK-099"
"JE-CLIK-00333","CLIK","2025-07-10","2025-07","BANK","1","2125","ADMIN","CLIK AP payment","AP-PAY-CLIK-2025-07-2125","1368500","0","VEND-CLIK-099"
"JE-CLIK-00333","CLIK","2025-07-10","2025-07","BANK","2","1112","ADMIN","CLIK AP payment","AP-PAY-CLIK-2025-07-2125","0","1368500","VEND-CLIK-099"
"JE-CLIK-00334","CLIK","2025-08-10","2025-08","BANK","1","2125","ADMIN","CLIK AP payment","AP-PAY-CLIK-2025-08-2125","1368500","0","VEND-CLIK-099"
"JE-CLIK-00334","CLIK","2025-08-10","2025-08","BANK","2","1112","ADMIN","CLIK AP payment","AP-PAY-CLIK-2025-08-2125","0","1368500","VEND-CLIK-099"
"JE-CLIK-00335","CLIK","2025-09-10","2025-09","BANK","1","2125","ADMIN","CLIK AP payment","AP-PAY-CLIK-2025-09-2125","1449000","0","VEND-CLIK-099"
"JE-CLIK-00335","CLIK","2025-09-10","2025-09","BANK","2","1112","ADMIN","CLIK AP payment","AP-PAY-CLIK-2025-09-2125","0","1449000","VEND-CLIK-099"
"JE-CLIK-00336","CLIK","2025-10-10","2025-10","BANK","1","2125","ADMIN","CLIK AP payment","AP-PAY-CLIK-2025-10-2125","1449000","0","VEND-CLIK-099"
"JE-CLIK-00336","CLIK","2025-10-10","2025-10","BANK","2","1112","ADMIN","CLIK AP payment","AP-PAY-CLIK-2025-10-2125","0","1449000","VEND-CLIK-099"
"JE-CLIK-00337","CLIK","2025-11-10","2025-11","BANK","1","2125","ADMIN","CLIK AP payment","AP-PAY-CLIK-2025-11-2125","1449000","0","VEND-CLIK-099"
"JE-CLIK-00337","CLIK","2025-11-10","2025-11","BANK","2","1112","ADMIN","CLIK AP payment","AP-PAY-CLIK-2025-11-2125","0","1449000","VEND-CLIK-099"
"JE-CLIK-00338","CLIK","2025-12-10","2025-12","BANK","1","2125","ADMIN","CLIK AP payment","AP-PAY-CLIK-2025-12-2125","1449000","0","VEND-CLIK-099"
"JE-CLIK-00338","CLIK","2025-12-10","2025-12","BANK","2","1112","ADMIN","CLIK AP payment","AP-PAY-CLIK-2025-12-2125","0","1449000","VEND-CLIK-099"
"JE-CLIK-00339","CLIK","2025-01-10","2025-01","BANK","1","2123","ADMIN","CLIK AP payment","AP-PAY-CLIK-2025-01-2123","675000","0","VEND-CLIK-005"
"JE-CLIK-00339","CLIK","2025-01-10","2025-01","BANK","2","1112","ADMIN","CLIK AP payment","AP-PAY-CLIK-2025-01-2123","0","675000","VEND-CLIK-005"
"JE-CLIK-00340","CLIK","2025-02-10","2025-02","BANK","1","2123","ADMIN","CLIK AP payment","AP-PAY-CLIK-2025-02-2123","630000","0","VEND-CLIK-005"
"JE-CLIK-00340","CLIK","2025-02-10","2025-02","BANK","2","1112","ADMIN","CLIK AP payment","AP-PAY-CLIK-2025-02-2123","0","630000","VEND-CLIK-005"
"JE-CLIK-00341","CLIK","2025-03-10","2025-03","BANK","1","2123","ADMIN","CLIK AP payment","AP-PAY-CLIK-2025-03-2123","765000","0","VEND-CLIK-005"
"JE-CLIK-00341","CLIK","2025-03-10","2025-03","BANK","2","1112","ADMIN","CLIK AP payment","AP-PAY-CLIK-2025-03-2123","0","765000","VEND-CLIK-005"
"JE-CLIK-00342","CLIK","2025-04-10","2025-04","BANK","1","2123","ADMIN","CLIK AP payment","AP-PAY-CLIK-2025-04-2123","675000","0","VEND-CLIK-005"
"JE-CLIK-00342","CLIK","2025-04-10","2025-04","BANK","2","1112","ADMIN","CLIK AP payment","AP-PAY-CLIK-2025-04-2123","0","675000","VEND-CLIK-005"
"JE-CLIK-00343","CLIK","2025-05-10","2025-05","BANK","1","2123","ADMIN","CLIK AP payment","AP-PAY-CLIK-2025-05-2123","720000","0","VEND-CLIK-005"
"JE-CLIK-00343","CLIK","2025-05-10","2025-05","BANK","2","1112","ADMIN","CLIK AP payment","AP-PAY-CLIK-2025-05-2123","0","720000","VEND-CLIK-005"
"JE-CLIK-00344","CLIK","2025-06-10","2025-06","BANK","1","2123","ADMIN","CLIK AP payment","AP-PAY-CLIK-2025-06-2123","765000","0","VEND-CLIK-005"
"JE-CLIK-00344","CLIK","2025-06-10","2025-06","BANK","2","1112","ADMIN","CLIK AP payment","AP-PAY-CLIK-2025-06-2123","0","765000","VEND-CLIK-005"
"JE-CLIK-00345","CLIK","2025-07-10","2025-07","BANK","1","2123","ADMIN","CLIK AP payment","AP-PAY-CLIK-2025-07-2123","765000","0","VEND-CLIK-005"
"JE-CLIK-00345","CLIK","2025-07-10","2025-07","BANK","2","1112","ADMIN","CLIK AP payment","AP-PAY-CLIK-2025-07-2123","0","765000","VEND-CLIK-005"
"JE-CLIK-00346","CLIK","2025-08-10","2025-08","BANK","1","2123","ADMIN","CLIK AP payment","AP-PAY-CLIK-2025-08-2123","765000","0","VEND-CLIK-005"
"JE-CLIK-00346","CLIK","2025-08-10","2025-08","BANK","2","1112","ADMIN","CLIK AP payment","AP-PAY-CLIK-2025-08-2123","0","765000","VEND-CLIK-005"
"JE-CLIK-00347","CLIK","2025-09-10","2025-09","BANK","1","2123","ADMIN","CLIK AP payment","AP-PAY-CLIK-2025-09-2123","810000","0","VEND-CLIK-005"
"JE-CLIK-00347","CLIK","2025-09-10","2025-09","BANK","2","1112","ADMIN","CLIK AP payment","AP-PAY-CLIK-2025-09-2123","0","810000","VEND-CLIK-005"
"JE-CLIK-00348","CLIK","2025-10-10","2025-10","BANK","1","2123","ADMIN","CLIK AP payment","AP-PAY-CLIK-2025-10-2123","810000","0","VEND-CLIK-005"
"JE-CLIK-00348","CLIK","2025-10-10","2025-10","BANK","2","1112","ADMIN","CLIK AP payment","AP-PAY-CLIK-2025-10-2123","0","810000","VEND-CLIK-005"
"JE-CLIK-00349","CLIK","2025-11-10","2025-11","BANK","1","2123","ADMIN","CLIK AP payment","AP-PAY-CLIK-2025-11-2123","810000","0","VEND-CLIK-005"
"JE-CLIK-00349","CLIK","2025-11-10","2025-11","BANK","2","1112","ADMIN","CLIK AP payment","AP-PAY-CLIK-2025-11-2123","0","810000","VEND-CLIK-005"
"JE-CLIK-00350","CLIK","2025-12-10","2025-12","BANK","1","2123","ADMIN","CLIK AP payment","AP-PAY-CLIK-2025-12-2123","810000","0","VEND-CLIK-005"
"JE-CLIK-00350","CLIK","2025-12-10","2025-12","BANK","2","1112","ADMIN","CLIK AP payment","AP-PAY-CLIK-2025-12-2123","0","810000","VEND-CLIK-005"
"JE-CLIK-00351","CLIK","2025-12-31","2025-12","GL","1","5411","ADMIN","CLIK employee benefit provision","EB-CLIK-2025","142664","0",
"JE-CLIK-00351","CLIK","2025-12-31","2025-12","GL","2","2230","ADMIN","CLIK employee benefit provision","EB-CLIK-2025","0","142664",
"JE-CLIK-00352","CLIK","2025-12-31","2025-12","GL","1","4190","ADMIN","Year-end closing - transfer P&L to retained earnings","CLOSE-CLIK-2025","4417936","0",
"JE-CLIK-00352","CLIK","2025-12-31","2025-12","GL","2","4130","ADMIN","Year-end closing - transfer P&L to retained earnings","CLOSE-CLIK-2025","40000000","0",
"JE-CLIK-00352","CLIK","2025-12-31","2025-12","GL","3","4160","ADMIN","Year-end closing - transfer P&L to retained earnings","CLOSE-CLIK-2025","3500000","0",
"JE-CLIK-00352","CLIK","2025-12-31","2025-12","GL","4","4140","ADMIN","Year-end closing - transfer P&L to retained earnings","CLOSE-CLIK-2025","12000000","0",
"JE-CLIK-00352","CLIK","2025-12-31","2025-12","GL","5","4120","ADMIN","Year-end closing - transfer P&L to retained earnings","CLOSE-CLIK-2025","150000000","0",
"JE-CLIK-00352","CLIK","2025-12-31","2025-12","GL","6","5120","ADMIN","Year-end closing - transfer P&L to retained earnings","CLOSE-CLIK-2025","0","52800928",
"JE-CLIK-00352","CLIK","2025-12-31","2025-12","GL","7","5130","ADMIN","Year-end closing - transfer P&L to retained earnings","CLOSE-CLIK-2025","0","120000000",
"JE-CLIK-00352","CLIK","2025-12-31","2025-12","GL","8","5210","ADMIN","Year-end closing - transfer P&L to retained earnings","CLOSE-CLIK-2025","0","7000000",
"JE-CLIK-00352","CLIK","2025-12-31","2025-12","GL","9","5411","ADMIN","Year-end closing - transfer P&L to retained earnings","CLOSE-CLIK-2025","0","25142664",
"JE-CLIK-00352","CLIK","2025-12-31","2025-12","GL","10","5414","ADMIN","Year-end closing - transfer P&L to retained earnings","CLOSE-CLIK-2025","0","4174703",
"JE-CLIK-00352","CLIK","2025-12-31","2025-12","GL","11","5135","ADMIN","Year-end closing - transfer P&L to retained earnings","CLOSE-CLIK-2025","0","10097119",
"JE-CLIK-00352","CLIK","2025-12-31","2025-12","GL","12","5415","ADMIN","Year-end closing - transfer P&L to retained earnings","CLOSE-CLIK-2025","0","411633",
"JE-CLIK-00352","CLIK","2025-12-31","2025-12","GL","13","5418","ADMIN","Year-end closing - transfer P&L to retained earnings","CLOSE-CLIK-2025","0","1000000",
"JE-CLIK-00352","CLIK","2025-12-31","2025-12","GL","14","5417","ADMIN","Year-end closing - transfer P&L to retained earnings","CLOSE-CLIK-2025","0","1124861",
"JE-CLIK-00352","CLIK","2025-12-31","2025-12","GL","15","5419","ADMIN","Year-end closing - transfer P&L to retained earnings","CLOSE-CLIK-2025","0","3000000",
"JE-CLIK-00352","CLIK","2025-12-31","2025-12","GL","16","5413","ADMIN","Year-end closing - transfer P&L to retained earnings","CLOSE-CLIK-2025","0","3000000",
"JE-CLIK-00352","CLIK","2025-12-31","2025-12","GL","17","5310","ADMIN","Year-end closing - transfer P&L to retained earnings","CLOSE-CLIK-2025","0","2723359",
"JE-CLIK-00352","CLIK","2025-12-31","2025-12","GL","18","5510","ADMIN","Year-end closing - transfer P&L to retained earnings","CLOSE-CLIK-2025","0","15471363",
"JE-CLIK-00352","CLIK","2025-12-31","2025-12","GL","19","5610","ADMIN","Year-end closing - transfer P&L to retained earnings","CLOSE-CLIK-2025","1498737","0",
"JE-CLIK-00352","CLIK","2025-12-31","2025-12","GL","20","3160","ADMIN","Year-end closing - transfer P&L to retained earnings","CLOSE-CLIK-2025","34529957","0",
