"je_id","company","posting_date","period","source","line_no","account_code","department","description","reference","debit","credit","counterparty"
"JE-HMW-00001","HMW","2025-01-01","2025-01","GL","1","1314","ADMIN","Opening balance 2025 (1-Jan)","OPEN-HMW","14775000","0",
"JE-HMW-00001","HMW","2025-01-01","2025-01","GL","2","2150","ADMIN","Opening balance 2025 (1-Jan)","OPEN-HMW","0","8950000",
"JE-HMW-00001","HMW","2025-01-01","2025-01","GL","3","1112","ADMIN","Opening balance 2025 (1-Jan)","OPEN-HMW","120000000","0",
"JE-HMW-00001","HMW","2025-01-01","2025-01","GL","4","1313","ADMIN","Opening balance 2025 (1-Jan)","OPEN-HMW","9600000","0",
"JE-HMW-00001","HMW","2025-01-01","2025-01","GL","5","1143","ADMIN","Opening balance 2025 (1-Jan)","OPEN-HMW","5652238","0",
"JE-HMW-00001","HMW","2025-01-01","2025-01","GL","6","1319","ADMIN","Opening balance 2025 (1-Jan)","OPEN-HMW","84637037","0",
"JE-HMW-00001","HMW","2025-01-01","2025-01","GL","7","1230","ADMIN","Opening balance 2025 (1-Jan)","OPEN-HMW","145607870","0",
"JE-HMW-00001","HMW","2025-01-01","2025-01","GL","8","1122","ADMIN","Opening balance 2025 (1-Jan)","OPEN-HMW","10000000","0",
"JE-HMW-00001","HMW","2025-01-01","2025-01","GL","9","2110","ADMIN","Opening balance 2025 (1-Jan)","OPEN-HMW","0","220000000",
"JE-HMW-00001","HMW","2025-01-01","2025-01","GL","10","2122","ADMIN","Opening balance 2025 (1-Jan)","OPEN-HMW","0","12000000",
"JE-HMW-00001","HMW","2025-01-01","2025-01","GL","11","2130","ADMIN","Opening balance 2025 (1-Jan)","OPEN-HMW","0","22000000",
"JE-HMW-00001","HMW","2025-01-01","2025-01","GL","12","2230","ADMIN","Opening balance 2025 (1-Jan)","OPEN-HMW","0","3000000",
"JE-HMW-00001","HMW","2025-01-01","2025-01","GL","13","2121","ADMIN","Opening balance 2025 (1-Jan)","OPEN-HMW","0","65000000",
"JE-HMW-00001","HMW","2025-01-01","2025-01","GL","14","3160","ADMIN","Opening balance 2025 (1-Jan)","OPEN-HMW","0","195882562",
"JE-HMW-00001","HMW","2025-01-01","2025-01","GL","15","1311","ADMIN","Opening balance 2025 (1-Jan)","OPEN-HMW","180000000","0",
"JE-HMW-00001","HMW","2025-01-01","2025-01","GL","16","3110","ADMIN","Opening balance 2025 (1-Jan)","OPEN-HMW","0","600000000",
"JE-HMW-00001","HMW","2025-01-01","2025-01","GL","17","2170","ADMIN","Opening balance 2025 (1-Jan)","OPEN-HMW","0","2000000",
"JE-HMW-00001","HMW","2025-01-01","2025-01","GL","18","1320","ADMIN","Opening balance 2025 (1-Jan)","OPEN-HMW","156856043","0",
"JE-HMW-00001","HMW","2025-01-01","2025-01","GL","19","1312","ADMIN","Opening balance 2025 (1-Jan)","OPEN-HMW","175000000","0",
"JE-HMW-00001","HMW","2025-01-01","2025-01","GL","20","1220","ADMIN","Opening balance 2025 (1-Jan)","OPEN-HMW","4522324","0",
"JE-HMW-00001","HMW","2025-01-01","2025-01","GL","21","2123","ADMIN","Opening balance 2025 (1-Jan)","OPEN-HMW","0","5704488",
"JE-HMW-00001","HMW","2025-01-01","2025-01","GL","22","1123","ADMIN","Opening balance 2025 (1-Jan)","OPEN-HMW","6400825","0",
"JE-HMW-00001","HMW","2025-01-01","2025-01","GL","23","2140","ADMIN","Opening balance 2025 (1-Jan)","OPEN-HMW","0","11150000",
"JE-HMW-00001","HMW","2025-01-01","2025-01","GL","24","2220","ADMIN","Opening balance 2025 (1-Jan)","OPEN-HMW","0","166000000",
"JE-HMW-00001","HMW","2025-01-01","2025-01","GL","25","1340","ADMIN","Opening balance 2025 (1-Jan)","OPEN-HMW","10590532","0",
"JE-HMW-00001","HMW","2025-01-01","2025-01","GL","26","1113","ADMIN","Opening balance 2025 (1-Jan)","OPEN-HMW","10000000","0",
"JE-HMW-00001","HMW","2025-01-01","2025-01","GL","27","1130","ADMIN","Opening balance 2025 (1-Jan)","OPEN-HMW","8500000","0",
"JE-HMW-00001","HMW","2025-01-01","2025-01","GL","28","1142","ADMIN","Opening balance 2025 (1-Jan)","OPEN-HMW","18000000","0",
"JE-HMW-00001","HMW","2025-01-01","2025-01","GL","29","1121","ADMIN","Opening balance 2025 (1-Jan)","OPEN-HMW","12000000","0",
"JE-HMW-00001","HMW","2025-01-01","2025-01","GL","30","2160","ADMIN","Opening balance 2025 (1-Jan)","OPEN-HMW","0","4056207",
"JE-HMW-00001","HMW","2025-01-01","2025-01","GL","31","1350","ADMIN","Opening balance 2025 (1-Jan)","OPEN-HMW","9772775","0",
"JE-HMW-00001","HMW","2025-01-01","2025-01","GL","32","1141","ADMIN","Opening balance 2025 (1-Jan)","OPEN-HMW","85000000","0",
"JE-HMW-00001","HMW","2025-01-01","2025-01","GL","33","2240","ADMIN","Opening balance 2025 (1-Jan)","OPEN-HMW","0","5912371",
"JE-HMW-00001","HMW","2025-01-01","2025-01","GL","34","1150","ADMIN","Opening balance 2025 (1-Jan)","OPEN-HMW","1812064","0",
"JE-HMW-00001","HMW","2025-01-01","2025-01","GL","35","3160","ADMIN","Opening balance 2025 (1-Jan)","OPEN-HMW","252928920","0",
"JE-HMW-00002","HMW","2025-01-28","2025-01","AR","1","1112","SALES","HMW 4190 monthly revenue 2025-01","REV-HMW-2025-01-4190","1704466","0","CUST-HMW-001"
"JE-HMW-00002","HMW","2025-01-28","2025-01","AR","2","4190","ADMIN","HMW 4190 monthly revenue 2025-01","REV-HMW-2025-01-4190","0","1704466",""
"JE-HMW-00003","HMW","2025-02-28","2025-02","AR","1","1112","SALES","HMW 4190 monthly revenue 2025-02","REV-HMW-2025-02-4190","1590835","0","CUST-HMW-001"
"JE-HMW-00003","HMW","2025-02-28","2025-02","AR","2","4190","ADMIN","HMW 4190 monthly revenue 2025-02","REV-HMW-2025-02-4190","0","1590835",""
"JE-HMW-00004","HMW","2025-03-28","2025-03","AR","1","1112","SALES","HMW 4190 monthly revenue 2025-03","REV-HMW-2025-03-4190","1931728","0","CUST-HMW-001"
"JE-HMW-00004","HMW","2025-03-28","2025-03","AR","2","4190","ADMIN","HMW 4190 monthly revenue 2025-03","REV-HMW-2025-03-4190","0","1931728",""
"JE-HMW-00005","HMW","2025-04-28","2025-04","AR","1","1112","SALES","HMW 4190 monthly revenue 2025-04","REV-HMW-2025-04-4190","1704466","0","CUST-HMW-001"
"JE-HMW-00005","HMW","2025-04-28","2025-04","AR","2","4190","ADMIN","HMW 4190 monthly revenue 2025-04","REV-HMW-2025-04-4190","0","1704466",""
"JE-HMW-00006","HMW","2025-05-28","2025-05","AR","1","1112","SALES","HMW 4190 monthly revenue 2025-05","REV-HMW-2025-05-4190","1818097","0","CUST-HMW-001"
"JE-HMW-00006","HMW","2025-05-28","2025-05","AR","2","4190","ADMIN","HMW 4190 monthly revenue 2025-05","REV-HMW-2025-05-4190","0","1818097",""
"JE-HMW-00007","HMW","2025-06-28","2025-06","AR","1","1112","SALES","HMW 4190 monthly revenue 2025-06","REV-HMW-2025-06-4190","1931728","0","CUST-HMW-001"
"JE-HMW-00007","HMW","2025-06-28","2025-06","AR","2","4190","ADMIN","HMW 4190 monthly revenue 2025-06","REV-HMW-2025-06-4190","0","1931728",""
"JE-HMW-00008","HMW","2025-07-28","2025-07","AR","1","1112","SALES","HMW 4190 monthly revenue 2025-07","REV-HMW-2025-07-4190","1931728","0","CUST-HMW-001"
"JE-HMW-00008","HMW","2025-07-28","2025-07","AR","2","4190","ADMIN","HMW 4190 monthly revenue 2025-07","REV-HMW-2025-07-4190","0","1931728",""
"JE-HMW-00009","HMW","2025-08-28","2025-08","AR","1","1112","SALES","HMW 4190 monthly revenue 2025-08","REV-HMW-2025-08-4190","1931728","0","CUST-HMW-001"
"JE-HMW-00009","HMW","2025-08-28","2025-08","AR","2","4190","ADMIN","HMW 4190 monthly revenue 2025-08","REV-HMW-2025-08-4190","0","1931728",""
"JE-HMW-00010","HMW","2025-09-28","2025-09","AR","1","1112","SALES","HMW 4190 monthly revenue 2025-09","REV-HMW-2025-09-4190","2045360","0","CUST-HMW-001"
"JE-HMW-00010","HMW","2025-09-28","2025-09","AR","2","4190","ADMIN","HMW 4190 monthly revenue 2025-09","REV-HMW-2025-09-4190","0","2045360",""
"JE-HMW-00011","HMW","2025-10-28","2025-10","AR","1","1112","SALES","HMW 4190 monthly revenue 2025-10","REV-HMW-2025-10-4190","2045360","0","CUST-HMW-001"
"JE-HMW-00011","HMW","2025-10-28","2025-10","AR","2","4190","ADMIN","HMW 4190 monthly revenue 2025-10","REV-HMW-2025-10-4190","0","2045360",""
"JE-HMW-00012","HMW","2025-11-28","2025-11","AR","1","1112","SALES","HMW 4190 monthly revenue 2025-11","REV-HMW-2025-11-4190","2045360","0","CUST-HMW-001"
"JE-HMW-00012","HMW","2025-11-28","2025-11","AR","2","4190","ADMIN","HMW 4190 monthly revenue 2025-11","REV-HMW-2025-11-4190","0","2045360",""
"JE-HMW-00013","HMW","2025-12-28","2025-12","AR","1","1112","SALES","HMW 4190 monthly revenue 2025-12","REV-HMW-2025-12-4190","2045361","0","CUST-HMW-001"
"JE-HMW-00013","HMW","2025-12-28","2025-12","AR","2","4190","ADMIN","HMW 4190 monthly revenue 2025-12","REV-HMW-2025-12-4190","0","2045361",""
"JE-HMW-00014","HMW","2025-01-28","2025-01","AR","1","1112","SALES","HMW 4160 monthly revenue 2025-01","REV-HMW-2025-01-4160","1809485","0","CUST-HMW-009"
"JE-HMW-00014","HMW","2025-01-28","2025-01","AR","2","4160","SALES","HMW 4160 monthly revenue 2025-01","REV-HMW-2025-01-4160","0","1809485",""
"JE-HMW-00015","HMW","2025-02-28","2025-02","AR","1","1112","SALES","HMW 4160 monthly revenue 2025-02","REV-HMW-2025-02-4160","1688853","0","CUST-HMW-009"
"JE-HMW-00015","HMW","2025-02-28","2025-02","AR","2","4160","SALES","HMW 4160 monthly revenue 2025-02","REV-HMW-2025-02-4160","0","1688853",""
"JE-HMW-00016","HMW","2025-03-28","2025-03","AR","1","1112","SALES","HMW 4160 monthly revenue 2025-03","REV-HMW-2025-03-4160","2050750","0","CUST-HMW-009"
"JE-HMW-00016","HMW","2025-03-28","2025-03","AR","2","4160","SALES","HMW 4160 monthly revenue 2025-03","REV-HMW-2025-03-4160","0","2050750",""
"JE-HMW-00017","HMW","2025-04-28","2025-04","AR","1","1112","SALES","HMW 4160 monthly revenue 2025-04","REV-HMW-2025-04-4160","1809485","0","CUST-HMW-009"
"JE-HMW-00017","HMW","2025-04-28","2025-04","AR","2","4160","SALES","HMW 4160 monthly revenue 2025-04","REV-HMW-2025-04-4160","0","1809485",""
"JE-HMW-00018","HMW","2025-05-28","2025-05","AR","1","1112","SALES","HMW 4160 monthly revenue 2025-05","REV-HMW-2025-05-4160","1930117","0","CUST-HMW-009"
"JE-HMW-00018","HMW","2025-05-28","2025-05","AR","2","4160","SALES","HMW 4160 monthly revenue 2025-05","REV-HMW-2025-05-4160","0","1930117",""
"JE-HMW-00019","HMW","2025-06-28","2025-06","AR","1","1112","SALES","HMW 4160 monthly revenue 2025-06","REV-HMW-2025-06-4160","2050750","0","CUST-HMW-009"
"JE-HMW-00019","HMW","2025-06-28","2025-06","AR","2","4160","SALES","HMW 4160 monthly revenue 2025-06","REV-HMW-2025-06-4160","0","2050750",""
"JE-HMW-00020","HMW","2025-07-28","2025-07","AR","1","1112","SALES","HMW 4160 monthly revenue 2025-07","REV-HMW-2025-07-4160","2050750","0","CUST-HMW-009"
"JE-HMW-00020","HMW","2025-07-28","2025-07","AR","2","4160","SALES","HMW 4160 monthly revenue 2025-07","REV-HMW-2025-07-4160","0","2050750",""
"JE-HMW-00021","HMW","2025-08-28","2025-08","AR","1","1112","SALES","HMW 4160 monthly revenue 2025-08","REV-HMW-2025-08-4160","2050750","0","CUST-HMW-009"
"JE-HMW-00021","HMW","2025-08-28","2025-08","AR","2","4160","SALES","HMW 4160 monthly revenue 2025-08","REV-HMW-2025-08-4160","0","2050750",""
"JE-HMW-00022","HMW","2025-09-28","2025-09","AR","1","1112","SALES","HMW 4160 monthly revenue 2025-09","REV-HMW-2025-09-4160","2171382","0","CUST-HMW-009"
"JE-HMW-00022","HMW","2025-09-28","2025-09","AR","2","4160","SALES","HMW 4160 monthly revenue 2025-09","REV-HMW-2025-09-4160","0","2171382",""
"JE-HMW-00023","HMW","2025-10-28","2025-10","AR","1","1112","SALES","HMW 4160 monthly revenue 2025-10","REV-HMW-2025-10-4160","2171382","0","CUST-HMW-009"
"JE-HMW-00023","HMW","2025-10-28","2025-10","AR","2","4160","SALES","HMW 4160 monthly revenue 2025-10","REV-HMW-2025-10-4160","0","2171382",""
"JE-HMW-00024","HMW","2025-11-28","2025-11","AR","1","1112","SALES","HMW 4160 monthly revenue 2025-11","REV-HMW-2025-11-4160","2171382","0","CUST-HMW-009"
"JE-HMW-00024","HMW","2025-11-28","2025-11","AR","2","4160","SALES","HMW 4160 monthly revenue 2025-11","REV-HMW-2025-11-4160","0","2171382",""
"JE-HMW-00025","HMW","2025-12-28","2025-12","AR","1","1112","SALES","HMW 4160 monthly revenue 2025-12","REV-HMW-2025-12-4160","2171382","0","CUST-HMW-009"
"JE-HMW-00025","HMW","2025-12-28","2025-12","AR","2","4160","SALES","HMW 4160 monthly revenue 2025-12","REV-HMW-2025-12-4160","0","2171382",""
"JE-HMW-00026","HMW","2025-01-28","2025-01","AR","1","1125","PARTS","HMW 4130 monthly revenue 2025-01","REV-HMW-2025-01-4130","990000","0","CUST-HMW-099"
"JE-HMW-00026","HMW","2025-01-28","2025-01","AR","2","1112","SALES","HMW 4130 monthly revenue 2025-01","REV-HMW-2025-01-4130","7260000","0","CUST-HMW-001"
"JE-HMW-00026","HMW","2025-01-28","2025-01","AR","3","4130","PARTS","HMW 4130 monthly revenue 2025-01","REV-HMW-2025-01-4130","0","8250000",""
"JE-HMW-00027","HMW","2025-02-28","2025-02","AR","1","1125","PARTS","HMW 4130 monthly revenue 2025-02","REV-HMW-2025-02-4130","924000","0","CUST-HMW-099"
"JE-HMW-00027","HMW","2025-02-28","2025-02","AR","2","1112","SALES","HMW 4130 monthly revenue 2025-02","REV-HMW-2025-02-4130","6776000","0","CUST-HMW-001"
"JE-HMW-00027","HMW","2025-02-28","2025-02","AR","3","4130","PARTS","HMW 4130 monthly revenue 2025-02","REV-HMW-2025-02-4130","0","7700000",""
"JE-HMW-00028","HMW","2025-03-28","2025-03","AR","1","1125","PARTS","HMW 4130 monthly revenue 2025-03","REV-HMW-2025-03-4130","1122000","0","CUST-HMW-099"
"JE-HMW-00028","HMW","2025-03-28","2025-03","AR","2","1112","SALES","HMW 4130 monthly revenue 2025-03","REV-HMW-2025-03-4130","8228000","0","CUST-HMW-001"
"JE-HMW-00028","HMW","2025-03-28","2025-03","AR","3","4130","PARTS","HMW 4130 monthly revenue 2025-03","REV-HMW-2025-03-4130","0","9350000",""
"JE-HMW-00029","HMW","2025-04-28","2025-04","AR","1","1125","PARTS","HMW 4130 monthly revenue 2025-04","REV-HMW-2025-04-4130","990000","0","CUST-HMW-099"
"JE-HMW-00029","HMW","2025-04-28","2025-04","AR","2","1112","SALES","HMW 4130 monthly revenue 2025-04","REV-HMW-2025-04-4130","7260000","0","CUST-HMW-001"
"JE-HMW-00029","HMW","2025-04-28","2025-04","AR","3","4130","PARTS","HMW 4130 monthly revenue 2025-04","REV-HMW-2025-04-4130","0","8250000",""
"JE-HMW-00030","HMW","2025-05-28","2025-05","AR","1","1125","PARTS","HMW 4130 monthly revenue 2025-05","REV-HMW-2025-05-4130","1056000","0","CUST-HMW-099"
"JE-HMW-00030","HMW","2025-05-28","2025-05","AR","2","1112","SALES","HMW 4130 monthly revenue 2025-05","REV-HMW-2025-05-4130","7744000","0","CUST-HMW-001"
"JE-HMW-00030","HMW","2025-05-28","2025-05","AR","3","4130","PARTS","HMW 4130 monthly revenue 2025-05","REV-HMW-2025-05-4130","0","8800000",""
"JE-HMW-00031","HMW","2025-06-28","2025-06","AR","1","1125","PARTS","HMW 4130 monthly revenue 2025-06","REV-HMW-2025-06-4130","1122000","0","CUST-HMW-099"
"JE-HMW-00031","HMW","2025-06-28","2025-06","AR","2","1112","SALES","HMW 4130 monthly revenue 2025-06","REV-HMW-2025-06-4130","8228000","0","CUST-HMW-001"
"JE-HMW-00031","HMW","2025-06-28","2025-06","AR","3","4130","PARTS","HMW 4130 monthly revenue 2025-06","REV-HMW-2025-06-4130","0","9350000",""
"JE-HMW-00032","HMW","2025-07-28","2025-07","AR","1","1125","PARTS","HMW 4130 monthly revenue 2025-07","REV-HMW-2025-07-4130","1122000","0","CUST-HMW-099"
"JE-HMW-00032","HMW","2025-07-28","2025-07","AR","2","1112","SALES","HMW 4130 monthly revenue 2025-07","REV-HMW-2025-07-4130","8228000","0","CUST-HMW-001"
"JE-HMW-00032","HMW","2025-07-28","2025-07","AR","3","4130","PARTS","HMW 4130 monthly revenue 2025-07","REV-HMW-2025-07-4130","0","9350000",""
"JE-HMW-00033","HMW","2025-08-28","2025-08","AR","1","1125","PARTS","HMW 4130 monthly revenue 2025-08","REV-HMW-2025-08-4130","1122000","0","CUST-HMW-099"
"JE-HMW-00033","HMW","2025-08-28","2025-08","AR","2","1112","SALES","HMW 4130 monthly revenue 2025-08","REV-HMW-2025-08-4130","8228000","0","CUST-HMW-001"
"JE-HMW-00033","HMW","2025-08-28","2025-08","AR","3","4130","PARTS","HMW 4130 monthly revenue 2025-08","REV-HMW-2025-08-4130","0","9350000",""
"JE-HMW-00034","HMW","2025-09-28","2025-09","AR","1","1125","PARTS","HMW 4130 monthly revenue 2025-09","REV-HMW-2025-09-4130","1188000","0","CUST-HMW-099"
"JE-HMW-00034","HMW","2025-09-28","2025-09","AR","2","1112","SALES","HMW 4130 monthly revenue 2025-09","REV-HMW-2025-09-4130","8712000","0","CUST-HMW-001"
"JE-HMW-00034","HMW","2025-09-28","2025-09","AR","3","4130","PARTS","HMW 4130 monthly revenue 2025-09","REV-HMW-2025-09-4130","0","9900000",""
"JE-HMW-00035","HMW","2025-10-28","2025-10","AR","1","1125","PARTS","HMW 4130 monthly revenue 2025-10","REV-HMW-2025-10-4130","1188000","0","CUST-HMW-099"
"JE-HMW-00035","HMW","2025-10-28","2025-10","AR","2","1112","SALES","HMW 4130 monthly revenue 2025-10","REV-HMW-2025-10-4130","8712000","0","CUST-HMW-001"
"JE-HMW-00035","HMW","2025-10-28","2025-10","AR","3","4130","PARTS","HMW 4130 monthly revenue 2025-10","REV-HMW-2025-10-4130","0","9900000",""
"JE-HMW-00036","HMW","2025-11-28","2025-11","AR","1","1125","PARTS","HMW 4130 monthly revenue 2025-11","REV-HMW-2025-11-4130","1188000","0","CUST-HMW-099"
"JE-HMW-00036","HMW","2025-11-28","2025-11","AR","2","1112","SALES","HMW 4130 monthly revenue 2025-11","REV-HMW-2025-11-4130","8712000","0","CUST-HMW-001"
"JE-HMW-00036","HMW","2025-11-28","2025-11","AR","3","4130","PARTS","HMW 4130 monthly revenue 2025-11","REV-HMW-2025-11-4130","0","9900000",""
"JE-HMW-00037","HMW","2025-12-28","2025-12","AR","1","1125","PARTS","HMW 4130 monthly revenue 2025-12","REV-HMW-2025-12-4130","1188000","0","CUST-HMW-099"
"JE-HMW-00037","HMW","2025-12-28","2025-12","AR","2","1112","SALES","HMW 4130 monthly revenue 2025-12","REV-HMW-2025-12-4130","8712000","0","CUST-HMW-001"
"JE-HMW-00037","HMW","2025-12-28","2025-12","AR","3","4130","PARTS","HMW 4130 monthly revenue 2025-12","REV-HMW-2025-12-4130","0","9900000",""
"JE-HMW-00038","HMW","2025-01-28","2025-01","AR","1","1112","SALES","HMW 4110 monthly revenue 2025-01","REV-HMW-2025-01-4110","36000000","0","CUST-HMW-001"
"JE-HMW-00038","HMW","2025-01-28","2025-01","AR","2","1122","SALES","HMW 4110 monthly revenue 2025-01","REV-HMW-2025-01-4110","18000000","0","CUST-HMW-002"
"JE-HMW-00038","HMW","2025-01-28","2025-01","AR","3","1123","SALES","HMW 4110 monthly revenue 2025-01","REV-HMW-2025-01-4110","6000000","0","CUST-HMW-006"
"JE-HMW-00038","HMW","2025-01-28","2025-01","AR","4","4110","SALES","HMW 4110 monthly revenue 2025-01","REV-HMW-2025-01-4110","0","60000000",""
"JE-HMW-00039","HMW","2025-02-28","2025-02","AR","1","1112","SALES","HMW 4110 monthly revenue 2025-02","REV-HMW-2025-02-4110","33600000","0","CUST-HMW-001"
"JE-HMW-00039","HMW","2025-02-28","2025-02","AR","2","1122","SALES","HMW 4110 monthly revenue 2025-02","REV-HMW-2025-02-4110","16800000","0","CUST-HMW-002"
"JE-HMW-00039","HMW","2025-02-28","2025-02","AR","3","1123","SALES","HMW 4110 monthly revenue 2025-02","REV-HMW-2025-02-4110","5600000","0","CUST-HMW-006"
"JE-HMW-00039","HMW","2025-02-28","2025-02","AR","4","4110","SALES","HMW 4110 monthly revenue 2025-02","REV-HMW-2025-02-4110","0","56000000",""
"JE-HMW-00040","HMW","2025-03-28","2025-03","AR","1","1112","SALES","HMW 4110 monthly revenue 2025-03","REV-HMW-2025-03-4110","40800000","0","CUST-HMW-001"
"JE-HMW-00040","HMW","2025-03-28","2025-03","AR","2","1122","SALES","HMW 4110 monthly revenue 2025-03","REV-HMW-2025-03-4110","20400000","0","CUST-HMW-002"
"JE-HMW-00040","HMW","2025-03-28","2025-03","AR","3","1123","SALES","HMW 4110 monthly revenue 2025-03","REV-HMW-2025-03-4110","6800000","0","CUST-HMW-006"
"JE-HMW-00040","HMW","2025-03-28","2025-03","AR","4","4110","SALES","HMW 4110 monthly revenue 2025-03","REV-HMW-2025-03-4110","0","68000000",""
"JE-HMW-00041","HMW","2025-04-28","2025-04","AR","1","1112","SALES","HMW 4110 monthly revenue 2025-04","REV-HMW-2025-04-4110","36000000","0","CUST-HMW-001"
"JE-HMW-00041","HMW","2025-04-28","2025-04","AR","2","1122","SALES","HMW 4110 monthly revenue 2025-04","REV-HMW-2025-04-4110","18000000","0","CUST-HMW-002"
"JE-HMW-00041","HMW","2025-04-28","2025-04","AR","3","1123","SALES","HMW 4110 monthly revenue 2025-04","REV-HMW-2025-04-4110","6000000","0","CUST-HMW-006"
"JE-HMW-00041","HMW","2025-04-28","2025-04","AR","4","4110","SALES","HMW 4110 monthly revenue 2025-04","REV-HMW-2025-04-4110","0","60000000",""
"JE-HMW-00042","HMW","2025-05-28","2025-05","AR","1","1112","SALES","HMW 4110 monthly revenue 2025-05","REV-HMW-2025-05-4110","38400000","0","CUST-HMW-001"
"JE-HMW-00042","HMW","2025-05-28","2025-05","AR","2","1122","SALES","HMW 4110 monthly revenue 2025-05","REV-HMW-2025-05-4110","19200000","0","CUST-HMW-002"
"JE-HMW-00042","HMW","2025-05-28","2025-05","AR","3","1123","SALES","HMW 4110 monthly revenue 2025-05","REV-HMW-2025-05-4110","6400000","0","CUST-HMW-006"
"JE-HMW-00042","HMW","2025-05-28","2025-05","AR","4","4110","SALES","HMW 4110 monthly revenue 2025-05","REV-HMW-2025-05-4110","0","64000000",""
"JE-HMW-00043","HMW","2025-06-28","2025-06","AR","1","1112","SALES","HMW 4110 monthly revenue 2025-06","REV-HMW-2025-06-4110","40800000","0","CUST-HMW-001"
"JE-HMW-00043","HMW","2025-06-28","2025-06","AR","2","1122","SALES","HMW 4110 monthly revenue 2025-06","REV-HMW-2025-06-4110","20400000","0","CUST-HMW-002"
"JE-HMW-00043","HMW","2025-06-28","2025-06","AR","3","1123","SALES","HMW 4110 monthly revenue 2025-06","REV-HMW-2025-06-4110","6800000","0","CUST-HMW-006"
"JE-HMW-00043","HMW","2025-06-28","2025-06","AR","4","4110","SALES","HMW 4110 monthly revenue 2025-06","REV-HMW-2025-06-4110","0","68000000",""
"JE-HMW-00044","HMW","2025-07-28","2025-07","AR","1","1112","SALES","HMW 4110 monthly revenue 2025-07","REV-HMW-2025-07-4110","40800000","0","CUST-HMW-001"
"JE-HMW-00044","HMW","2025-07-28","2025-07","AR","2","1122","SALES","HMW 4110 monthly revenue 2025-07","REV-HMW-2025-07-4110","20400000","0","CUST-HMW-002"
"JE-HMW-00044","HMW","2025-07-28","2025-07","AR","3","1123","SALES","HMW 4110 monthly revenue 2025-07","REV-HMW-2025-07-4110","6800000","0","CUST-HMW-006"
"JE-HMW-00044","HMW","2025-07-28","2025-07","AR","4","4110","SALES","HMW 4110 monthly revenue 2025-07","REV-HMW-2025-07-4110","0","68000000",""
"JE-HMW-00045","HMW","2025-08-28","2025-08","AR","1","1112","SALES","HMW 4110 monthly revenue 2025-08","REV-HMW-2025-08-4110","40800000","0","CUST-HMW-001"
"JE-HMW-00045","HMW","2025-08-28","2025-08","AR","2","1122","SALES","HMW 4110 monthly revenue 2025-08","REV-HMW-2025-08-4110","20400000","0","CUST-HMW-002"
"JE-HMW-00045","HMW","2025-08-28","2025-08","AR","3","1123","SALES","HMW 4110 monthly revenue 2025-08","REV-HMW-2025-08-4110","6800000","0","CUST-HMW-006"
"JE-HMW-00045","HMW","2025-08-28","2025-08","AR","4","4110","SALES","HMW 4110 monthly revenue 2025-08","REV-HMW-2025-08-4110","0","68000000",""
"JE-HMW-00046","HMW","2025-09-28","2025-09","AR","1","1112","SALES","HMW 4110 monthly revenue 2025-09","REV-HMW-2025-09-4110","43200000","0","CUST-HMW-001"
"JE-HMW-00046","HMW","2025-09-28","2025-09","AR","2","1122","SALES","HMW 4110 monthly revenue 2025-09","REV-HMW-2025-09-4110","21600000","0","CUST-HMW-002"
"JE-HMW-00046","HMW","2025-09-28","2025-09","AR","3","1123","SALES","HMW 4110 monthly revenue 2025-09","REV-HMW-2025-09-4110","7200000","0","CUST-HMW-006"
"JE-HMW-00046","HMW","2025-09-28","2025-09","AR","4","4110","SALES","HMW 4110 monthly revenue 2025-09","REV-HMW-2025-09-4110","0","72000000",""
"JE-HMW-00047","HMW","2025-10-28","2025-10","AR","1","1112","SALES","HMW 4110 monthly revenue 2025-10","REV-HMW-2025-10-4110","43200000","0","CUST-HMW-001"
"JE-HMW-00047","HMW","2025-10-28","2025-10","AR","2","1122","SALES","HMW 4110 monthly revenue 2025-10","REV-HMW-2025-10-4110","21600000","0","CUST-HMW-002"
"JE-HMW-00047","HMW","2025-10-28","2025-10","AR","3","1123","SALES","HMW 4110 monthly revenue 2025-10","REV-HMW-2025-10-4110","7200000","0","CUST-HMW-006"
"JE-HMW-00047","HMW","2025-10-28","2025-10","AR","4","4110","SALES","HMW 4110 monthly revenue 2025-10","REV-HMW-2025-10-4110","0","72000000",""
"JE-HMW-00048","HMW","2025-11-28","2025-11","AR","1","1112","SALES","HMW 4110 monthly revenue 2025-11","REV-HMW-2025-11-4110","43200000","0","CUST-HMW-001"
"JE-HMW-00048","HMW","2025-11-28","2025-11","AR","2","1122","SALES","HMW 4110 monthly revenue 2025-11","REV-HMW-2025-11-4110","21600000","0","CUST-HMW-002"
"JE-HMW-00048","HMW","2025-11-28","2025-11","AR","3","1123","SALES","HMW 4110 monthly revenue 2025-11","REV-HMW-2025-11-4110","7200000","0","CUST-HMW-006"
"JE-HMW-00048","HMW","2025-11-28","2025-11","AR","4","4110","SALES","HMW 4110 monthly revenue 2025-11","REV-HMW-2025-11-4110","0","72000000",""
"JE-HMW-00049","HMW","2025-12-28","2025-12","AR","1","1112","SALES","HMW 4110 monthly revenue 2025-12","REV-HMW-2025-12-4110","43200000","0","CUST-HMW-001"
"JE-HMW-00049","HMW","2025-12-28","2025-12","AR","2","1122","SALES","HMW 4110 monthly revenue 2025-12","REV-HMW-2025-12-4110","21600000","0","CUST-HMW-002"
"JE-HMW-00049","HMW","2025-12-28","2025-12","AR","3","1123","SALES","HMW 4110 monthly revenue 2025-12","REV-HMW-2025-12-4110","7200000","0","CUST-HMW-006"
"JE-HMW-00049","HMW","2025-12-28","2025-12","AR","4","4110","SALES","HMW 4110 monthly revenue 2025-12","REV-HMW-2025-12-4110","0","72000000",""
"JE-HMW-00050","HMW","2025-01-28","2025-01","AR","1","1112","SALES","HMW 4180 monthly revenue 2025-01","REV-HMW-2025-01-4180","101057","0","CUST-HMW-001"
"JE-HMW-00050","HMW","2025-01-28","2025-01","AR","2","4180","FINANCE","HMW 4180 monthly revenue 2025-01","REV-HMW-2025-01-4180","0","101057",""
"JE-HMW-00051","HMW","2025-02-28","2025-02","AR","1","1112","SALES","HMW 4180 monthly revenue 2025-02","REV-HMW-2025-02-4180","94320","0","CUST-HMW-001"
"JE-HMW-00051","HMW","2025-02-28","2025-02","AR","2","4180","FINANCE","HMW 4180 monthly revenue 2025-02","REV-HMW-2025-02-4180","0","94320",""
"JE-HMW-00052","HMW","2025-03-28","2025-03","AR","1","1112","SALES","HMW 4180 monthly revenue 2025-03","REV-HMW-2025-03-4180","114531","0","CUST-HMW-001"
"JE-HMW-00052","HMW","2025-03-28","2025-03","AR","2","4180","FINANCE","HMW 4180 monthly revenue 2025-03","REV-HMW-2025-03-4180","0","114531",""
"JE-HMW-00053","HMW","2025-04-28","2025-04","AR","1","1112","SALES","HMW 4180 monthly revenue 2025-04","REV-HMW-2025-04-4180","101057","0","CUST-HMW-001"
"JE-HMW-00053","HMW","2025-04-28","2025-04","AR","2","4180","FINANCE","HMW 4180 monthly revenue 2025-04","REV-HMW-2025-04-4180","0","101057",""
"JE-HMW-00054","HMW","2025-05-28","2025-05","AR","1","1112","SALES","HMW 4180 monthly revenue 2025-05","REV-HMW-2025-05-4180","107794","0","CUST-HMW-001"
"JE-HMW-00054","HMW","2025-05-28","2025-05","AR","2","4180","FINANCE","HMW 4180 monthly revenue 2025-05","REV-HMW-2025-05-4180","0","107794",""
"JE-HMW-00055","HMW","2025-06-28","2025-06","AR","1","1112","SALES","HMW 4180 monthly revenue 2025-06","REV-HMW-2025-06-4180","114531","0","CUST-HMW-001"
"JE-HMW-00055","HMW","2025-06-28","2025-06","AR","2","4180","FINANCE","HMW 4180 monthly revenue 2025-06","REV-HMW-2025-06-4180","0","114531",""
"JE-HMW-00056","HMW","2025-07-28","2025-07","AR","1","1112","SALES","HMW 4180 monthly revenue 2025-07","REV-HMW-2025-07-4180","114531","0","CUST-HMW-001"
"JE-HMW-00056","HMW","2025-07-28","2025-07","AR","2","4180","FINANCE","HMW 4180 monthly revenue 2025-07","REV-HMW-2025-07-4180","0","114531",""
"JE-HMW-00057","HMW","2025-08-28","2025-08","AR","1","1112","SALES","HMW 4180 monthly revenue 2025-08","REV-HMW-2025-08-4180","114531","0","CUST-HMW-001"
"JE-HMW-00057","HMW","2025-08-28","2025-08","AR","2","4180","FINANCE","HMW 4180 monthly revenue 2025-08","REV-HMW-2025-08-4180","0","114531",""
"JE-HMW-00058","HMW","2025-09-28","2025-09","AR","1","1112","SALES","HMW 4180 monthly revenue 2025-09","REV-HMW-2025-09-4180","121268","0","CUST-HMW-001"
"JE-HMW-00058","HMW","2025-09-28","2025-09","AR","2","4180","FINANCE","HMW 4180 monthly revenue 2025-09","REV-HMW-2025-09-4180","0","121268",""
"JE-HMW-00059","HMW","2025-10-28","2025-10","AR","1","1112","SALES","HMW 4180 monthly revenue 2025-10","REV-HMW-2025-10-4180","121268","0","CUST-HMW-001"
"JE-HMW-00059","HMW","2025-10-28","2025-10","AR","2","4180","FINANCE","HMW 4180 monthly revenue 2025-10","REV-HMW-2025-10-4180","0","121268",""
"JE-HMW-00060","HMW","2025-11-28","2025-11","AR","1","1112","SALES","HMW 4180 monthly revenue 2025-11","REV-HMW-2025-11-4180","121268","0","CUST-HMW-001"
"JE-HMW-00060","HMW","2025-11-28","2025-11","AR","2","4180","FINANCE","HMW 4180 monthly revenue 2025-11","REV-HMW-2025-11-4180","0","121268",""
"JE-HMW-00061","HMW","2025-12-28","2025-12","AR","1","1112","SALES","HMW 4180 monthly revenue 2025-12","REV-HMW-2025-12-4180","121270","0","CUST-HMW-001"
"JE-HMW-00061","HMW","2025-12-28","2025-12","AR","2","4180","FINANCE","HMW 4180 monthly revenue 2025-12","REV-HMW-2025-12-4180","0","121270",""
"JE-HMW-00062","HMW","2025-01-28","2025-01","AR","1","1112","SALES","HMW 4140 monthly revenue 2025-01","REV-HMW-2025-01-4140","1800000","0","CUST-HMW-001"
"JE-HMW-00062","HMW","2025-01-28","2025-01","AR","2","4140","BODY_SHOP","HMW 4140 monthly revenue 2025-01","REV-HMW-2025-01-4140","0","1800000",""
"JE-HMW-00063","HMW","2025-02-28","2025-02","AR","1","1112","SALES","HMW 4140 monthly revenue 2025-02","REV-HMW-2025-02-4140","1680000","0","CUST-HMW-001"
"JE-HMW-00063","HMW","2025-02-28","2025-02","AR","2","4140","BODY_SHOP","HMW 4140 monthly revenue 2025-02","REV-HMW-2025-02-4140","0","1680000",""
"JE-HMW-00064","HMW","2025-03-28","2025-03","AR","1","1112","SALES","HMW 4140 monthly revenue 2025-03","REV-HMW-2025-03-4140","2040000","0","CUST-HMW-001"
"JE-HMW-00064","HMW","2025-03-28","2025-03","AR","2","4140","BODY_SHOP","HMW 4140 monthly revenue 2025-03","REV-HMW-2025-03-4140","0","2040000",""
"JE-HMW-00065","HMW","2025-04-28","2025-04","AR","1","1112","SALES","HMW 4140 monthly revenue 2025-04","REV-HMW-2025-04-4140","1800000","0","CUST-HMW-001"
"JE-HMW-00065","HMW","2025-04-28","2025-04","AR","2","4140","BODY_SHOP","HMW 4140 monthly revenue 2025-04","REV-HMW-2025-04-4140","0","1800000",""
"JE-HMW-00066","HMW","2025-05-28","2025-05","AR","1","1112","SALES","HMW 4140 monthly revenue 2025-05","REV-HMW-2025-05-4140","1920000","0","CUST-HMW-001"
"JE-HMW-00066","HMW","2025-05-28","2025-05","AR","2","4140","BODY_SHOP","HMW 4140 monthly revenue 2025-05","REV-HMW-2025-05-4140","0","1920000",""
"JE-HMW-00067","HMW","2025-06-28","2025-06","AR","1","1112","SALES","HMW 4140 monthly revenue 2025-06","REV-HMW-2025-06-4140","2040000","0","CUST-HMW-001"
"JE-HMW-00067","HMW","2025-06-28","2025-06","AR","2","4140","BODY_SHOP","HMW 4140 monthly revenue 2025-06","REV-HMW-2025-06-4140","0","2040000",""
"JE-HMW-00068","HMW","2025-07-28","2025-07","AR","1","1112","SALES","HMW 4140 monthly revenue 2025-07","REV-HMW-2025-07-4140","2040000","0","CUST-HMW-001"
"JE-HMW-00068","HMW","2025-07-28","2025-07","AR","2","4140","BODY_SHOP","HMW 4140 monthly revenue 2025-07","REV-HMW-2025-07-4140","0","2040000",""
"JE-HMW-00069","HMW","2025-08-28","2025-08","AR","1","1112","SALES","HMW 4140 monthly revenue 2025-08","REV-HMW-2025-08-4140","2040000","0","CUST-HMW-001"
"JE-HMW-00069","HMW","2025-08-28","2025-08","AR","2","4140","BODY_SHOP","HMW 4140 monthly revenue 2025-08","REV-HMW-2025-08-4140","0","2040000",""
"JE-HMW-00070","HMW","2025-09-28","2025-09","AR","1","1112","SALES","HMW 4140 monthly revenue 2025-09","REV-HMW-2025-09-4140","2160000","0","CUST-HMW-001"
"JE-HMW-00070","HMW","2025-09-28","2025-09","AR","2","4140","BODY_SHOP","HMW 4140 monthly revenue 2025-09","REV-HMW-2025-09-4140","0","2160000",""
"JE-HMW-00071","HMW","2025-10-28","2025-10","AR","1","1112","SALES","HMW 4140 monthly revenue 2025-10","REV-HMW-2025-10-4140","2160000","0","CUST-HMW-001"
"JE-HMW-00071","HMW","2025-10-28","2025-10","AR","2","4140","BODY_SHOP","HMW 4140 monthly revenue 2025-10","REV-HMW-2025-10-4140","0","2160000",""
"JE-HMW-00072","HMW","2025-11-28","2025-11","AR","1","1112","SALES","HMW 4140 monthly revenue 2025-11","REV-HMW-2025-11-4140","2160000","0","CUST-HMW-001"
"JE-HMW-00072","HMW","2025-11-28","2025-11","AR","2","4140","BODY_SHOP","HMW 4140 monthly revenue 2025-11","REV-HMW-2025-11-4140","0","2160000",""
"JE-HMW-00073","HMW","2025-12-28","2025-12","AR","1","1112","SALES","HMW 4140 monthly revenue 2025-12","REV-HMW-2025-12-4140","2160000","0","CUST-HMW-001"
"JE-HMW-00073","HMW","2025-12-28","2025-12","AR","2","4140","BODY_SHOP","HMW 4140 monthly revenue 2025-12","REV-HMW-2025-12-4140","0","2160000",""
"JE-HMW-00074","HMW","2025-01-28","2025-01","AR","1","1123","SALES","HMW 4120 monthly revenue 2025-01","REV-HMW-2025-01-4120","2700000","0","CUST-HMW-006"
"JE-HMW-00074","HMW","2025-01-28","2025-01","AR","2","1112","SALES","HMW 4120 monthly revenue 2025-01","REV-HMW-2025-01-4120","10800000","0","CUST-HMW-001"
"JE-HMW-00074","HMW","2025-01-28","2025-01","AR","3","4120","SERVICE","HMW 4120 monthly revenue 2025-01","REV-HMW-2025-01-4120","0","13500000",""
"JE-HMW-00075","HMW","2025-02-28","2025-02","AR","1","1123","SALES","HMW 4120 monthly revenue 2025-02","REV-HMW-2025-02-4120","2520000","0","CUST-HMW-006"
"JE-HMW-00075","HMW","2025-02-28","2025-02","AR","2","1112","SALES","HMW 4120 monthly revenue 2025-02","REV-HMW-2025-02-4120","10080000","0","CUST-HMW-001"
"JE-HMW-00075","HMW","2025-02-28","2025-02","AR","3","4120","SERVICE","HMW 4120 monthly revenue 2025-02","REV-HMW-2025-02-4120","0","12600000",""
"JE-HMW-00076","HMW","2025-03-28","2025-03","AR","1","1123","SALES","HMW 4120 monthly revenue 2025-03","REV-HMW-2025-03-4120","3060000","0","CUST-HMW-006"
"JE-HMW-00076","HMW","2025-03-28","2025-03","AR","2","1112","SALES","HMW 4120 monthly revenue 2025-03","REV-HMW-2025-03-4120","12240000","0","CUST-HMW-001"
"JE-HMW-00076","HMW","2025-03-28","2025-03","AR","3","4120","SERVICE","HMW 4120 monthly revenue 2025-03","REV-HMW-2025-03-4120","0","15300000",""
"JE-HMW-00077","HMW","2025-04-28","2025-04","AR","1","1123","SALES","HMW 4120 monthly revenue 2025-04","REV-HMW-2025-04-4120","2700000","0","CUST-HMW-006"
"JE-HMW-00077","HMW","2025-04-28","2025-04","AR","2","1112","SALES","HMW 4120 monthly revenue 2025-04","REV-HMW-2025-04-4120","10800000","0","CUST-HMW-001"
"JE-HMW-00077","HMW","2025-04-28","2025-04","AR","3","4120","SERVICE","HMW 4120 monthly revenue 2025-04","REV-HMW-2025-04-4120","0","13500000",""
"JE-HMW-00078","HMW","2025-05-28","2025-05","AR","1","1123","SALES","HMW 4120 monthly revenue 2025-05","REV-HMW-2025-05-4120","2880000","0","CUST-HMW-006"
"JE-HMW-00078","HMW","2025-05-28","2025-05","AR","2","1112","SALES","HMW 4120 monthly revenue 2025-05","REV-HMW-2025-05-4120","11520000","0","CUST-HMW-001"
"JE-HMW-00078","HMW","2025-05-28","2025-05","AR","3","4120","SERVICE","HMW 4120 monthly revenue 2025-05","REV-HMW-2025-05-4120","0","14400000",""
"JE-HMW-00079","HMW","2025-06-28","2025-06","AR","1","1123","SALES","HMW 4120 monthly revenue 2025-06","REV-HMW-2025-06-4120","3060000","0","CUST-HMW-006"
"JE-HMW-00079","HMW","2025-06-28","2025-06","AR","2","1112","SALES","HMW 4120 monthly revenue 2025-06","REV-HMW-2025-06-4120","12240000","0","CUST-HMW-001"
"JE-HMW-00079","HMW","2025-06-28","2025-06","AR","3","4120","SERVICE","HMW 4120 monthly revenue 2025-06","REV-HMW-2025-06-4120","0","15300000",""
"JE-HMW-00080","HMW","2025-07-28","2025-07","AR","1","1123","SALES","HMW 4120 monthly revenue 2025-07","REV-HMW-2025-07-4120","3060000","0","CUST-HMW-006"
"JE-HMW-00080","HMW","2025-07-28","2025-07","AR","2","1112","SALES","HMW 4120 monthly revenue 2025-07","REV-HMW-2025-07-4120","12240000","0","CUST-HMW-001"
"JE-HMW-00080","HMW","2025-07-28","2025-07","AR","3","4120","SERVICE","HMW 4120 monthly revenue 2025-07","REV-HMW-2025-07-4120","0","15300000",""
"JE-HMW-00081","HMW","2025-08-28","2025-08","AR","1","1123","SALES","HMW 4120 monthly revenue 2025-08","REV-HMW-2025-08-4120","3060000","0","CUST-HMW-006"
"JE-HMW-00081","HMW","2025-08-28","2025-08","AR","2","1112","SALES","HMW 4120 monthly revenue 2025-08","REV-HMW-2025-08-4120","12240000","0","CUST-HMW-001"
"JE-HMW-00081","HMW","2025-08-28","2025-08","AR","3","4120","SERVICE","HMW 4120 monthly revenue 2025-08","REV-HMW-2025-08-4120","0","15300000",""
"JE-HMW-00082","HMW","2025-09-28","2025-09","AR","1","1123","SALES","HMW 4120 monthly revenue 2025-09","REV-HMW-2025-09-4120","3240000","0","CUST-HMW-006"
"JE-HMW-00082","HMW","2025-09-28","2025-09","AR","2","1112","SALES","HMW 4120 monthly revenue 2025-09","REV-HMW-2025-09-4120","12960000","0","CUST-HMW-001"
"JE-HMW-00082","HMW","2025-09-28","2025-09","AR","3","4120","SERVICE","HMW 4120 monthly revenue 2025-09","REV-HMW-2025-09-4120","0","16200000",""
"JE-HMW-00083","HMW","2025-10-28","2025-10","AR","1","1123","SALES","HMW 4120 monthly revenue 2025-10","REV-HMW-2025-10-4120","3240000","0","CUST-HMW-006"
"JE-HMW-00083","HMW","2025-10-28","2025-10","AR","2","1112","SALES","HMW 4120 monthly revenue 2025-10","REV-HMW-2025-10-4120","12960000","0","CUST-HMW-001"
"JE-HMW-00083","HMW","2025-10-28","2025-10","AR","3","4120","SERVICE","HMW 4120 monthly revenue 2025-10","REV-HMW-2025-10-4120","0","16200000",""
"JE-HMW-00084","HMW","2025-11-28","2025-11","AR","1","1123","SALES","HMW 4120 monthly revenue 2025-11","REV-HMW-2025-11-4120","3240000","0","CUST-HMW-006"
"JE-HMW-00084","HMW","2025-11-28","2025-11","AR","2","1112","SALES","HMW 4120 monthly revenue 2025-11","REV-HMW-2025-11-4120","12960000","0","CUST-HMW-001"
"JE-HMW-00084","HMW","2025-11-28","2025-11","AR","3","4120","SERVICE","HMW 4120 monthly revenue 2025-11","REV-HMW-2025-11-4120","0","16200000",""
"JE-HMW-00085","HMW","2025-12-28","2025-12","AR","1","1123","SALES","HMW 4120 monthly revenue 2025-12","REV-HMW-2025-12-4120","3240000","0","CUST-HMW-006"
"JE-HMW-00085","HMW","2025-12-28","2025-12","AR","2","1112","SALES","HMW 4120 monthly revenue 2025-12","REV-HMW-2025-12-4120","12960000","0","CUST-HMW-001"
"JE-HMW-00085","HMW","2025-12-28","2025-12","AR","3","4120","SERVICE","HMW 4120 monthly revenue 2025-12","REV-HMW-2025-12-4120","0","16200000",""
"JE-HMW-00086","HMW","2025-01-28","2025-01","GL","1","5110","SALES","HMW 5110 cost of sales","COGS-HMW-2025-01-5110","54000000","0",
"JE-HMW-00086","HMW","2025-01-28","2025-01","GL","2","1141","SALES","HMW 5110 cost of sales","COGS-HMW-2025-01-5110","0","54000000",
"JE-HMW-00087","HMW","2025-02-28","2025-02","GL","1","5110","SALES","HMW 5110 cost of sales","COGS-HMW-2025-02-5110","50400000","0",
"JE-HMW-00087","HMW","2025-02-28","2025-02","GL","2","1141","SALES","HMW 5110 cost of sales","COGS-HMW-2025-02-5110","0","50400000",
"JE-HMW-00088","HMW","2025-03-28","2025-03","GL","1","5110","SALES","HMW 5110 cost of sales","COGS-HMW-2025-03-5110","61200000","0",
"JE-HMW-00088","HMW","2025-03-28","2025-03","GL","2","1141","SALES","HMW 5110 cost of sales","COGS-HMW-2025-03-5110","0","61200000",
"JE-HMW-00089","HMW","2025-04-28","2025-04","GL","1","5110","SALES","HMW 5110 cost of sales","COGS-HMW-2025-04-5110","54000000","0",
"JE-HMW-00089","HMW","2025-04-28","2025-04","GL","2","1141","SALES","HMW 5110 cost of sales","COGS-HMW-2025-04-5110","0","54000000",
"JE-HMW-00090","HMW","2025-05-28","2025-05","GL","1","5110","SALES","HMW 5110 cost of sales","COGS-HMW-2025-05-5110","57600000","0",
"JE-HMW-00090","HMW","2025-05-28","2025-05","GL","2","1141","SALES","HMW 5110 cost of sales","COGS-HMW-2025-05-5110","0","57600000",
"JE-HMW-00091","HMW","2025-06-28","2025-06","GL","1","5110","SALES","HMW 5110 cost of sales","COGS-HMW-2025-06-5110","61200000","0",
"JE-HMW-00091","HMW","2025-06-28","2025-06","GL","2","1141","SALES","HMW 5110 cost of sales","COGS-HMW-2025-06-5110","0","61200000",
"JE-HMW-00092","HMW","2025-07-28","2025-07","GL","1","5110","SALES","HMW 5110 cost of sales","COGS-HMW-2025-07-5110","61200000","0",
"JE-HMW-00092","HMW","2025-07-28","2025-07","GL","2","1141","SALES","HMW 5110 cost of sales","COGS-HMW-2025-07-5110","0","61200000",
"JE-HMW-00093","HMW","2025-08-28","2025-08","GL","1","5110","SALES","HMW 5110 cost of sales","COGS-HMW-2025-08-5110","61200000","0",
"JE-HMW-00093","HMW","2025-08-28","2025-08","GL","2","1141","SALES","HMW 5110 cost of sales","COGS-HMW-2025-08-5110","0","61200000",
"JE-HMW-00094","HMW","2025-09-28","2025-09","GL","1","5110","SALES","HMW 5110 cost of sales","COGS-HMW-2025-09-5110","64800000","0",
"JE-HMW-00094","HMW","2025-09-28","2025-09","GL","2","1141","SALES","HMW 5110 cost of sales","COGS-HMW-2025-09-5110","0","64800000",
"JE-HMW-00095","HMW","2025-10-28","2025-10","GL","1","5110","SALES","HMW 5110 cost of sales","COGS-HMW-2025-10-5110","64800000","0",
"JE-HMW-00095","HMW","2025-10-28","2025-10","GL","2","1141","SALES","HMW 5110 cost of sales","COGS-HMW-2025-10-5110","0","64800000",
"JE-HMW-00096","HMW","2025-11-28","2025-11","GL","1","5110","SALES","HMW 5110 cost of sales","COGS-HMW-2025-11-5110","64800000","0",
"JE-HMW-00096","HMW","2025-11-28","2025-11","GL","2","1141","SALES","HMW 5110 cost of sales","COGS-HMW-2025-11-5110","0","64800000",
"JE-HMW-00097","HMW","2025-12-28","2025-12","GL","1","5110","SALES","HMW 5110 cost of sales","COGS-HMW-2025-12-5110","64800000","0",
"JE-HMW-00097","HMW","2025-12-28","2025-12","GL","2","1141","SALES","HMW 5110 cost of sales","COGS-HMW-2025-12-5110","0","64800000",
"JE-HMW-00098","HMW","2025-01-28","2025-01","GL","1","5120","PARTS","HMW 5120 cost of sales","COGS-HMW-2025-01-5120","7125000","0",
"JE-HMW-00098","HMW","2025-01-28","2025-01","GL","2","1142","PARTS","HMW 5120 cost of sales","COGS-HMW-2025-01-5120","0","7125000",
"JE-HMW-00099","HMW","2025-02-28","2025-02","GL","1","5120","PARTS","HMW 5120 cost of sales","COGS-HMW-2025-02-5120","6650000","0",
"JE-HMW-00099","HMW","2025-02-28","2025-02","GL","2","1142","PARTS","HMW 5120 cost of sales","COGS-HMW-2025-02-5120","0","6650000",
"JE-HMW-00100","HMW","2025-03-28","2025-03","GL","1","5120","PARTS","HMW 5120 cost of sales","COGS-HMW-2025-03-5120","8075000","0",
"JE-HMW-00100","HMW","2025-03-28","2025-03","GL","2","1142","PARTS","HMW 5120 cost of sales","COGS-HMW-2025-03-5120","0","8075000",
"JE-HMW-00101","HMW","2025-04-28","2025-04","GL","1","5120","PARTS","HMW 5120 cost of sales","COGS-HMW-2025-04-5120","7125000","0",
"JE-HMW-00101","HMW","2025-04-28","2025-04","GL","2","1142","PARTS","HMW 5120 cost of sales","COGS-HMW-2025-04-5120","0","7125000",
"JE-HMW-00102","HMW","2025-05-28","2025-05","GL","1","5120","PARTS","HMW 5120 cost of sales","COGS-HMW-2025-05-5120","7600000","0",
"JE-HMW-00102","HMW","2025-05-28","2025-05","GL","2","1142","PARTS","HMW 5120 cost of sales","COGS-HMW-2025-05-5120","0","7600000",
"JE-HMW-00103","HMW","2025-06-28","2025-06","GL","1","5120","PARTS","HMW 5120 cost of sales","COGS-HMW-2025-06-5120","8075000","0",
"JE-HMW-00103","HMW","2025-06-28","2025-06","GL","2","1142","PARTS","HMW 5120 cost of sales","COGS-HMW-2025-06-5120","0","8075000",
"JE-HMW-00104","HMW","2025-07-28","2025-07","GL","1","5120","PARTS","HMW 5120 cost of sales","COGS-HMW-2025-07-5120","8075000","0",
"JE-HMW-00104","HMW","2025-07-28","2025-07","GL","2","1142","PARTS","HMW 5120 cost of sales","COGS-HMW-2025-07-5120","0","8075000",
"JE-HMW-00105","HMW","2025-08-28","2025-08","GL","1","5120","PARTS","HMW 5120 cost of sales","COGS-HMW-2025-08-5120","8075000","0",
"JE-HMW-00105","HMW","2025-08-28","2025-08","GL","2","1142","PARTS","HMW 5120 cost of sales","COGS-HMW-2025-08-5120","0","8075000",
"JE-HMW-00106","HMW","2025-09-28","2025-09","GL","1","5120","PARTS","HMW 5120 cost of sales","COGS-HMW-2025-09-5120","8550000","0",
"JE-HMW-00106","HMW","2025-09-28","2025-09","GL","2","1142","PARTS","HMW 5120 cost of sales","COGS-HMW-2025-09-5120","0","8550000",
"JE-HMW-00107","HMW","2025-10-28","2025-10","GL","1","5120","PARTS","HMW 5120 cost of sales","COGS-HMW-2025-10-5120","8550000","0",
"JE-HMW-00107","HMW","2025-10-28","2025-10","GL","2","1142","PARTS","HMW 5120 cost of sales","COGS-HMW-2025-10-5120","0","8550000",
"JE-HMW-00108","HMW","2025-11-28","2025-11","GL","1","5120","PARTS","HMW 5120 cost of sales","COGS-HMW-2025-11-5120","8550000","0",
"JE-HMW-00108","HMW","2025-11-28","2025-11","GL","2","1142","PARTS","HMW 5120 cost of sales","COGS-HMW-2025-11-5120","0","8550000",
"JE-HMW-00109","HMW","2025-12-28","2025-12","GL","1","5120","PARTS","HMW 5120 cost of sales","COGS-HMW-2025-12-5120","8550000","0",
"JE-HMW-00109","HMW","2025-12-28","2025-12","GL","2","1142","PARTS","HMW 5120 cost of sales","COGS-HMW-2025-12-5120","0","8550000",
"JE-HMW-00110","HMW","2025-01-28","2025-01","GL","1","5130","SERVICE","HMW 5130 cost of sales","COGS-HMW-2025-01-5130","6862052","0",
"JE-HMW-00110","HMW","2025-01-28","2025-01","GL","2","1142","SERVICE","HMW 5130 cost of sales","COGS-HMW-2025-01-5130","0","6862052",
"JE-HMW-00111","HMW","2025-02-28","2025-02","GL","1","5130","SERVICE","HMW 5130 cost of sales","COGS-HMW-2025-02-5130","6404582","0",
"JE-HMW-00111","HMW","2025-02-28","2025-02","GL","2","1142","SERVICE","HMW 5130 cost of sales","COGS-HMW-2025-02-5130","0","6404582",
"JE-HMW-00112","HMW","2025-03-28","2025-03","GL","1","5130","SERVICE","HMW 5130 cost of sales","COGS-HMW-2025-03-5130","7776992","0",
"JE-HMW-00112","HMW","2025-03-28","2025-03","GL","2","1142","SERVICE","HMW 5130 cost of sales","COGS-HMW-2025-03-5130","0","7776992",
"JE-HMW-00113","HMW","2025-04-28","2025-04","GL","1","5130","SERVICE","HMW 5130 cost of sales","COGS-HMW-2025-04-5130","6862052","0",
"JE-HMW-00113","HMW","2025-04-28","2025-04","GL","2","1142","SERVICE","HMW 5130 cost of sales","COGS-HMW-2025-04-5130","0","6862052",
"JE-HMW-00114","HMW","2025-05-28","2025-05","GL","1","5130","SERVICE","HMW 5130 cost of sales","COGS-HMW-2025-05-5130","7319522","0",
"JE-HMW-00114","HMW","2025-05-28","2025-05","GL","2","1142","SERVICE","HMW 5130 cost of sales","COGS-HMW-2025-05-5130","0","7319522",
"JE-HMW-00115","HMW","2025-06-28","2025-06","GL","1","5130","SERVICE","HMW 5130 cost of sales","COGS-HMW-2025-06-5130","7776992","0",
"JE-HMW-00115","HMW","2025-06-28","2025-06","GL","2","1142","SERVICE","HMW 5130 cost of sales","COGS-HMW-2025-06-5130","0","7776992",
"JE-HMW-00116","HMW","2025-07-28","2025-07","GL","1","5130","SERVICE","HMW 5130 cost of sales","COGS-HMW-2025-07-5130","7776992","0",
"JE-HMW-00116","HMW","2025-07-28","2025-07","GL","2","1142","SERVICE","HMW 5130 cost of sales","COGS-HMW-2025-07-5130","0","7776992",
"JE-HMW-00117","HMW","2025-08-28","2025-08","GL","1","5130","SERVICE","HMW 5130 cost of sales","COGS-HMW-2025-08-5130","7776992","0",
"JE-HMW-00117","HMW","2025-08-28","2025-08","GL","2","1142","SERVICE","HMW 5130 cost of sales","COGS-HMW-2025-08-5130","0","7776992",
"JE-HMW-00118","HMW","2025-09-28","2025-09","GL","1","5130","SERVICE","HMW 5130 cost of sales","COGS-HMW-2025-09-5130","8234462","0",
"JE-HMW-00118","HMW","2025-09-28","2025-09","GL","2","1142","SERVICE","HMW 5130 cost of sales","COGS-HMW-2025-09-5130","0","8234462",
"JE-HMW-00119","HMW","2025-10-28","2025-10","GL","1","5130","SERVICE","HMW 5130 cost of sales","COGS-HMW-2025-10-5130","8234462","0",
"JE-HMW-00119","HMW","2025-10-28","2025-10","GL","2","1142","SERVICE","HMW 5130 cost of sales","COGS-HMW-2025-10-5130","0","8234462",
"JE-HMW-00120","HMW","2025-11-28","2025-11","GL","1","5130","SERVICE","HMW 5130 cost of sales","COGS-HMW-2025-11-5130","8234462","0",
"JE-HMW-00120","HMW","2025-11-28","2025-11","GL","2","1142","SERVICE","HMW 5130 cost of sales","COGS-HMW-2025-11-5130","0","8234462",
"JE-HMW-00121","HMW","2025-12-28","2025-12","GL","1","5130","SERVICE","HMW 5130 cost of sales","COGS-HMW-2025-12-5130","8234464","0",
"JE-HMW-00121","HMW","2025-12-28","2025-12","GL","2","1142","SERVICE","HMW 5130 cost of sales","COGS-HMW-2025-12-5130","0","8234464",
"JE-HMW-00122","HMW","2025-01-25","2025-01","AP","1","1141","PARTS","HMW inventory purchase","PUR-HMW-2025-01-1141","52500000","0","VEND-HMW-001"
"JE-HMW-00122","HMW","2025-01-25","2025-01","AP","2","2121","PARTS","HMW inventory purchase","PUR-HMW-2025-01-1141","0","52500000","VEND-HMW-001"
"JE-HMW-00123","HMW","2025-02-25","2025-02","AP","1","1141","PARTS","HMW inventory purchase","PUR-HMW-2025-02-1141","49000000","0","VEND-HMW-001"
"JE-HMW-00123","HMW","2025-02-25","2025-02","AP","2","2121","PARTS","HMW inventory purchase","PUR-HMW-2025-02-1141","0","49000000","VEND-HMW-001"
"JE-HMW-00124","HMW","2025-03-25","2025-03","AP","1","1141","PARTS","HMW inventory purchase","PUR-HMW-2025-03-1141","59500000","0","VEND-HMW-001"
"JE-HMW-00124","HMW","2025-03-25","2025-03","AP","2","2121","PARTS","HMW inventory purchase","PUR-HMW-2025-03-1141","0","59500000","VEND-HMW-001"
"JE-HMW-00125","HMW","2025-04-25","2025-04","AP","1","1141","PARTS","HMW inventory purchase","PUR-HMW-2025-04-1141","52500000","0","VEND-HMW-001"
"JE-HMW-00125","HMW","2025-04-25","2025-04","AP","2","2121","PARTS","HMW inventory purchase","PUR-HMW-2025-04-1141","0","52500000","VEND-HMW-001"
"JE-HMW-00126","HMW","2025-05-25","2025-05","AP","1","1141","PARTS","HMW inventory purchase","PUR-HMW-2025-05-1141","56000000","0","VEND-HMW-001"
"JE-HMW-00126","HMW","2025-05-25","2025-05","AP","2","2121","PARTS","HMW inventory purchase","PUR-HMW-2025-05-1141","0","56000000","VEND-HMW-001"
"JE-HMW-00127","HMW","2025-06-25","2025-06","AP","1","1141","PARTS","HMW inventory purchase","PUR-HMW-2025-06-1141","59500000","0","VEND-HMW-001"
"JE-HMW-00127","HMW","2025-06-25","2025-06","AP","2","2121","PARTS","HMW inventory purchase","PUR-HMW-2025-06-1141","0","59500000","VEND-HMW-001"
"JE-HMW-00128","HMW","2025-07-25","2025-07","AP","1","1141","PARTS","HMW inventory purchase","PUR-HMW-2025-07-1141","59500000","0","VEND-HMW-001"
"JE-HMW-00128","HMW","2025-07-25","2025-07","AP","2","2121","PARTS","HMW inventory purchase","PUR-HMW-2025-07-1141","0","59500000","VEND-HMW-001"
"JE-HMW-00129","HMW","2025-08-25","2025-08","AP","1","1141","PARTS","HMW inventory purchase","PUR-HMW-2025-08-1141","59500000","0","VEND-HMW-001"
"JE-HMW-00129","HMW","2025-08-25","2025-08","AP","2","2121","PARTS","HMW inventory purchase","PUR-HMW-2025-08-1141","0","59500000","VEND-HMW-001"
"JE-HMW-00130","HMW","2025-09-25","2025-09","AP","1","1141","PARTS","HMW inventory purchase","PUR-HMW-2025-09-1141","63000000","0","VEND-HMW-001"
"JE-HMW-00130","HMW","2025-09-25","2025-09","AP","2","2121","PARTS","HMW inventory purchase","PUR-HMW-2025-09-1141","0","63000000","VEND-HMW-001"
"JE-HMW-00131","HMW","2025-10-25","2025-10","AP","1","1141","PARTS","HMW inventory purchase","PUR-HMW-2025-10-1141","63000000","0","VEND-HMW-001"
"JE-HMW-00131","HMW","2025-10-25","2025-10","AP","2","2121","PARTS","HMW inventory purchase","PUR-HMW-2025-10-1141","0","63000000","VEND-HMW-001"
"JE-HMW-00132","HMW","2025-11-25","2025-11","AP","1","1141","PARTS","HMW inventory purchase","PUR-HMW-2025-11-1141","63000000","0","VEND-HMW-001"
"JE-HMW-00132","HMW","2025-11-25","2025-11","AP","2","2121","PARTS","HMW inventory purchase","PUR-HMW-2025-11-1141","0","63000000","VEND-HMW-001"
"JE-HMW-00133","HMW","2025-12-25","2025-12","AP","1","1141","PARTS","HMW inventory purchase","PUR-HMW-2025-12-1141","63000000","0","VEND-HMW-001"
"JE-HMW-00133","HMW","2025-12-25","2025-12","AP","2","2121","PARTS","HMW inventory purchase","PUR-HMW-2025-12-1141","0","63000000","VEND-HMW-001"
"JE-HMW-00134","HMW","2025-01-25","2025-01","AP","1","1143","PARTS","HMW inventory purchase","PUR-HMW-2025-01-1143","2051191","0","VEND-HMW-001"
"JE-HMW-00134","HMW","2025-01-25","2025-01","AP","2","2121","PARTS","HMW inventory purchase","PUR-HMW-2025-01-1143","0","2051191","VEND-HMW-001"
"JE-HMW-00135","HMW","2025-02-25","2025-02","AP","1","1143","PARTS","HMW inventory purchase","PUR-HMW-2025-02-1143","1914445","0","VEND-HMW-001"
"JE-HMW-00135","HMW","2025-02-25","2025-02","AP","2","2121","PARTS","HMW inventory purchase","PUR-HMW-2025-02-1143","0","1914445","VEND-HMW-001"
"JE-HMW-00136","HMW","2025-03-25","2025-03","AP","1","1143","PARTS","HMW inventory purchase","PUR-HMW-2025-03-1143","2324683","0","VEND-HMW-001"
"JE-HMW-00136","HMW","2025-03-25","2025-03","AP","2","2121","PARTS","HMW inventory purchase","PUR-HMW-2025-03-1143","0","2324683","VEND-HMW-001"
"JE-HMW-00137","HMW","2025-04-25","2025-04","AP","1","1143","PARTS","HMW inventory purchase","PUR-HMW-2025-04-1143","2051191","0","VEND-HMW-001"
"JE-HMW-00137","HMW","2025-04-25","2025-04","AP","2","2121","PARTS","HMW inventory purchase","PUR-HMW-2025-04-1143","0","2051191","VEND-HMW-001"
"JE-HMW-00138","HMW","2025-05-25","2025-05","AP","1","1143","PARTS","HMW inventory purchase","PUR-HMW-2025-05-1143","2187937","0","VEND-HMW-001"
"JE-HMW-00138","HMW","2025-05-25","2025-05","AP","2","2121","PARTS","HMW inventory purchase","PUR-HMW-2025-05-1143","0","2187937","VEND-HMW-001"
"JE-HMW-00139","HMW","2025-06-25","2025-06","AP","1","1143","PARTS","HMW inventory purchase","PUR-HMW-2025-06-1143","2324683","0","VEND-HMW-001"
"JE-HMW-00139","HMW","2025-06-25","2025-06","AP","2","2121","PARTS","HMW inventory purchase","PUR-HMW-2025-06-1143","0","2324683","VEND-HMW-001"
"JE-HMW-00140","HMW","2025-07-25","2025-07","AP","1","1143","PARTS","HMW inventory purchase","PUR-HMW-2025-07-1143","2324683","0","VEND-HMW-001"
"JE-HMW-00140","HMW","2025-07-25","2025-07","AP","2","2121","PARTS","HMW inventory purchase","PUR-HMW-2025-07-1143","0","2324683","VEND-HMW-001"
"JE-HMW-00141","HMW","2025-08-25","2025-08","AP","1","1143","PARTS","HMW inventory purchase","PUR-HMW-2025-08-1143","2324683","0","VEND-HMW-001"
"JE-HMW-00141","HMW","2025-08-25","2025-08","AP","2","2121","PARTS","HMW inventory purchase","PUR-HMW-2025-08-1143","0","2324683","VEND-HMW-001"
"JE-HMW-00142","HMW","2025-09-25","2025-09","AP","1","1143","PARTS","HMW inventory purchase","PUR-HMW-2025-09-1143","2461429","0","VEND-HMW-001"
"JE-HMW-00142","HMW","2025-09-25","2025-09","AP","2","2121","PARTS","HMW inventory purchase","PUR-HMW-2025-09-1143","0","2461429","VEND-HMW-001"
"JE-HMW-00143","HMW","2025-10-25","2025-10","AP","1","1143","PARTS","HMW inventory purchase","PUR-HMW-2025-10-1143","2461429","0","VEND-HMW-001"
"JE-HMW-00143","HMW","2025-10-25","2025-10","AP","2","2121","PARTS","HMW inventory purchase","PUR-HMW-2025-10-1143","0","2461429","VEND-HMW-001"
"JE-HMW-00144","HMW","2025-11-25","2025-11","AP","1","1143","PARTS","HMW inventory purchase","PUR-HMW-2025-11-1143","2461429","0","VEND-HMW-001"
"JE-HMW-00144","HMW","2025-11-25","2025-11","AP","2","2121","PARTS","HMW inventory purchase","PUR-HMW-2025-11-1143","0","2461429","VEND-HMW-001"
"JE-HMW-00145","HMW","2025-12-25","2025-12","AP","1","1143","PARTS","HMW inventory purchase","PUR-HMW-2025-12-1143","2461431","0","VEND-HMW-001"
"JE-HMW-00145","HMW","2025-12-25","2025-12","AP","2","2121","PARTS","HMW inventory purchase","PUR-HMW-2025-12-1143","0","2461431","VEND-HMW-001"
"JE-HMW-00146","HMW","2025-01-25","2025-01","AP","1","1142","PARTS","HMW inventory purchase","PUR-HMW-2025-01-1142","9750000","0","VEND-HMW-002"
"JE-HMW-00146","HMW","2025-01-25","2025-01","AP","2","2122","PARTS","HMW inventory purchase","PUR-HMW-2025-01-1142","0","9750000","VEND-HMW-002"
"JE-HMW-00147","HMW","2025-02-25","2025-02","AP","1","1142","PARTS","HMW inventory purchase","PUR-HMW-2025-02-1142","9100000","0","VEND-HMW-002"
"JE-HMW-00147","HMW","2025-02-25","2025-02","AP","2","2122","PARTS","HMW inventory purchase","PUR-HMW-2025-02-1142","0","9100000","VEND-HMW-002"
"JE-HMW-00148","HMW","2025-03-25","2025-03","AP","1","1142","PARTS","HMW inventory purchase","PUR-HMW-2025-03-1142","11050000","0","VEND-HMW-002"
"JE-HMW-00148","HMW","2025-03-25","2025-03","AP","2","2122","PARTS","HMW inventory purchase","PUR-HMW-2025-03-1142","0","11050000","VEND-HMW-002"
"JE-HMW-00149","HMW","2025-04-25","2025-04","AP","1","1142","PARTS","HMW inventory purchase","PUR-HMW-2025-04-1142","9750000","0","VEND-HMW-002"
"JE-HMW-00149","HMW","2025-04-25","2025-04","AP","2","2122","PARTS","HMW inventory purchase","PUR-HMW-2025-04-1142","0","9750000","VEND-HMW-002"
"JE-HMW-00150","HMW","2025-05-25","2025-05","AP","1","1142","PARTS","HMW inventory purchase","PUR-HMW-2025-05-1142","10400000","0","VEND-HMW-002"
"JE-HMW-00150","HMW","2025-05-25","2025-05","AP","2","2122","PARTS","HMW inventory purchase","PUR-HMW-2025-05-1142","0","10400000","VEND-HMW-002"
"JE-HMW-00151","HMW","2025-06-25","2025-06","AP","1","1142","PARTS","HMW inventory purchase","PUR-HMW-2025-06-1142","11050000","0","VEND-HMW-002"
"JE-HMW-00151","HMW","2025-06-25","2025-06","AP","2","2122","PARTS","HMW inventory purchase","PUR-HMW-2025-06-1142","0","11050000","VEND-HMW-002"
"JE-HMW-00152","HMW","2025-07-25","2025-07","AP","1","1142","PARTS","HMW inventory purchase","PUR-HMW-2025-07-1142","11050000","0","VEND-HMW-002"
"JE-HMW-00152","HMW","2025-07-25","2025-07","AP","2","2122","PARTS","HMW inventory purchase","PUR-HMW-2025-07-1142","0","11050000","VEND-HMW-002"
"JE-HMW-00153","HMW","2025-08-25","2025-08","AP","1","1142","PARTS","HMW inventory purchase","PUR-HMW-2025-08-1142","11050000","0","VEND-HMW-002"
"JE-HMW-00153","HMW","2025-08-25","2025-08","AP","2","2122","PARTS","HMW inventory purchase","PUR-HMW-2025-08-1142","0","11050000","VEND-HMW-002"
"JE-HMW-00154","HMW","2025-09-25","2025-09","AP","1","1142","PARTS","HMW inventory purchase","PUR-HMW-2025-09-1142","11700000","0","VEND-HMW-002"
"JE-HMW-00154","HMW","2025-09-25","2025-09","AP","2","2122","PARTS","HMW inventory purchase","PUR-HMW-2025-09-1142","0","11700000","VEND-HMW-002"
"JE-HMW-00155","HMW","2025-10-25","2025-10","AP","1","1142","PARTS","HMW inventory purchase","PUR-HMW-2025-10-1142","11700000","0","VEND-HMW-002"
"JE-HMW-00155","HMW","2025-10-25","2025-10","AP","2","2122","PARTS","HMW inventory purchase","PUR-HMW-2025-10-1142","0","11700000","VEND-HMW-002"
"JE-HMW-00156","HMW","2025-11-25","2025-11","AP","1","1142","PARTS","HMW inventory purchase","PUR-HMW-2025-11-1142","11700000","0","VEND-HMW-002"
"JE-HMW-00156","HMW","2025-11-25","2025-11","AP","2","2122","PARTS","HMW inventory purchase","PUR-HMW-2025-11-1142","0","11700000","VEND-HMW-002"
"JE-HMW-00157","HMW","2025-12-25","2025-12","AP","1","1142","PARTS","HMW inventory purchase","PUR-HMW-2025-12-1142","11700000","0","VEND-HMW-002"
"JE-HMW-00157","HMW","2025-12-25","2025-12","AP","2","2122","PARTS","HMW inventory purchase","PUR-HMW-2025-12-1142","0","11700000","VEND-HMW-002"
"JE-HMW-00158","HMW","2025-12-31","2025-12","GL","1","1144","PARTS","Reversal of inventory write-down 2025","ADJ-HMW-INV-REV","916786","0",
"JE-HMW-00158","HMW","2025-12-31","2025-12","GL","2","5421","PARTS","Reversal of inventory write-down 2025","ADJ-HMW-INV-REV","0","916786",
"JE-HMW-00159","HMW","2025-12-31","2025-12","GL","1","1124","SALES","Reversal of credit loss allowance","ADJ-HMW-BAD-REV","64000","0",
"JE-HMW-00159","HMW","2025-12-31","2025-12","GL","2","5420","SALES","Reversal of credit loss allowance","ADJ-HMW-BAD-REV","0","64000",
"JE-HMW-00160","HMW","2025-01-28","2025-01","GL","1","5210","SALES","HMW SGA 5210 monthly","OPEX-HMW-2025-01-5210","208210","0",""
"JE-HMW-00160","HMW","2025-01-28","2025-01","GL","2","2130","SALES","HMW SGA 5210 monthly","OPEX-HMW-2025-01-5210","0","208210",""
"JE-HMW-00161","HMW","2025-02-28","2025-02","GL","1","5210","SALES","HMW SGA 5210 monthly","OPEX-HMW-2025-02-5210","208210","0",""
"JE-HMW-00161","HMW","2025-02-28","2025-02","GL","2","2130","SALES","HMW SGA 5210 monthly","OPEX-HMW-2025-02-5210","0","208210",""
"JE-HMW-00162","HMW","2025-03-28","2025-03","GL","1","5210","SALES","HMW SGA 5210 monthly","OPEX-HMW-2025-03-5210","208210","0",""
"JE-HMW-00162","HMW","2025-03-28","2025-03","GL","2","2130","SALES","HMW SGA 5210 monthly","OPEX-HMW-2025-03-5210","0","208210",""
"JE-HMW-00163","HMW","2025-04-28","2025-04","GL","1","5210","SALES","HMW SGA 5210 monthly","OPEX-HMW-2025-04-5210","208210","0",""
"JE-HMW-00163","HMW","2025-04-28","2025-04","GL","2","2130","SALES","HMW SGA 5210 monthly","OPEX-HMW-2025-04-5210","0","208210",""
"JE-HMW-00164","HMW","2025-05-28","2025-05","GL","1","5210","SALES","HMW SGA 5210 monthly","OPEX-HMW-2025-05-5210","208210","0",""
"JE-HMW-00164","HMW","2025-05-28","2025-05","GL","2","2130","SALES","HMW SGA 5210 monthly","OPEX-HMW-2025-05-5210","0","208210",""
"JE-HMW-00165","HMW","2025-06-28","2025-06","GL","1","5210","SALES","HMW SGA 5210 monthly","OPEX-HMW-2025-06-5210","208210","0",""
"JE-HMW-00165","HMW","2025-06-28","2025-06","GL","2","2130","SALES","HMW SGA 5210 monthly","OPEX-HMW-2025-06-5210","0","208210",""
"JE-HMW-00166","HMW","2025-07-28","2025-07","GL","1","5210","SALES","HMW SGA 5210 monthly","OPEX-HMW-2025-07-5210","208210","0",""
"JE-HMW-00166","HMW","2025-07-28","2025-07","GL","2","2130","SALES","HMW SGA 5210 monthly","OPEX-HMW-2025-07-5210","0","208210",""
"JE-HMW-00167","HMW","2025-08-28","2025-08","GL","1","5210","SALES","HMW SGA 5210 monthly","OPEX-HMW-2025-08-5210","208210","0",""
"JE-HMW-00167","HMW","2025-08-28","2025-08","GL","2","2130","SALES","HMW SGA 5210 monthly","OPEX-HMW-2025-08-5210","0","208210",""
"JE-HMW-00168","HMW","2025-09-28","2025-09","GL","1","5210","SALES","HMW SGA 5210 monthly","OPEX-HMW-2025-09-5210","210719","0",""
"JE-HMW-00168","HMW","2025-09-28","2025-09","GL","2","2130","SALES","HMW SGA 5210 monthly","OPEX-HMW-2025-09-5210","0","210719",""
"JE-HMW-00169","HMW","2025-10-28","2025-10","GL","1","5210","SALES","HMW SGA 5210 monthly","OPEX-HMW-2025-10-5210","210719","0",""
"JE-HMW-00169","HMW","2025-10-28","2025-10","GL","2","2130","SALES","HMW SGA 5210 monthly","OPEX-HMW-2025-10-5210","0","210719",""
"JE-HMW-00170","HMW","2025-11-28","2025-11","GL","1","5210","SALES","HMW SGA 5210 monthly","OPEX-HMW-2025-11-5210","210719","0",""
"JE-HMW-00170","HMW","2025-11-28","2025-11","GL","2","2130","SALES","HMW SGA 5210 monthly","OPEX-HMW-2025-11-5210","0","210719",""
"JE-HMW-00171","HMW","2025-12-28","2025-12","GL","1","5210","SALES","HMW SGA 5210 monthly","OPEX-HMW-2025-12-5210","210721","0",""
"JE-HMW-00171","HMW","2025-12-28","2025-12","GL","2","2130","SALES","HMW SGA 5210 monthly","OPEX-HMW-2025-12-5210","0","210721",""
"JE-HMW-00172","HMW","2025-01-28","2025-01","GL","1","5415","ADMIN","HMW SGA 5415 monthly","OPEX-HMW-2025-01-5415","1203500","0",""
"JE-HMW-00172","HMW","2025-01-28","2025-01","GL","2","1325","ADMIN","HMW SGA 5415 monthly","OPEX-HMW-2025-01-5415","0","1203500",""
"JE-HMW-00173","HMW","2025-02-28","2025-02","GL","1","5415","ADMIN","HMW SGA 5415 monthly","OPEX-HMW-2025-02-5415","1203500","0",""
"JE-HMW-00173","HMW","2025-02-28","2025-02","GL","2","1325","ADMIN","HMW SGA 5415 monthly","OPEX-HMW-2025-02-5415","0","1203500",""
"JE-HMW-00174","HMW","2025-03-28","2025-03","GL","1","5415","ADMIN","HMW SGA 5415 monthly","OPEX-HMW-2025-03-5415","1203500","0",""
"JE-HMW-00174","HMW","2025-03-28","2025-03","GL","2","1325","ADMIN","HMW SGA 5415 monthly","OPEX-HMW-2025-03-5415","0","1203500",""
"JE-HMW-00175","HMW","2025-04-28","2025-04","GL","1","5415","ADMIN","HMW SGA 5415 monthly","OPEX-HMW-2025-04-5415","1203500","0",""
"JE-HMW-00175","HMW","2025-04-28","2025-04","GL","2","1325","ADMIN","HMW SGA 5415 monthly","OPEX-HMW-2025-04-5415","0","1203500",""
"JE-HMW-00176","HMW","2025-05-28","2025-05","GL","1","5415","ADMIN","HMW SGA 5415 monthly","OPEX-HMW-2025-05-5415","1203500","0",""
"JE-HMW-00176","HMW","2025-05-28","2025-05","GL","2","1325","ADMIN","HMW SGA 5415 monthly","OPEX-HMW-2025-05-5415","0","1203500",""
"JE-HMW-00177","HMW","2025-06-28","2025-06","GL","1","5415","ADMIN","HMW SGA 5415 monthly","OPEX-HMW-2025-06-5415","1203500","0",""
"JE-HMW-00177","HMW","2025-06-28","2025-06","GL","2","1325","ADMIN","HMW SGA 5415 monthly","OPEX-HMW-2025-06-5415","0","1203500",""
"JE-HMW-00178","HMW","2025-07-28","2025-07","GL","1","5415","ADMIN","HMW SGA 5415 monthly","OPEX-HMW-2025-07-5415","1203500","0",""
"JE-HMW-00178","HMW","2025-07-28","2025-07","GL","2","1325","ADMIN","HMW SGA 5415 monthly","OPEX-HMW-2025-07-5415","0","1203500",""
"JE-HMW-00179","HMW","2025-08-28","2025-08","GL","1","5415","ADMIN","HMW SGA 5415 monthly","OPEX-HMW-2025-08-5415","1203500","0",""
"JE-HMW-00179","HMW","2025-08-28","2025-08","GL","2","1325","ADMIN","HMW SGA 5415 monthly","OPEX-HMW-2025-08-5415","0","1203500",""
"JE-HMW-00180","HMW","2025-09-28","2025-09","GL","1","5415","ADMIN","HMW SGA 5415 monthly","OPEX-HMW-2025-09-5415","1218000","0",""
"JE-HMW-00180","HMW","2025-09-28","2025-09","GL","2","1325","ADMIN","HMW SGA 5415 monthly","OPEX-HMW-2025-09-5415","0","1218000",""
"JE-HMW-00181","HMW","2025-10-28","2025-10","GL","1","5415","ADMIN","HMW SGA 5415 monthly","OPEX-HMW-2025-10-5415","1218000","0",""
"JE-HMW-00181","HMW","2025-10-28","2025-10","GL","2","1325","ADMIN","HMW SGA 5415 monthly","OPEX-HMW-2025-10-5415","0","1218000",""
"JE-HMW-00182","HMW","2025-11-28","2025-11","GL","1","5415","ADMIN","HMW SGA 5415 monthly","OPEX-HMW-2025-11-5415","1218000","0",""
"JE-HMW-00182","HMW","2025-11-28","2025-11","GL","2","1325","ADMIN","HMW SGA 5415 monthly","OPEX-HMW-2025-11-5415","0","1218000",""
"JE-HMW-00183","HMW","2025-12-28","2025-12","GL","1","5415","ADMIN","HMW SGA 5415 monthly","OPEX-HMW-2025-12-5415","1218000","0",""
"JE-HMW-00183","HMW","2025-12-28","2025-12","GL","2","1325","ADMIN","HMW SGA 5415 monthly","OPEX-HMW-2025-12-5415","0","1218000",""
"JE-HMW-00184","HMW","2025-01-28","2025-01","GL","1","5419","ADMIN","HMW SGA 5419 monthly","OPEX-HMW-2025-01-5419","456500","0",""
"JE-HMW-00184","HMW","2025-01-28","2025-01","GL","2","2130","ADMIN","HMW SGA 5419 monthly","OPEX-HMW-2025-01-5419","0","456500",""
"JE-HMW-00185","HMW","2025-02-28","2025-02","GL","1","5419","ADMIN","HMW SGA 5419 monthly","OPEX-HMW-2025-02-5419","456500","0",""
"JE-HMW-00185","HMW","2025-02-28","2025-02","GL","2","2130","ADMIN","HMW SGA 5419 monthly","OPEX-HMW-2025-02-5419","0","456500",""
"JE-HMW-00186","HMW","2025-03-28","2025-03","GL","1","5419","ADMIN","HMW SGA 5419 monthly","OPEX-HMW-2025-03-5419","456500","0",""
"JE-HMW-00186","HMW","2025-03-28","2025-03","GL","2","2130","ADMIN","HMW SGA 5419 monthly","OPEX-HMW-2025-03-5419","0","456500",""
"JE-HMW-00187","HMW","2025-04-28","2025-04","GL","1","5419","ADMIN","HMW SGA 5419 monthly","OPEX-HMW-2025-04-5419","456500","0",""
"JE-HMW-00187","HMW","2025-04-28","2025-04","GL","2","2130","ADMIN","HMW SGA 5419 monthly","OPEX-HMW-2025-04-5419","0","456500",""
"JE-HMW-00188","HMW","2025-05-28","2025-05","GL","1","5419","ADMIN","HMW SGA 5419 monthly","OPEX-HMW-2025-05-5419","456500","0",""
"JE-HMW-00188","HMW","2025-05-28","2025-05","GL","2","2130","ADMIN","HMW SGA 5419 monthly","OPEX-HMW-2025-05-5419","0","456500",""
"JE-HMW-00189","HMW","2025-06-28","2025-06","GL","1","5419","ADMIN","HMW SGA 5419 monthly","OPEX-HMW-2025-06-5419","456500","0",""
"JE-HMW-00189","HMW","2025-06-28","2025-06","GL","2","2130","ADMIN","HMW SGA 5419 monthly","OPEX-HMW-2025-06-5419","0","456500",""
"JE-HMW-00190","HMW","2025-07-28","2025-07","GL","1","5419","ADMIN","HMW SGA 5419 monthly","OPEX-HMW-2025-07-5419","456500","0",""
"JE-HMW-00190","HMW","2025-07-28","2025-07","GL","2","2130","ADMIN","HMW SGA 5419 monthly","OPEX-HMW-2025-07-5419","0","456500",""
"JE-HMW-00191","HMW","2025-08-28","2025-08","GL","1","5419","ADMIN","HMW SGA 5419 monthly","OPEX-HMW-2025-08-5419","456500","0",""
"JE-HMW-00191","HMW","2025-08-28","2025-08","GL","2","2130","ADMIN","HMW SGA 5419 monthly","OPEX-HMW-2025-08-5419","0","456500",""
"JE-HMW-00192","HMW","2025-09-28","2025-09","GL","1","5419","ADMIN","HMW SGA 5419 monthly","OPEX-HMW-2025-09-5419","462000","0",""
"JE-HMW-00192","HMW","2025-09-28","2025-09","GL","2","2130","ADMIN","HMW SGA 5419 monthly","OPEX-HMW-2025-09-5419","0","462000",""
"JE-HMW-00193","HMW","2025-10-28","2025-10","GL","1","5419","ADMIN","HMW SGA 5419 monthly","OPEX-HMW-2025-10-5419","462000","0",""
"JE-HMW-00193","HMW","2025-10-28","2025-10","GL","2","2130","ADMIN","HMW SGA 5419 monthly","OPEX-HMW-2025-10-5419","0","462000",""
"JE-HMW-00194","HMW","2025-11-28","2025-11","GL","1","5419","ADMIN","HMW SGA 5419 monthly","OPEX-HMW-2025-11-5419","462000","0",""
"JE-HMW-00194","HMW","2025-11-28","2025-11","GL","2","2130","ADMIN","HMW SGA 5419 monthly","OPEX-HMW-2025-11-5419","0","462000",""
"JE-HMW-00195","HMW","2025-12-28","2025-12","GL","1","5419","ADMIN","HMW SGA 5419 monthly","OPEX-HMW-2025-12-5419","462000","0",""
"JE-HMW-00195","HMW","2025-12-28","2025-12","GL","2","2130","ADMIN","HMW SGA 5419 monthly","OPEX-HMW-2025-12-5419","0","462000",""
"JE-HMW-00196","HMW","2025-01-28","2025-01","GL","1","5413","ADMIN","HMW SGA 5413 monthly","OPEX-HMW-2025-01-5413","498000","0",""
"JE-HMW-00196","HMW","2025-01-28","2025-01","GL","2","2130","ADMIN","HMW SGA 5413 monthly","OPEX-HMW-2025-01-5413","0","498000",""
"JE-HMW-00197","HMW","2025-02-28","2025-02","GL","1","5413","ADMIN","HMW SGA 5413 monthly","OPEX-HMW-2025-02-5413","498000","0",""
"JE-HMW-00197","HMW","2025-02-28","2025-02","GL","2","2130","ADMIN","HMW SGA 5413 monthly","OPEX-HMW-2025-02-5413","0","498000",""
"JE-HMW-00198","HMW","2025-03-28","2025-03","GL","1","5413","ADMIN","HMW SGA 5413 monthly","OPEX-HMW-2025-03-5413","498000","0",""
"JE-HMW-00198","HMW","2025-03-28","2025-03","GL","2","2130","ADMIN","HMW SGA 5413 monthly","OPEX-HMW-2025-03-5413","0","498000",""
"JE-HMW-00199","HMW","2025-04-28","2025-04","GL","1","5413","ADMIN","HMW SGA 5413 monthly","OPEX-HMW-2025-04-5413","498000","0",""
"JE-HMW-00199","HMW","2025-04-28","2025-04","GL","2","2130","ADMIN","HMW SGA 5413 monthly","OPEX-HMW-2025-04-5413","0","498000",""
"JE-HMW-00200","HMW","2025-05-28","2025-05","GL","1","5413","ADMIN","HMW SGA 5413 monthly","OPEX-HMW-2025-05-5413","498000","0",""
"JE-HMW-00200","HMW","2025-05-28","2025-05","GL","2","2130","ADMIN","HMW SGA 5413 monthly","OPEX-HMW-2025-05-5413","0","498000",""
"JE-HMW-00201","HMW","2025-06-28","2025-06","GL","1","5413","ADMIN","HMW SGA 5413 monthly","OPEX-HMW-2025-06-5413","498000","0",""
"JE-HMW-00201","HMW","2025-06-28","2025-06","GL","2","2130","ADMIN","HMW SGA 5413 monthly","OPEX-HMW-2025-06-5413","0","498000",""
"JE-HMW-00202","HMW","2025-07-28","2025-07","GL","1","5413","ADMIN","HMW SGA 5413 monthly","OPEX-HMW-2025-07-5413","498000","0",""
"JE-HMW-00202","HMW","2025-07-28","2025-07","GL","2","2130","ADMIN","HMW SGA 5413 monthly","OPEX-HMW-2025-07-5413","0","498000",""
"JE-HMW-00203","HMW","2025-08-28","2025-08","GL","1","5413","ADMIN","HMW SGA 5413 monthly","OPEX-HMW-2025-08-5413","498000","0",""
"JE-HMW-00203","HMW","2025-08-28","2025-08","GL","2","2130","ADMIN","HMW SGA 5413 monthly","OPEX-HMW-2025-08-5413","0","498000",""
"JE-HMW-00204","HMW","2025-09-28","2025-09","GL","1","5413","ADMIN","HMW SGA 5413 monthly","OPEX-HMW-2025-09-5413","504000","0",""
"JE-HMW-00204","HMW","2025-09-28","2025-09","GL","2","2130","ADMIN","HMW SGA 5413 monthly","OPEX-HMW-2025-09-5413","0","504000",""
"JE-HMW-00205","HMW","2025-10-28","2025-10","GL","1","5413","ADMIN","HMW SGA 5413 monthly","OPEX-HMW-2025-10-5413","504000","0",""
"JE-HMW-00205","HMW","2025-10-28","2025-10","GL","2","2130","ADMIN","HMW SGA 5413 monthly","OPEX-HMW-2025-10-5413","0","504000",""
"JE-HMW-00206","HMW","2025-11-28","2025-11","GL","1","5413","ADMIN","HMW SGA 5413 monthly","OPEX-HMW-2025-11-5413","504000","0",""
"JE-HMW-00206","HMW","2025-11-28","2025-11","GL","2","2130","ADMIN","HMW SGA 5413 monthly","OPEX-HMW-2025-11-5413","0","504000",""
"JE-HMW-00207","HMW","2025-12-28","2025-12","GL","1","5413","ADMIN","HMW SGA 5413 monthly","OPEX-HMW-2025-12-5413","504000","0",""
"JE-HMW-00207","HMW","2025-12-28","2025-12","GL","2","2130","ADMIN","HMW SGA 5413 monthly","OPEX-HMW-2025-12-5413","0","504000",""
"JE-HMW-00208","HMW","2025-01-28","2025-01","GL","1","5416","FINANCE","HMW SGA 5416 monthly","OPEX-HMW-2025-01-5416","119811","0",""
"JE-HMW-00208","HMW","2025-01-28","2025-01","GL","2","1230","FINANCE","HMW SGA 5416 monthly","OPEX-HMW-2025-01-5416","0","119811",""
"JE-HMW-00209","HMW","2025-02-28","2025-02","GL","1","5416","FINANCE","HMW SGA 5416 monthly","OPEX-HMW-2025-02-5416","119811","0",""
"JE-HMW-00209","HMW","2025-02-28","2025-02","GL","2","1230","FINANCE","HMW SGA 5416 monthly","OPEX-HMW-2025-02-5416","0","119811",""
"JE-HMW-00210","HMW","2025-03-28","2025-03","GL","1","5416","FINANCE","HMW SGA 5416 monthly","OPEX-HMW-2025-03-5416","119811","0",""
"JE-HMW-00210","HMW","2025-03-28","2025-03","GL","2","1230","FINANCE","HMW SGA 5416 monthly","OPEX-HMW-2025-03-5416","0","119811",""
"JE-HMW-00211","HMW","2025-04-28","2025-04","GL","1","5416","FINANCE","HMW SGA 5416 monthly","OPEX-HMW-2025-04-5416","119811","0",""
"JE-HMW-00211","HMW","2025-04-28","2025-04","GL","2","1230","FINANCE","HMW SGA 5416 monthly","OPEX-HMW-2025-04-5416","0","119811",""
"JE-HMW-00212","HMW","2025-05-28","2025-05","GL","1","5416","FINANCE","HMW SGA 5416 monthly","OPEX-HMW-2025-05-5416","119811","0",""
"JE-HMW-00212","HMW","2025-05-28","2025-05","GL","2","1230","FINANCE","HMW SGA 5416 monthly","OPEX-HMW-2025-05-5416","0","119811",""
"JE-HMW-00213","HMW","2025-06-28","2025-06","GL","1","5416","FINANCE","HMW SGA 5416 monthly","OPEX-HMW-2025-06-5416","119811","0",""
"JE-HMW-00213","HMW","2025-06-28","2025-06","GL","2","1230","FINANCE","HMW SGA 5416 monthly","OPEX-HMW-2025-06-5416","0","119811",""
"JE-HMW-00214","HMW","2025-07-28","2025-07","GL","1","5416","FINANCE","HMW SGA 5416 monthly","OPEX-HMW-2025-07-5416","119811","0",""
"JE-HMW-00214","HMW","2025-07-28","2025-07","GL","2","1230","FINANCE","HMW SGA 5416 monthly","OPEX-HMW-2025-07-5416","0","119811",""
"JE-HMW-00215","HMW","2025-08-28","2025-08","GL","1","5416","FINANCE","HMW SGA 5416 monthly","OPEX-HMW-2025-08-5416","119811","0",""
"JE-HMW-00215","HMW","2025-08-28","2025-08","GL","2","1230","FINANCE","HMW SGA 5416 monthly","OPEX-HMW-2025-08-5416","0","119811",""
"JE-HMW-00216","HMW","2025-09-28","2025-09","GL","1","5416","FINANCE","HMW SGA 5416 monthly","OPEX-HMW-2025-09-5416","121254","0",""
"JE-HMW-00216","HMW","2025-09-28","2025-09","GL","2","1230","FINANCE","HMW SGA 5416 monthly","OPEX-HMW-2025-09-5416","0","121254",""
"JE-HMW-00217","HMW","2025-10-28","2025-10","GL","1","5416","FINANCE","HMW SGA 5416 monthly","OPEX-HMW-2025-10-5416","121254","0",""
"JE-HMW-00217","HMW","2025-10-28","2025-10","GL","2","1230","FINANCE","HMW SGA 5416 monthly","OPEX-HMW-2025-10-5416","0","121254",""
"JE-HMW-00218","HMW","2025-11-28","2025-11","GL","1","5416","FINANCE","HMW SGA 5416 monthly","OPEX-HMW-2025-11-5416","121254","0",""
"JE-HMW-00218","HMW","2025-11-28","2025-11","GL","2","1230","FINANCE","HMW SGA 5416 monthly","OPEX-HMW-2025-11-5416","0","121254",""
"JE-HMW-00219","HMW","2025-12-28","2025-12","GL","1","5416","FINANCE","HMW SGA 5416 monthly","OPEX-HMW-2025-12-5416","121251","0",""
"JE-HMW-00219","HMW","2025-12-28","2025-12","GL","2","1230","FINANCE","HMW SGA 5416 monthly","OPEX-HMW-2025-12-5416","0","121251",""
"JE-HMW-00220","HMW","2025-01-28","2025-01","GL","1","5411","ADMIN","HMW SGA 5411 monthly","OPEX-HMW-2025-01-5411","2656000","0",""
"JE-HMW-00220","HMW","2025-01-28","2025-01","GL","2","1112","ADMIN","HMW SGA 5411 monthly","OPEX-HMW-2025-01-5411","0","2656000",""
"JE-HMW-00221","HMW","2025-02-28","2025-02","GL","1","5411","ADMIN","HMW SGA 5411 monthly","OPEX-HMW-2025-02-5411","2656000","0",""
"JE-HMW-00221","HMW","2025-02-28","2025-02","GL","2","1112","ADMIN","HMW SGA 5411 monthly","OPEX-HMW-2025-02-5411","0","2656000",""
"JE-HMW-00222","HMW","2025-03-28","2025-03","GL","1","5411","ADMIN","HMW SGA 5411 monthly","OPEX-HMW-2025-03-5411","2656000","0",""
"JE-HMW-00222","HMW","2025-03-28","2025-03","GL","2","1112","ADMIN","HMW SGA 5411 monthly","OPEX-HMW-2025-03-5411","0","2656000",""
"JE-HMW-00223","HMW","2025-04-28","2025-04","GL","1","5411","ADMIN","HMW SGA 5411 monthly","OPEX-HMW-2025-04-5411","2656000","0",""
"JE-HMW-00223","HMW","2025-04-28","2025-04","GL","2","1112","ADMIN","HMW SGA 5411 monthly","OPEX-HMW-2025-04-5411","0","2656000",""
"JE-HMW-00224","HMW","2025-05-28","2025-05","GL","1","5411","ADMIN","HMW SGA 5411 monthly","OPEX-HMW-2025-05-5411","2656000","0",""
"JE-HMW-00224","HMW","2025-05-28","2025-05","GL","2","1112","ADMIN","HMW SGA 5411 monthly","OPEX-HMW-2025-05-5411","0","2656000",""
"JE-HMW-00225","HMW","2025-06-28","2025-06","GL","1","5411","ADMIN","HMW SGA 5411 monthly","OPEX-HMW-2025-06-5411","2656000","0",""
"JE-HMW-00225","HMW","2025-06-28","2025-06","GL","2","1112","ADMIN","HMW SGA 5411 monthly","OPEX-HMW-2025-06-5411","0","2656000",""
"JE-HMW-00226","HMW","2025-07-28","2025-07","GL","1","5411","ADMIN","HMW SGA 5411 monthly","OPEX-HMW-2025-07-5411","2656000","0",""
"JE-HMW-00226","HMW","2025-07-28","2025-07","GL","2","1112","ADMIN","HMW SGA 5411 monthly","OPEX-HMW-2025-07-5411","0","2656000",""
"JE-HMW-00227","HMW","2025-08-28","2025-08","GL","1","5411","ADMIN","HMW SGA 5411 monthly","OPEX-HMW-2025-08-5411","2656000","0",""
"JE-HMW-00227","HMW","2025-08-28","2025-08","GL","2","1112","ADMIN","HMW SGA 5411 monthly","OPEX-HMW-2025-08-5411","0","2656000",""
"JE-HMW-00228","HMW","2025-09-28","2025-09","GL","1","5411","ADMIN","HMW SGA 5411 monthly","OPEX-HMW-2025-09-5411","2688000","0",""
"JE-HMW-00228","HMW","2025-09-28","2025-09","GL","2","1112","ADMIN","HMW SGA 5411 monthly","OPEX-HMW-2025-09-5411","0","2688000",""
"JE-HMW-00229","HMW","2025-10-28","2025-10","GL","1","5411","ADMIN","HMW SGA 5411 monthly","OPEX-HMW-2025-10-5411","2688000","0",""
"JE-HMW-00229","HMW","2025-10-28","2025-10","GL","2","1112","ADMIN","HMW SGA 5411 monthly","OPEX-HMW-2025-10-5411","0","2688000",""
"JE-HMW-00230","HMW","2025-11-28","2025-11","GL","1","5411","ADMIN","HMW SGA 5411 monthly","OPEX-HMW-2025-11-5411","2688000","0",""
"JE-HMW-00230","HMW","2025-11-28","2025-11","GL","2","1112","ADMIN","HMW SGA 5411 monthly","OPEX-HMW-2025-11-5411","0","2688000",""
"JE-HMW-00231","HMW","2025-12-28","2025-12","GL","1","5411","ADMIN","HMW SGA 5411 monthly","OPEX-HMW-2025-12-5411","2688000","0",""
"JE-HMW-00231","HMW","2025-12-28","2025-12","GL","2","1112","ADMIN","HMW SGA 5411 monthly","OPEX-HMW-2025-12-5411","0","2688000",""
"JE-HMW-00232","HMW","2025-01-28","2025-01","GL","1","5418","ADMIN","HMW SGA 5418 monthly","OPEX-HMW-2025-01-5418","166000","0",""
"JE-HMW-00232","HMW","2025-01-28","2025-01","GL","2","2130","ADMIN","HMW SGA 5418 monthly","OPEX-HMW-2025-01-5418","0","166000",""
"JE-HMW-00233","HMW","2025-02-28","2025-02","GL","1","5418","ADMIN","HMW SGA 5418 monthly","OPEX-HMW-2025-02-5418","166000","0",""
"JE-HMW-00233","HMW","2025-02-28","2025-02","GL","2","2130","ADMIN","HMW SGA 5418 monthly","OPEX-HMW-2025-02-5418","0","166000",""
"JE-HMW-00234","HMW","2025-03-28","2025-03","GL","1","5418","ADMIN","HMW SGA 5418 monthly","OPEX-HMW-2025-03-5418","166000","0",""
"JE-HMW-00234","HMW","2025-03-28","2025-03","GL","2","2130","ADMIN","HMW SGA 5418 monthly","OPEX-HMW-2025-03-5418","0","166000",""
"JE-HMW-00235","HMW","2025-04-28","2025-04","GL","1","5418","ADMIN","HMW SGA 5418 monthly","OPEX-HMW-2025-04-5418","166000","0",""
"JE-HMW-00235","HMW","2025-04-28","2025-04","GL","2","2130","ADMIN","HMW SGA 5418 monthly","OPEX-HMW-2025-04-5418","0","166000",""
"JE-HMW-00236","HMW","2025-05-28","2025-05","GL","1","5418","ADMIN","HMW SGA 5418 monthly","OPEX-HMW-2025-05-5418","166000","0",""
"JE-HMW-00236","HMW","2025-05-28","2025-05","GL","2","2130","ADMIN","HMW SGA 5418 monthly","OPEX-HMW-2025-05-5418","0","166000",""
"JE-HMW-00237","HMW","2025-06-28","2025-06","GL","1","5418","ADMIN","HMW SGA 5418 monthly","OPEX-HMW-2025-06-5418","166000","0",""
"JE-HMW-00237","HMW","2025-06-28","2025-06","GL","2","2130","ADMIN","HMW SGA 5418 monthly","OPEX-HMW-2025-06-5418","0","166000",""
"JE-HMW-00238","HMW","2025-07-28","2025-07","GL","1","5418","ADMIN","HMW SGA 5418 monthly","OPEX-HMW-2025-07-5418","166000","0",""
"JE-HMW-00238","HMW","2025-07-28","2025-07","GL","2","2130","ADMIN","HMW SGA 5418 monthly","OPEX-HMW-2025-07-5418","0","166000",""
"JE-HMW-00239","HMW","2025-08-28","2025-08","GL","1","5418","ADMIN","HMW SGA 5418 monthly","OPEX-HMW-2025-08-5418","166000","0",""
"JE-HMW-00239","HMW","2025-08-28","2025-08","GL","2","2130","ADMIN","HMW SGA 5418 monthly","OPEX-HMW-2025-08-5418","0","166000",""
"JE-HMW-00240","HMW","2025-09-28","2025-09","GL","1","5418","ADMIN","HMW SGA 5418 monthly","OPEX-HMW-2025-09-5418","168000","0",""
"JE-HMW-00240","HMW","2025-09-28","2025-09","GL","2","2130","ADMIN","HMW SGA 5418 monthly","OPEX-HMW-2025-09-5418","0","168000",""
"JE-HMW-00241","HMW","2025-10-28","2025-10","GL","1","5418","ADMIN","HMW SGA 5418 monthly","OPEX-HMW-2025-10-5418","168000","0",""
"JE-HMW-00241","HMW","2025-10-28","2025-10","GL","2","2130","ADMIN","HMW SGA 5418 monthly","OPEX-HMW-2025-10-5418","0","168000",""
"JE-HMW-00242","HMW","2025-11-28","2025-11","GL","1","5418","ADMIN","HMW SGA 5418 monthly","OPEX-HMW-2025-11-5418","168000","0",""
"JE-HMW-00242","HMW","2025-11-28","2025-11","GL","2","2130","ADMIN","HMW SGA 5418 monthly","OPEX-HMW-2025-11-5418","0","168000",""
"JE-HMW-00243","HMW","2025-12-28","2025-12","GL","1","5418","ADMIN","HMW SGA 5418 monthly","OPEX-HMW-2025-12-5418","168000","0",""
"JE-HMW-00243","HMW","2025-12-28","2025-12","GL","2","2130","ADMIN","HMW SGA 5418 monthly","OPEX-HMW-2025-12-5418","0","168000",""
"JE-HMW-00244","HMW","2025-01-28","2025-01","GL","1","5135","ADMIN","HMW SGA 5135 monthly","OPEX-HMW-2025-01-5135","4565000","0","VEND-HMW-099"
"JE-HMW-00244","HMW","2025-01-28","2025-01","GL","2","2125","ADMIN","HMW SGA 5135 monthly","OPEX-HMW-2025-01-5135","0","4565000","VEND-HMW-099"
"JE-HMW-00245","HMW","2025-02-28","2025-02","GL","1","5135","ADMIN","HMW SGA 5135 monthly","OPEX-HMW-2025-02-5135","4565000","0","VEND-HMW-099"
"JE-HMW-00245","HMW","2025-02-28","2025-02","GL","2","2125","ADMIN","HMW SGA 5135 monthly","OPEX-HMW-2025-02-5135","0","4565000","VEND-HMW-099"
"JE-HMW-00246","HMW","2025-03-28","2025-03","GL","1","5135","ADMIN","HMW SGA 5135 monthly","OPEX-HMW-2025-03-5135","4565000","0","VEND-HMW-099"
"JE-HMW-00246","HMW","2025-03-28","2025-03","GL","2","2125","ADMIN","HMW SGA 5135 monthly","OPEX-HMW-2025-03-5135","0","4565000","VEND-HMW-099"
"JE-HMW-00247","HMW","2025-04-28","2025-04","GL","1","5135","ADMIN","HMW SGA 5135 monthly","OPEX-HMW-2025-04-5135","4565000","0","VEND-HMW-099"
"JE-HMW-00247","HMW","2025-04-28","2025-04","GL","2","2125","ADMIN","HMW SGA 5135 monthly","OPEX-HMW-2025-04-5135","0","4565000","VEND-HMW-099"
"JE-HMW-00248","HMW","2025-05-28","2025-05","GL","1","5135","ADMIN","HMW SGA 5135 monthly","OPEX-HMW-2025-05-5135","4565000","0","VEND-HMW-099"
"JE-HMW-00248","HMW","2025-05-28","2025-05","GL","2","2125","ADMIN","HMW SGA 5135 monthly","OPEX-HMW-2025-05-5135","0","4565000","VEND-HMW-099"
"JE-HMW-00249","HMW","2025-06-28","2025-06","GL","1","5135","ADMIN","HMW SGA 5135 monthly","OPEX-HMW-2025-06-5135","4565000","0","VEND-HMW-099"
"JE-HMW-00249","HMW","2025-06-28","2025-06","GL","2","2125","ADMIN","HMW SGA 5135 monthly","OPEX-HMW-2025-06-5135","0","4565000","VEND-HMW-099"
"JE-HMW-00250","HMW","2025-07-28","2025-07","GL","1","5135","ADMIN","HMW SGA 5135 monthly","OPEX-HMW-2025-07-5135","4565000","0","VEND-HMW-099"
"JE-HMW-00250","HMW","2025-07-28","2025-07","GL","2","2125","ADMIN","HMW SGA 5135 monthly","OPEX-HMW-2025-07-5135","0","4565000","VEND-HMW-099"
"JE-HMW-00251","HMW","2025-08-28","2025-08","GL","1","5135","ADMIN","HMW SGA 5135 monthly","OPEX-HMW-2025-08-5135","4565000","0","VEND-HMW-099"
"JE-HMW-00251","HMW","2025-08-28","2025-08","GL","2","2125","ADMIN","HMW SGA 5135 monthly","OPEX-HMW-2025-08-5135","0","4565000","VEND-HMW-099"
"JE-HMW-00252","HMW","2025-09-28","2025-09","GL","1","5135","ADMIN","HMW SGA 5135 monthly","OPEX-HMW-2025-09-5135","4620000","0","VEND-HMW-099"
"JE-HMW-00252","HMW","2025-09-28","2025-09","GL","2","2125","ADMIN","HMW SGA 5135 monthly","OPEX-HMW-2025-09-5135","0","4620000","VEND-HMW-099"
"JE-HMW-00253","HMW","2025-10-28","2025-10","GL","1","5135","ADMIN","HMW SGA 5135 monthly","OPEX-HMW-2025-10-5135","4620000","0","VEND-HMW-099"
"JE-HMW-00253","HMW","2025-10-28","2025-10","GL","2","2125","ADMIN","HMW SGA 5135 monthly","OPEX-HMW-2025-10-5135","0","4620000","VEND-HMW-099"
"JE-HMW-00254","HMW","2025-11-28","2025-11","GL","1","5135","ADMIN","HMW SGA 5135 monthly","OPEX-HMW-2025-11-5135","4620000","0","VEND-HMW-099"
"JE-HMW-00254","HMW","2025-11-28","2025-11","GL","2","2125","ADMIN","HMW SGA 5135 monthly","OPEX-HMW-2025-11-5135","0","4620000","VEND-HMW-099"
"JE-HMW-00255","HMW","2025-12-28","2025-12","GL","1","5135","ADMIN","HMW SGA 5135 monthly","OPEX-HMW-2025-12-5135","4620000","0","VEND-HMW-099"
"JE-HMW-00255","HMW","2025-12-28","2025-12","GL","2","2125","ADMIN","HMW SGA 5135 monthly","OPEX-HMW-2025-12-5135","0","4620000","VEND-HMW-099"
"JE-HMW-00256","HMW","2025-01-28","2025-01","GL","1","5414","ADMIN","HMW SGA 5414 monthly","OPEX-HMW-2025-01-5414","3154000","0",""
"JE-HMW-00256","HMW","2025-01-28","2025-01","GL","2","1319","ADMIN","HMW SGA 5414 monthly","OPEX-HMW-2025-01-5414","0","3154000",""
"JE-HMW-00257","HMW","2025-02-28","2025-02","GL","1","5414","ADMIN","HMW SGA 5414 monthly","OPEX-HMW-2025-02-5414","3154000","0",""
"JE-HMW-00257","HMW","2025-02-28","2025-02","GL","2","1319","ADMIN","HMW SGA 5414 monthly","OPEX-HMW-2025-02-5414","0","3154000",""
"JE-HMW-00258","HMW","2025-03-28","2025-03","GL","1","5414","ADMIN","HMW SGA 5414 monthly","OPEX-HMW-2025-03-5414","3154000","0",""
"JE-HMW-00258","HMW","2025-03-28","2025-03","GL","2","1319","ADMIN","HMW SGA 5414 monthly","OPEX-HMW-2025-03-5414","0","3154000",""
"JE-HMW-00259","HMW","2025-04-28","2025-04","GL","1","5414","ADMIN","HMW SGA 5414 monthly","OPEX-HMW-2025-04-5414","3154000","0",""
"JE-HMW-00259","HMW","2025-04-28","2025-04","GL","2","1319","ADMIN","HMW SGA 5414 monthly","OPEX-HMW-2025-04-5414","0","3154000",""
"JE-HMW-00260","HMW","2025-05-28","2025-05","GL","1","5414","ADMIN","HMW SGA 5414 monthly","OPEX-HMW-2025-05-5414","3154000","0",""
"JE-HMW-00260","HMW","2025-05-28","2025-05","GL","2","1319","ADMIN","HMW SGA 5414 monthly","OPEX-HMW-2025-05-5414","0","3154000",""
"JE-HMW-00261","HMW","2025-06-28","2025-06","GL","1","5414","ADMIN","HMW SGA 5414 monthly","OPEX-HMW-2025-06-5414","3154000","0",""
"JE-HMW-00261","HMW","2025-06-28","2025-06","GL","2","1319","ADMIN","HMW SGA 5414 monthly","OPEX-HMW-2025-06-5414","0","3154000",""
"JE-HMW-00262","HMW","2025-07-28","2025-07","GL","1","5414","ADMIN","HMW SGA 5414 monthly","OPEX-HMW-2025-07-5414","3154000","0",""
"JE-HMW-00262","HMW","2025-07-28","2025-07","GL","2","1319","ADMIN","HMW SGA 5414 monthly","OPEX-HMW-2025-07-5414","0","3154000",""
"JE-HMW-00263","HMW","2025-08-28","2025-08","GL","1","5414","ADMIN","HMW SGA 5414 monthly","OPEX-HMW-2025-08-5414","3154000","0",""
"JE-HMW-00263","HMW","2025-08-28","2025-08","GL","2","1319","ADMIN","HMW SGA 5414 monthly","OPEX-HMW-2025-08-5414","0","3154000",""
"JE-HMW-00264","HMW","2025-09-28","2025-09","GL","1","5414","ADMIN","HMW SGA 5414 monthly","OPEX-HMW-2025-09-5414","3192000","0",""
"JE-HMW-00264","HMW","2025-09-28","2025-09","GL","2","1319","ADMIN","HMW SGA 5414 monthly","OPEX-HMW-2025-09-5414","0","3192000",""
"JE-HMW-00265","HMW","2025-10-28","2025-10","GL","1","5414","ADMIN","HMW SGA 5414 monthly","OPEX-HMW-2025-10-5414","3192000","0",""
"JE-HMW-00265","HMW","2025-10-28","2025-10","GL","2","1319","ADMIN","HMW SGA 5414 monthly","OPEX-HMW-2025-10-5414","0","3192000",""
"JE-HMW-00266","HMW","2025-11-28","2025-11","GL","1","5414","ADMIN","HMW SGA 5414 monthly","OPEX-HMW-2025-11-5414","3192000","0",""
"JE-HMW-00266","HMW","2025-11-28","2025-11","GL","2","1319","ADMIN","HMW SGA 5414 monthly","OPEX-HMW-2025-11-5414","0","3192000",""
"JE-HMW-00267","HMW","2025-12-28","2025-12","GL","1","5414","ADMIN","HMW SGA 5414 monthly","OPEX-HMW-2025-12-5414","3192000","0",""
"JE-HMW-00267","HMW","2025-12-28","2025-12","GL","2","1319","ADMIN","HMW SGA 5414 monthly","OPEX-HMW-2025-12-5414","0","3192000",""
"JE-HMW-00268","HMW","2025-03-25","2025-03","BANK","1","2130","ADMIN","Pay accrued other payables Q1","PAY-HMW-Q1-OCP","4000000","0",
"JE-HMW-00268","HMW","2025-03-25","2025-03","BANK","2","1112","ADMIN","Pay accrued other payables Q1","PAY-HMW-Q1-OCP","0","4000000",
"JE-HMW-00269","HMW","2025-06-25","2025-06","BANK","1","2130","ADMIN","Pay accrued other payables Q2","PAY-HMW-Q2-OCP","4000000","0",
"JE-HMW-00269","HMW","2025-06-25","2025-06","BANK","2","1112","ADMIN","Pay accrued other payables Q2","PAY-HMW-Q2-OCP","0","4000000",
"JE-HMW-00270","HMW","2025-09-25","2025-09","BANK","1","2130","ADMIN","Pay accrued other payables Q3","PAY-HMW-Q3-OCP","4000000","0",
"JE-HMW-00270","HMW","2025-09-25","2025-09","BANK","2","1112","ADMIN","Pay accrued other payables Q3","PAY-HMW-Q3-OCP","0","4000000",
"JE-HMW-00271","HMW","2025-12-25","2025-12","BANK","1","2130","ADMIN","Pay accrued other payables Q4","PAY-HMW-Q4-OCP","4000000","0",
"JE-HMW-00271","HMW","2025-12-25","2025-12","BANK","2","1112","ADMIN","Pay accrued other payables Q4","PAY-HMW-Q4-OCP","0","4000000",
"JE-HMW-00272","HMW","2025-01-10","2025-01","BANK","1","2122","PARTS","HMW AP payment","AP-PAY-HMW-2025-01-2122","9375000","0","VEND-HMW-002"
"JE-HMW-00272","HMW","2025-01-10","2025-01","BANK","2","1112","ADMIN","HMW AP payment","AP-PAY-HMW-2025-01-2122","0","9375000","VEND-HMW-002"
"JE-HMW-00273","HMW","2025-02-10","2025-02","BANK","1","2122","PARTS","HMW AP payment","AP-PAY-HMW-2025-02-2122","8750000","0","VEND-HMW-002"
"JE-HMW-00273","HMW","2025-02-10","2025-02","BANK","2","1112","ADMIN","HMW AP payment","AP-PAY-HMW-2025-02-2122","0","8750000","VEND-HMW-002"
"JE-HMW-00274","HMW","2025-03-10","2025-03","BANK","1","2122","PARTS","HMW AP payment","AP-PAY-HMW-2025-03-2122","10625000","0","VEND-HMW-002"
"JE-HMW-00274","HMW","2025-03-10","2025-03","BANK","2","1112","ADMIN","HMW AP payment","AP-PAY-HMW-2025-03-2122","0","10625000","VEND-HMW-002"
"JE-HMW-00275","HMW","2025-04-10","2025-04","BANK","1","2122","PARTS","HMW AP payment","AP-PAY-HMW-2025-04-2122","9375000","0","VEND-HMW-002"
"JE-HMW-00275","HMW","2025-04-10","2025-04","BANK","2","1112","ADMIN","HMW AP payment","AP-PAY-HMW-2025-04-2122","0","9375000","VEND-HMW-002"
"JE-HMW-00276","HMW","2025-05-10","2025-05","BANK","1","2122","PARTS","HMW AP payment","AP-PAY-HMW-2025-05-2122","10000000","0","VEND-HMW-002"
"JE-HMW-00276","HMW","2025-05-10","2025-05","BANK","2","1112","ADMIN","HMW AP payment","AP-PAY-HMW-2025-05-2122","0","10000000","VEND-HMW-002"
"JE-HMW-00277","HMW","2025-06-10","2025-06","BANK","1","2122","PARTS","HMW AP payment","AP-PAY-HMW-2025-06-2122","10625000","0","VEND-HMW-002"
"JE-HMW-00277","HMW","2025-06-10","2025-06","BANK","2","1112","ADMIN","HMW AP payment","AP-PAY-HMW-2025-06-2122","0","10625000","VEND-HMW-002"
"JE-HMW-00278","HMW","2025-07-10","2025-07","BANK","1","2122","PARTS","HMW AP payment","AP-PAY-HMW-2025-07-2122","10625000","0","VEND-HMW-002"
"JE-HMW-00278","HMW","2025-07-10","2025-07","BANK","2","1112","ADMIN","HMW AP payment","AP-PAY-HMW-2025-07-2122","0","10625000","VEND-HMW-002"
"JE-HMW-00279","HMW","2025-08-10","2025-08","BANK","1","2122","PARTS","HMW AP payment","AP-PAY-HMW-2025-08-2122","10625000","0","VEND-HMW-002"
"JE-HMW-00279","HMW","2025-08-10","2025-08","BANK","2","1112","ADMIN","HMW AP payment","AP-PAY-HMW-2025-08-2122","0","10625000","VEND-HMW-002"
"JE-HMW-00280","HMW","2025-09-10","2025-09","BANK","1","2122","PARTS","HMW AP payment","AP-PAY-HMW-2025-09-2122","11250000","0","VEND-HMW-002"
"JE-HMW-00280","HMW","2025-09-10","2025-09","BANK","2","1112","ADMIN","HMW AP payment","AP-PAY-HMW-2025-09-2122","0","11250000","VEND-HMW-002"
"JE-HMW-00281","HMW","2025-10-10","2025-10","BANK","1","2122","PARTS","HMW AP payment","AP-PAY-HMW-2025-10-2122","11250000","0","VEND-HMW-002"
"JE-HMW-00281","HMW","2025-10-10","2025-10","BANK","2","1112","ADMIN","HMW AP payment","AP-PAY-HMW-2025-10-2122","0","11250000","VEND-HMW-002"
"JE-HMW-00282","HMW","2025-11-10","2025-11","BANK","1","2122","PARTS","HMW AP payment","AP-PAY-HMW-2025-11-2122","11250000","0","VEND-HMW-002"
"JE-HMW-00282","HMW","2025-11-10","2025-11","BANK","2","1112","ADMIN","HMW AP payment","AP-PAY-HMW-2025-11-2122","0","11250000","VEND-HMW-002"
"JE-HMW-00283","HMW","2025-12-10","2025-12","BANK","1","2122","PARTS","HMW AP payment","AP-PAY-HMW-2025-12-2122","11250000","0","VEND-HMW-002"
"JE-HMW-00283","HMW","2025-12-10","2025-12","BANK","2","1112","ADMIN","HMW AP payment","AP-PAY-HMW-2025-12-2122","0","11250000","VEND-HMW-002"
"JE-HMW-00284","HMW","2025-01-10","2025-01","BANK","1","2121","PARTS","HMW AP payment","AP-PAY-HMW-2025-01-2121","54000000","0","VEND-HMW-001"
"JE-HMW-00284","HMW","2025-01-10","2025-01","BANK","2","1112","ADMIN","HMW AP payment","AP-PAY-HMW-2025-01-2121","0","54000000","VEND-HMW-001"
"JE-HMW-00285","HMW","2025-02-10","2025-02","BANK","1","2121","PARTS","HMW AP payment","AP-PAY-HMW-2025-02-2121","50400000","0","VEND-HMW-001"
"JE-HMW-00285","HMW","2025-02-10","2025-02","BANK","2","1112","ADMIN","HMW AP payment","AP-PAY-HMW-2025-02-2121","0","50400000","VEND-HMW-001"
"JE-HMW-00286","HMW","2025-03-10","2025-03","BANK","1","2121","PARTS","HMW AP payment","AP-PAY-HMW-2025-03-2121","61200000","0","VEND-HMW-001"
"JE-HMW-00286","HMW","2025-03-10","2025-03","BANK","2","1112","ADMIN","HMW AP payment","AP-PAY-HMW-2025-03-2121","0","61200000","VEND-HMW-001"
"JE-HMW-00287","HMW","2025-04-10","2025-04","BANK","1","2121","PARTS","HMW AP payment","AP-PAY-HMW-2025-04-2121","54000000","0","VEND-HMW-001"
"JE-HMW-00287","HMW","2025-04-10","2025-04","BANK","2","1112","ADMIN","HMW AP payment","AP-PAY-HMW-2025-04-2121","0","54000000","VEND-HMW-001"
"JE-HMW-00288","HMW","2025-05-10","2025-05","BANK","1","2121","PARTS","HMW AP payment","AP-PAY-HMW-2025-05-2121","57600000","0","VEND-HMW-001"
"JE-HMW-00288","HMW","2025-05-10","2025-05","BANK","2","1112","ADMIN","HMW AP payment","AP-PAY-HMW-2025-05-2121","0","57600000","VEND-HMW-001"
"JE-HMW-00289","HMW","2025-06-10","2025-06","BANK","1","2121","PARTS","HMW AP payment","AP-PAY-HMW-2025-06-2121","61200000","0","VEND-HMW-001"
"JE-HMW-00289","HMW","2025-06-10","2025-06","BANK","2","1112","ADMIN","HMW AP payment","AP-PAY-HMW-2025-06-2121","0","61200000","VEND-HMW-001"
"JE-HMW-00290","HMW","2025-07-10","2025-07","BANK","1","2121","PARTS","HMW AP payment","AP-PAY-HMW-2025-07-2121","61200000","0","VEND-HMW-001"
"JE-HMW-00290","HMW","2025-07-10","2025-07","BANK","2","1112","ADMIN","HMW AP payment","AP-PAY-HMW-2025-07-2121","0","61200000","VEND-HMW-001"
"JE-HMW-00291","HMW","2025-08-10","2025-08","BANK","1","2121","PARTS","HMW AP payment","AP-PAY-HMW-2025-08-2121","61200000","0","VEND-HMW-001"
"JE-HMW-00291","HMW","2025-08-10","2025-08","BANK","2","1112","ADMIN","HMW AP payment","AP-PAY-HMW-2025-08-2121","0","61200000","VEND-HMW-001"
"JE-HMW-00292","HMW","2025-09-10","2025-09","BANK","1","2121","PARTS","HMW AP payment","AP-PAY-HMW-2025-09-2121","64800000","0","VEND-HMW-001"
"JE-HMW-00292","HMW","2025-09-10","2025-09","BANK","2","1112","ADMIN","HMW AP payment","AP-PAY-HMW-2025-09-2121","0","64800000","VEND-HMW-001"
"JE-HMW-00293","HMW","2025-10-10","2025-10","BANK","1","2121","PARTS","HMW AP payment","AP-PAY-HMW-2025-10-2121","64800000","0","VEND-HMW-001"
"JE-HMW-00293","HMW","2025-10-10","2025-10","BANK","2","1112","ADMIN","HMW AP payment","AP-PAY-HMW-2025-10-2121","0","64800000","VEND-HMW-001"
"JE-HMW-00294","HMW","2025-11-10","2025-11","BANK","1","2121","PARTS","HMW AP payment","AP-PAY-HMW-2025-11-2121","64800000","0","VEND-HMW-001"
"JE-HMW-00294","HMW","2025-11-10","2025-11","BANK","2","1112","ADMIN","HMW AP payment","AP-PAY-HMW-2025-11-2121","0","64800000","VEND-HMW-001"
"JE-HMW-00295","HMW","2025-12-10","2025-12","BANK","1","2121","PARTS","HMW AP payment","AP-PAY-HMW-2025-12-2121","64800000","0","VEND-HMW-001"
"JE-HMW-00295","HMW","2025-12-10","2025-12","BANK","2","1112","ADMIN","HMW AP payment","AP-PAY-HMW-2025-12-2121","0","64800000","VEND-HMW-001"
"JE-HMW-00296","HMW","2025-01-10","2025-01","BANK","1","2123","PARTS","HMW AP payment","AP-PAY-HMW-2025-01-2123","596250","0","VEND-HMW-007"
"JE-HMW-00296","HMW","2025-01-10","2025-01","BANK","2","1112","ADMIN","HMW AP payment","AP-PAY-HMW-2025-01-2123","0","596250","VEND-HMW-007"
"JE-HMW-00297","HMW","2025-02-10","2025-02","BANK","1","2123","PARTS","HMW AP payment","AP-PAY-HMW-2025-02-2123","556500","0","VEND-HMW-007"
"JE-HMW-00297","HMW","2025-02-10","2025-02","BANK","2","1112","ADMIN","HMW AP payment","AP-PAY-HMW-2025-02-2123","0","556500","VEND-HMW-007"
"JE-HMW-00298","HMW","2025-03-10","2025-03","BANK","1","2123","PARTS","HMW AP payment","AP-PAY-HMW-2025-03-2123","675750","0","VEND-HMW-007"
"JE-HMW-00298","HMW","2025-03-10","2025-03","BANK","2","1112","ADMIN","HMW AP payment","AP-PAY-HMW-2025-03-2123","0","675750","VEND-HMW-007"
"JE-HMW-00299","HMW","2025-04-10","2025-04","BANK","1","2123","PARTS","HMW AP payment","AP-PAY-HMW-2025-04-2123","596250","0","VEND-HMW-007"
"JE-HMW-00299","HMW","2025-04-10","2025-04","BANK","2","1112","ADMIN","HMW AP payment","AP-PAY-HMW-2025-04-2123","0","596250","VEND-HMW-007"
"JE-HMW-00300","HMW","2025-05-10","2025-05","BANK","1","2123","PARTS","HMW AP payment","AP-PAY-HMW-2025-05-2123","636000","0","VEND-HMW-007"
"JE-HMW-00300","HMW","2025-05-10","2025-05","BANK","2","1112","ADMIN","HMW AP payment","AP-PAY-HMW-2025-05-2123","0","636000","VEND-HMW-007"
"JE-HMW-00301","HMW","2025-06-10","2025-06","BANK","1","2123","PARTS","HMW AP payment","AP-PAY-HMW-2025-06-2123","675750","0","VEND-HMW-007"
"JE-HMW-00301","HMW","2025-06-10","2025-06","BANK","2","1112","ADMIN","HMW AP payment","AP-PAY-HMW-2025-06-2123","0","675750","VEND-HMW-007"
"JE-HMW-00302","HMW","2025-07-10","2025-07","BANK","1","2123","PARTS","HMW AP payment","AP-PAY-HMW-2025-07-2123","675750","0","VEND-HMW-007"
"JE-HMW-00302","HMW","2025-07-10","2025-07","BANK","2","1112","ADMIN","HMW AP payment","AP-PAY-HMW-2025-07-2123","0","675750","VEND-HMW-007"
"JE-HMW-00303","HMW","2025-08-10","2025-08","BANK","1","2123","PARTS","HMW AP payment","AP-PAY-HMW-2025-08-2123","675750","0","VEND-HMW-007"
"JE-HMW-00303","HMW","2025-08-10","2025-08","BANK","2","1112","ADMIN","HMW AP payment","AP-PAY-HMW-2025-08-2123","0","675750","VEND-HMW-007"
"JE-HMW-00304","HMW","2025-09-10","2025-09","BANK","1","2123","PARTS","HMW AP payment","AP-PAY-HMW-2025-09-2123","715500","0","VEND-HMW-007"
"JE-HMW-00304","HMW","2025-09-10","2025-09","BANK","2","1112","ADMIN","HMW AP payment","AP-PAY-HMW-2025-09-2123","0","715500","VEND-HMW-007"
"JE-HMW-00305","HMW","2025-10-10","2025-10","BANK","1","2123","PARTS","HMW AP payment","AP-PAY-HMW-2025-10-2123","715500","0","VEND-HMW-007"
"JE-HMW-00305","HMW","2025-10-10","2025-10","BANK","2","1112","ADMIN","HMW AP payment","AP-PAY-HMW-2025-10-2123","0","715500","VEND-HMW-007"
"JE-HMW-00306","HMW","2025-11-10","2025-11","BANK","1","2123","PARTS","HMW AP payment","AP-PAY-HMW-2025-11-2123","715500","0","VEND-HMW-007"
"JE-HMW-00306","HMW","2025-11-10","2025-11","BANK","2","1112","ADMIN","HMW AP payment","AP-PAY-HMW-2025-11-2123","0","715500","VEND-HMW-007"
"JE-HMW-00307","HMW","2025-12-10","2025-12","BANK","1","2123","PARTS","HMW AP payment","AP-PAY-HMW-2025-12-2123","715500","0","VEND-HMW-007"
"JE-HMW-00307","HMW","2025-12-10","2025-12","BANK","2","1112","ADMIN","HMW AP payment","AP-PAY-HMW-2025-12-2123","0","715500","VEND-HMW-007"
"JE-HMW-00308","HMW","2025-01-18","2025-01","BANK","1","1112","ADMIN","HMW AR receipts","AR-RCP-HMW-2025-01-1123","8670000","0","CUST-HMW-006"
"JE-HMW-00308","HMW","2025-01-18","2025-01","BANK","2","1123","SALES","HMW AR receipts","AR-RCP-HMW-2025-01-1123","0","8670000","CUST-HMW-006"
"JE-HMW-00309","HMW","2025-02-18","2025-02","BANK","1","1112","ADMIN","HMW AR receipts","AR-RCP-HMW-2025-02-1123","8092000","0","CUST-HMW-006"
"JE-HMW-00309","HMW","2025-02-18","2025-02","BANK","2","1123","SALES","HMW AR receipts","AR-RCP-HMW-2025-02-1123","0","8092000","CUST-HMW-006"
"JE-HMW-00310","HMW","2025-03-18","2025-03","BANK","1","1112","ADMIN","HMW AR receipts","AR-RCP-HMW-2025-03-1123","9826000","0","CUST-HMW-006"
"JE-HMW-00310","HMW","2025-03-18","2025-03","BANK","2","1123","SALES","HMW AR receipts","AR-RCP-HMW-2025-03-1123","0","9826000","CUST-HMW-006"
"JE-HMW-00311","HMW","2025-04-18","2025-04","BANK","1","1112","ADMIN","HMW AR receipts","AR-RCP-HMW-2025-04-1123","8670000","0","CUST-HMW-006"
"JE-HMW-00311","HMW","2025-04-18","2025-04","BANK","2","1123","SALES","HMW AR receipts","AR-RCP-HMW-2025-04-1123","0","8670000","CUST-HMW-006"
"JE-HMW-00312","HMW","2025-05-18","2025-05","BANK","1","1112","ADMIN","HMW AR receipts","AR-RCP-HMW-2025-05-1123","9248000","0","CUST-HMW-006"
"JE-HMW-00312","HMW","2025-05-18","2025-05","BANK","2","1123","SALES","HMW AR receipts","AR-RCP-HMW-2025-05-1123","0","9248000","CUST-HMW-006"
"JE-HMW-00313","HMW","2025-06-18","2025-06","BANK","1","1112","ADMIN","HMW AR receipts","AR-RCP-HMW-2025-06-1123","9826000","0","CUST-HMW-006"
"JE-HMW-00313","HMW","2025-06-18","2025-06","BANK","2","1123","SALES","HMW AR receipts","AR-RCP-HMW-2025-06-1123","0","9826000","CUST-HMW-006"
"JE-HMW-00314","HMW","2025-07-18","2025-07","BANK","1","1112","ADMIN","HMW AR receipts","AR-RCP-HMW-2025-07-1123","9826000","0","CUST-HMW-006"
"JE-HMW-00314","HMW","2025-07-18","2025-07","BANK","2","1123","SALES","HMW AR receipts","AR-RCP-HMW-2025-07-1123","0","9826000","CUST-HMW-006"
"JE-HMW-00315","HMW","2025-08-18","2025-08","BANK","1","1112","ADMIN","HMW AR receipts","AR-RCP-HMW-2025-08-1123","9826000","0","CUST-HMW-006"
"JE-HMW-00315","HMW","2025-08-18","2025-08","BANK","2","1123","SALES","HMW AR receipts","AR-RCP-HMW-2025-08-1123","0","9826000","CUST-HMW-006"
"JE-HMW-00316","HMW","2025-09-18","2025-09","BANK","1","1112","ADMIN","HMW AR receipts","AR-RCP-HMW-2025-09-1123","10404000","0","CUST-HMW-006"
"JE-HMW-00316","HMW","2025-09-18","2025-09","BANK","2","1123","SALES","HMW AR receipts","AR-RCP-HMW-2025-09-1123","0","10404000","CUST-HMW-006"
"JE-HMW-00317","HMW","2025-10-18","2025-10","BANK","1","1112","ADMIN","HMW AR receipts","AR-RCP-HMW-2025-10-1123","10404000","0","CUST-HMW-006"
"JE-HMW-00317","HMW","2025-10-18","2025-10","BANK","2","1123","SALES","HMW AR receipts","AR-RCP-HMW-2025-10-1123","0","10404000","CUST-HMW-006"
"JE-HMW-00318","HMW","2025-11-18","2025-11","BANK","1","1112","ADMIN","HMW AR receipts","AR-RCP-HMW-2025-11-1123","10404000","0","CUST-HMW-006"
"JE-HMW-00318","HMW","2025-11-18","2025-11","BANK","2","1123","SALES","HMW AR receipts","AR-RCP-HMW-2025-11-1123","0","10404000","CUST-HMW-006"
"JE-HMW-00319","HMW","2025-12-18","2025-12","BANK","1","1112","ADMIN","HMW AR receipts","AR-RCP-HMW-2025-12-1123","10404000","0","CUST-HMW-006"
"JE-HMW-00319","HMW","2025-12-18","2025-12","BANK","2","1123","SALES","HMW AR receipts","AR-RCP-HMW-2025-12-1123","0","10404000","CUST-HMW-006"
"JE-HMW-00320","HMW","2025-01-18","2025-01","BANK","1","1112","ADMIN","HMW AR receipts","AR-RCP-HMW-2025-01-1122","17775000","0","CUST-HMW-002"
"JE-HMW-00320","HMW","2025-01-18","2025-01","BANK","2","1122","SALES","HMW AR receipts","AR-RCP-HMW-2025-01-1122","0","17775000","CUST-HMW-002"
"JE-HMW-00321","HMW","2025-02-18","2025-02","BANK","1","1112","ADMIN","HMW AR receipts","AR-RCP-HMW-2025-02-1122","16590000","0","CUST-HMW-002"
"JE-HMW-00321","HMW","2025-02-18","2025-02","BANK","2","1122","SALES","HMW AR receipts","AR-RCP-HMW-2025-02-1122","0","16590000","CUST-HMW-002"
"JE-HMW-00322","HMW","2025-03-18","2025-03","BANK","1","1112","ADMIN","HMW AR receipts","AR-RCP-HMW-2025-03-1122","20145000","0","CUST-HMW-002"
"JE-HMW-00322","HMW","2025-03-18","2025-03","BANK","2","1122","SALES","HMW AR receipts","AR-RCP-HMW-2025-03-1122","0","20145000","CUST-HMW-002"
"JE-HMW-00323","HMW","2025-04-18","2025-04","BANK","1","1112","ADMIN","HMW AR receipts","AR-RCP-HMW-2025-04-1122","17775000","0","CUST-HMW-002"
"JE-HMW-00323","HMW","2025-04-18","2025-04","BANK","2","1122","SALES","HMW AR receipts","AR-RCP-HMW-2025-04-1122","0","17775000","CUST-HMW-002"
"JE-HMW-00324","HMW","2025-05-18","2025-05","BANK","1","1112","ADMIN","HMW AR receipts","AR-RCP-HMW-2025-05-1122","18960000","0","CUST-HMW-002"
"JE-HMW-00324","HMW","2025-05-18","2025-05","BANK","2","1122","SALES","HMW AR receipts","AR-RCP-HMW-2025-05-1122","0","18960000","CUST-HMW-002"
"JE-HMW-00325","HMW","2025-06-18","2025-06","BANK","1","1112","ADMIN","HMW AR receipts","AR-RCP-HMW-2025-06-1122","20145000","0","CUST-HMW-002"
"JE-HMW-00325","HMW","2025-06-18","2025-06","BANK","2","1122","SALES","HMW AR receipts","AR-RCP-HMW-2025-06-1122","0","20145000","CUST-HMW-002"
"JE-HMW-00326","HMW","2025-07-18","2025-07","BANK","1","1112","ADMIN","HMW AR receipts","AR-RCP-HMW-2025-07-1122","20145000","0","CUST-HMW-002"
"JE-HMW-00326","HMW","2025-07-18","2025-07","BANK","2","1122","SALES","HMW AR receipts","AR-RCP-HMW-2025-07-1122","0","20145000","CUST-HMW-002"
"JE-HMW-00327","HMW","2025-08-18","2025-08","BANK","1","1112","ADMIN","HMW AR receipts","AR-RCP-HMW-2025-08-1122","20145000","0","CUST-HMW-002"
"JE-HMW-00327","HMW","2025-08-18","2025-08","BANK","2","1122","SALES","HMW AR receipts","AR-RCP-HMW-2025-08-1122","0","20145000","CUST-HMW-002"
"JE-HMW-00328","HMW","2025-09-18","2025-09","BANK","1","1112","ADMIN","HMW AR receipts","AR-RCP-HMW-2025-09-1122","21330000","0","CUST-HMW-002"
"JE-HMW-00328","HMW","2025-09-18","2025-09","BANK","2","1122","SALES","HMW AR receipts","AR-RCP-HMW-2025-09-1122","0","21330000","CUST-HMW-002"
"JE-HMW-00329","HMW","2025-10-18","2025-10","BANK","1","1112","ADMIN","HMW AR receipts","AR-RCP-HMW-2025-10-1122","21330000","0","CUST-HMW-002"
"JE-HMW-00329","HMW","2025-10-18","2025-10","BANK","2","1122","SALES","HMW AR receipts","AR-RCP-HMW-2025-10-1122","0","21330000","CUST-HMW-002"
"JE-HMW-00330","HMW","2025-11-18","2025-11","BANK","1","1112","ADMIN","HMW AR receipts","AR-RCP-HMW-2025-11-1122","21330000","0","CUST-HMW-002"
"JE-HMW-00330","HMW","2025-11-18","2025-11","BANK","2","1122","SALES","HMW AR receipts","AR-RCP-HMW-2025-11-1122","0","21330000","CUST-HMW-002"
"JE-HMW-00331","HMW","2025-12-18","2025-12","BANK","1","1112","ADMIN","HMW AR receipts","AR-RCP-HMW-2025-12-1122","21330000","0","CUST-HMW-002"
"JE-HMW-00331","HMW","2025-12-18","2025-12","BANK","2","1122","SALES","HMW AR receipts","AR-RCP-HMW-2025-12-1122","0","21330000","CUST-HMW-002"
"JE-HMW-00332","HMW","2025-01-20","2025-01","BANK","1","1112","ADMIN","HMW IC AR receipt from CLIK","IC-RCP-HMW-2025-01","990000","0","CUST-HMW-099"
"JE-HMW-00332","HMW","2025-01-20","2025-01","BANK","2","1125","PARTS","HMW IC AR receipt from CLIK","IC-RCP-HMW-2025-01","0","990000","CUST-HMW-099"
"JE-HMW-00333","HMW","2025-02-20","2025-02","BANK","1","1112","ADMIN","HMW IC AR receipt from CLIK","IC-RCP-HMW-2025-02","924000","0","CUST-HMW-099"
"JE-HMW-00333","HMW","2025-02-20","2025-02","BANK","2","1125","PARTS","HMW IC AR receipt from CLIK","IC-RCP-HMW-2025-02","0","924000","CUST-HMW-099"
"JE-HMW-00334","HMW","2025-03-20","2025-03","BANK","1","1112","ADMIN","HMW IC AR receipt from CLIK","IC-RCP-HMW-2025-03","1122000","0","CUST-HMW-099"
"JE-HMW-00334","HMW","2025-03-20","2025-03","BANK","2","1125","PARTS","HMW IC AR receipt from CLIK","IC-RCP-HMW-2025-03","0","1122000","CUST-HMW-099"
"JE-HMW-00335","HMW","2025-04-20","2025-04","BANK","1","1112","ADMIN","HMW IC AR receipt from CLIK","IC-RCP-HMW-2025-04","990000","0","CUST-HMW-099"
"JE-HMW-00335","HMW","2025-04-20","2025-04","BANK","2","1125","PARTS","HMW IC AR receipt from CLIK","IC-RCP-HMW-2025-04","0","990000","CUST-HMW-099"
"JE-HMW-00336","HMW","2025-05-20","2025-05","BANK","1","1112","ADMIN","HMW IC AR receipt from CLIK","IC-RCP-HMW-2025-05","1056000","0","CUST-HMW-099"
"JE-HMW-00336","HMW","2025-05-20","2025-05","BANK","2","1125","PARTS","HMW IC AR receipt from CLIK","IC-RCP-HMW-2025-05","0","1056000","CUST-HMW-099"
"JE-HMW-00337","HMW","2025-06-20","2025-06","BANK","1","1112","ADMIN","HMW IC AR receipt from CLIK","IC-RCP-HMW-2025-06","1122000","0","CUST-HMW-099"
"JE-HMW-00337","HMW","2025-06-20","2025-06","BANK","2","1125","PARTS","HMW IC AR receipt from CLIK","IC-RCP-HMW-2025-06","0","1122000","CUST-HMW-099"
"JE-HMW-00338","HMW","2025-07-20","2025-07","BANK","1","1112","ADMIN","HMW IC AR receipt from CLIK","IC-RCP-HMW-2025-07","1122000","0","CUST-HMW-099"
"JE-HMW-00338","HMW","2025-07-20","2025-07","BANK","2","1125","PARTS","HMW IC AR receipt from CLIK","IC-RCP-HMW-2025-07","0","1122000","CUST-HMW-099"
"JE-HMW-00339","HMW","2025-08-20","2025-08","BANK","1","1112","ADMIN","HMW IC AR receipt from CLIK","IC-RCP-HMW-2025-08","1122000","0","CUST-HMW-099"
"JE-HMW-00339","HMW","2025-08-20","2025-08","BANK","2","1125","PARTS","HMW IC AR receipt from CLIK","IC-RCP-HMW-2025-08","0","1122000","CUST-HMW-099"
"JE-HMW-00340","HMW","2025-09-20","2025-09","BANK","1","1112","ADMIN","HMW IC AR receipt from CLIK","IC-RCP-HMW-2025-09","1188000","0","CUST-HMW-099"
"JE-HMW-00340","HMW","2025-09-20","2025-09","BANK","2","1125","PARTS","HMW IC AR receipt from CLIK","IC-RCP-HMW-2025-09","0","1188000","CUST-HMW-099"
"JE-HMW-00341","HMW","2025-10-20","2025-10","BANK","1","1112","ADMIN","HMW IC AR receipt from CLIK","IC-RCP-HMW-2025-10","1188000","0","CUST-HMW-099"
"JE-HMW-00341","HMW","2025-10-20","2025-10","BANK","2","1125","PARTS","HMW IC AR receipt from CLIK","IC-RCP-HMW-2025-10","0","1188000","CUST-HMW-099"
"JE-HMW-00342","HMW","2025-11-20","2025-11","BANK","1","1112","ADMIN","HMW IC AR receipt from CLIK","IC-RCP-HMW-2025-11","1188000","0","CUST-HMW-099"
"JE-HMW-00342","HMW","2025-11-20","2025-11","BANK","2","1125","PARTS","HMW IC AR receipt from CLIK","IC-RCP-HMW-2025-11","0","1188000","CUST-HMW-099"
"JE-HMW-00343","HMW","2025-12-20","2025-12","BANK","1","1112","ADMIN","HMW IC AR receipt from CLIK","IC-RCP-HMW-2025-12","1188000","0","CUST-HMW-099"
"JE-HMW-00343","HMW","2025-12-20","2025-12","BANK","2","1125","PARTS","HMW IC AR receipt from CLIK","IC-RCP-HMW-2025-12","0","1188000","CUST-HMW-099"
"JE-HMW-00344","HMW","2025-01-25","2025-01","GL","1","5510","FINANCE","HMW finance cost 5510_LEASE","FIN-HMW-2025-01-5510_LEASE","373500","0",
"JE-HMW-00344","HMW","2025-01-25","2025-01","GL","2","2220","FINANCE","HMW finance cost 5510_LEASE","FIN-HMW-2025-01-5510_LEASE","0","373500",
"JE-HMW-00345","HMW","2025-02-25","2025-02","GL","1","5510","FINANCE","HMW finance cost 5510_LEASE","FIN-HMW-2025-02-5510_LEASE","373500","0",
"JE-HMW-00345","HMW","2025-02-25","2025-02","GL","2","2220","FINANCE","HMW finance cost 5510_LEASE","FIN-HMW-2025-02-5510_LEASE","0","373500",
"JE-HMW-00346","HMW","2025-03-25","2025-03","GL","1","5510","FINANCE","HMW finance cost 5510_LEASE","FIN-HMW-2025-03-5510_LEASE","373500","0",
"JE-HMW-00346","HMW","2025-03-25","2025-03","GL","2","2220","FINANCE","HMW finance cost 5510_LEASE","FIN-HMW-2025-03-5510_LEASE","0","373500",
"JE-HMW-00347","HMW","2025-04-25","2025-04","GL","1","5510","FINANCE","HMW finance cost 5510_LEASE","FIN-HMW-2025-04-5510_LEASE","373500","0",
"JE-HMW-00347","HMW","2025-04-25","2025-04","GL","2","2220","FINANCE","HMW finance cost 5510_LEASE","FIN-HMW-2025-04-5510_LEASE","0","373500",
"JE-HMW-00348","HMW","2025-05-25","2025-05","GL","1","5510","FINANCE","HMW finance cost 5510_LEASE","FIN-HMW-2025-05-5510_LEASE","373500","0",
"JE-HMW-00348","HMW","2025-05-25","2025-05","GL","2","2220","FINANCE","HMW finance cost 5510_LEASE","FIN-HMW-2025-05-5510_LEASE","0","373500",
"JE-HMW-00349","HMW","2025-06-25","2025-06","GL","1","5510","FINANCE","HMW finance cost 5510_LEASE","FIN-HMW-2025-06-5510_LEASE","373500","0",
"JE-HMW-00349","HMW","2025-06-25","2025-06","GL","2","2220","FINANCE","HMW finance cost 5510_LEASE","FIN-HMW-2025-06-5510_LEASE","0","373500",
"JE-HMW-00350","HMW","2025-07-25","2025-07","GL","1","5510","FINANCE","HMW finance cost 5510_LEASE","FIN-HMW-2025-07-5510_LEASE","373500","0",
"JE-HMW-00350","HMW","2025-07-25","2025-07","GL","2","2220","FINANCE","HMW finance cost 5510_LEASE","FIN-HMW-2025-07-5510_LEASE","0","373500",
"JE-HMW-00351","HMW","2025-08-25","2025-08","GL","1","5510","FINANCE","HMW finance cost 5510_LEASE","FIN-HMW-2025-08-5510_LEASE","373500","0",
"JE-HMW-00351","HMW","2025-08-25","2025-08","GL","2","2220","FINANCE","HMW finance cost 5510_LEASE","FIN-HMW-2025-08-5510_LEASE","0","373500",
"JE-HMW-00352","HMW","2025-09-25","2025-09","GL","1","5510","FINANCE","HMW finance cost 5510_LEASE","FIN-HMW-2025-09-5510_LEASE","378000","0",
"JE-HMW-00352","HMW","2025-09-25","2025-09","GL","2","2220","FINANCE","HMW finance cost 5510_LEASE","FIN-HMW-2025-09-5510_LEASE","0","378000",
"JE-HMW-00353","HMW","2025-10-25","2025-10","GL","1","5510","FINANCE","HMW finance cost 5510_LEASE","FIN-HMW-2025-10-5510_LEASE","378000","0",
"JE-HMW-00353","HMW","2025-10-25","2025-10","GL","2","2220","FINANCE","HMW finance cost 5510_LEASE","FIN-HMW-2025-10-5510_LEASE","0","378000",
"JE-HMW-00354","HMW","2025-11-25","2025-11","GL","1","5510","FINANCE","HMW finance cost 5510_LEASE","FIN-HMW-2025-11-5510_LEASE","378000","0",
"JE-HMW-00354","HMW","2025-11-25","2025-11","GL","2","2220","FINANCE","HMW finance cost 5510_LEASE","FIN-HMW-2025-11-5510_LEASE","0","378000",
"JE-HMW-00355","HMW","2025-12-25","2025-12","GL","1","5510","FINANCE","HMW finance cost 5510_LEASE","FIN-HMW-2025-12-5510_LEASE","378000","0",
"JE-HMW-00355","HMW","2025-12-25","2025-12","GL","2","2220","FINANCE","HMW finance cost 5510_LEASE","FIN-HMW-2025-12-5510_LEASE","0","378000",
"JE-HMW-00356","HMW","2025-01-25","2025-01","GL","1","5510","FINANCE","HMW finance cost 5510_STLOAN","FIN-HMW-2025-01-5510_STLOAN","498000","0",
"JE-HMW-00356","HMW","2025-01-25","2025-01","GL","2","1112","ADMIN","HMW finance cost 5510_STLOAN","FIN-HMW-2025-01-5510_STLOAN","0","498000",
"JE-HMW-00357","HMW","2025-02-25","2025-02","GL","1","5510","FINANCE","HMW finance cost 5510_STLOAN","FIN-HMW-2025-02-5510_STLOAN","498000","0",
"JE-HMW-00357","HMW","2025-02-25","2025-02","GL","2","1112","ADMIN","HMW finance cost 5510_STLOAN","FIN-HMW-2025-02-5510_STLOAN","0","498000",
"JE-HMW-00358","HMW","2025-03-25","2025-03","GL","1","5510","FINANCE","HMW finance cost 5510_STLOAN","FIN-HMW-2025-03-5510_STLOAN","498000","0",
"JE-HMW-00358","HMW","2025-03-25","2025-03","GL","2","1112","ADMIN","HMW finance cost 5510_STLOAN","FIN-HMW-2025-03-5510_STLOAN","0","498000",
"JE-HMW-00359","HMW","2025-04-25","2025-04","GL","1","5510","FINANCE","HMW finance cost 5510_STLOAN","FIN-HMW-2025-04-5510_STLOAN","498000","0",
"JE-HMW-00359","HMW","2025-04-25","2025-04","GL","2","1112","ADMIN","HMW finance cost 5510_STLOAN","FIN-HMW-2025-04-5510_STLOAN","0","498000",
"JE-HMW-00360","HMW","2025-05-25","2025-05","GL","1","5510","FINANCE","HMW finance cost 5510_STLOAN","FIN-HMW-2025-05-5510_STLOAN","498000","0",
"JE-HMW-00360","HMW","2025-05-25","2025-05","GL","2","1112","ADMIN","HMW finance cost 5510_STLOAN","FIN-HMW-2025-05-5510_STLOAN","0","498000",
"JE-HMW-00361","HMW","2025-06-25","2025-06","GL","1","5510","FINANCE","HMW finance cost 5510_STLOAN","FIN-HMW-2025-06-5510_STLOAN","498000","0",
"JE-HMW-00361","HMW","2025-06-25","2025-06","GL","2","1112","ADMIN","HMW finance cost 5510_STLOAN","FIN-HMW-2025-06-5510_STLOAN","0","498000",
"JE-HMW-00362","HMW","2025-07-25","2025-07","GL","1","5510","FINANCE","HMW finance cost 5510_STLOAN","FIN-HMW-2025-07-5510_STLOAN","498000","0",
"JE-HMW-00362","HMW","2025-07-25","2025-07","GL","2","1112","ADMIN","HMW finance cost 5510_STLOAN","FIN-HMW-2025-07-5510_STLOAN","0","498000",
"JE-HMW-00363","HMW","2025-08-25","2025-08","GL","1","5510","FINANCE","HMW finance cost 5510_STLOAN","FIN-HMW-2025-08-5510_STLOAN","498000","0",
"JE-HMW-00363","HMW","2025-08-25","2025-08","GL","2","1112","ADMIN","HMW finance cost 5510_STLOAN","FIN-HMW-2025-08-5510_STLOAN","0","498000",
"JE-HMW-00364","HMW","2025-09-25","2025-09","GL","1","5510","FINANCE","HMW finance cost 5510_STLOAN","FIN-HMW-2025-09-5510_STLOAN","504000","0",
"JE-HMW-00364","HMW","2025-09-25","2025-09","GL","2","1112","ADMIN","HMW finance cost 5510_STLOAN","FIN-HMW-2025-09-5510_STLOAN","0","504000",
"JE-HMW-00365","HMW","2025-10-25","2025-10","GL","1","5510","FINANCE","HMW finance cost 5510_STLOAN","FIN-HMW-2025-10-5510_STLOAN","504000","0",
"JE-HMW-00365","HMW","2025-10-25","2025-10","GL","2","1112","ADMIN","HMW finance cost 5510_STLOAN","FIN-HMW-2025-10-5510_STLOAN","0","504000",
"JE-HMW-00366","HMW","2025-11-25","2025-11","GL","1","5510","FINANCE","HMW finance cost 5510_STLOAN","FIN-HMW-2025-11-5510_STLOAN","504000","0",
"JE-HMW-00366","HMW","2025-11-25","2025-11","GL","2","1112","ADMIN","HMW finance cost 5510_STLOAN","FIN-HMW-2025-11-5510_STLOAN","0","504000",
"JE-HMW-00367","HMW","2025-12-25","2025-12","GL","1","5510","FINANCE","HMW finance cost 5510_STLOAN","FIN-HMW-2025-12-5510_STLOAN","504000","0",
"JE-HMW-00367","HMW","2025-12-25","2025-12","GL","2","1112","ADMIN","HMW finance cost 5510_STLOAN","FIN-HMW-2025-12-5510_STLOAN","0","504000",
"JE-HMW-00368","HMW","2025-01-25","2025-01","GL","1","5510","FINANCE","HMW finance cost 5510_LTLOAN","FIN-HMW-2025-01-5510_LTLOAN","36739","0",
"JE-HMW-00368","HMW","2025-01-25","2025-01","GL","2","1112","ADMIN","HMW finance cost 5510_LTLOAN","FIN-HMW-2025-01-5510_LTLOAN","0","36739",
"JE-HMW-00369","HMW","2025-02-25","2025-02","GL","1","5510","FINANCE","HMW finance cost 5510_LTLOAN","FIN-HMW-2025-02-5510_LTLOAN","36739","0",
"JE-HMW-00369","HMW","2025-02-25","2025-02","GL","2","1112","ADMIN","HMW finance cost 5510_LTLOAN","FIN-HMW-2025-02-5510_LTLOAN","0","36739",
"JE-HMW-00370","HMW","2025-03-25","2025-03","GL","1","5510","FINANCE","HMW finance cost 5510_LTLOAN","FIN-HMW-2025-03-5510_LTLOAN","36739","0",
"JE-HMW-00370","HMW","2025-03-25","2025-03","GL","2","1112","ADMIN","HMW finance cost 5510_LTLOAN","FIN-HMW-2025-03-5510_LTLOAN","0","36739",
"JE-HMW-00371","HMW","2025-04-25","2025-04","GL","1","5510","FINANCE","HMW finance cost 5510_LTLOAN","FIN-HMW-2025-04-5510_LTLOAN","36739","0",
"JE-HMW-00371","HMW","2025-04-25","2025-04","GL","2","1112","ADMIN","HMW finance cost 5510_LTLOAN","FIN-HMW-2025-04-5510_LTLOAN","0","36739",
"JE-HMW-00372","HMW","2025-05-25","2025-05","GL","1","5510","FINANCE","HMW finance cost 5510_LTLOAN","FIN-HMW-2025-05-5510_LTLOAN","36739","0",
"JE-HMW-00372","HMW","2025-05-25","2025-05","GL","2","1112","ADMIN","HMW finance cost 5510_LTLOAN","FIN-HMW-2025-05-5510_LTLOAN","0","36739",
"JE-HMW-00373","HMW","2025-06-25","2025-06","GL","1","5510","FINANCE","HMW finance cost 5510_LTLOAN","FIN-HMW-2025-06-5510_LTLOAN","36739","0",
"JE-HMW-00373","HMW","2025-06-25","2025-06","GL","2","1112","ADMIN","HMW finance cost 5510_LTLOAN","FIN-HMW-2025-06-5510_LTLOAN","0","36739",
"JE-HMW-00374","HMW","2025-07-25","2025-07","GL","1","5510","FINANCE","HMW finance cost 5510_LTLOAN","FIN-HMW-2025-07-5510_LTLOAN","36739","0",
"JE-HMW-00374","HMW","2025-07-25","2025-07","GL","2","1112","ADMIN","HMW finance cost 5510_LTLOAN","FIN-HMW-2025-07-5510_LTLOAN","0","36739",
"JE-HMW-00375","HMW","2025-08-25","2025-08","GL","1","5510","FINANCE","HMW finance cost 5510_LTLOAN","FIN-HMW-2025-08-5510_LTLOAN","36739","0",
"JE-HMW-00375","HMW","2025-08-25","2025-08","GL","2","1112","ADMIN","HMW finance cost 5510_LTLOAN","FIN-HMW-2025-08-5510_LTLOAN","0","36739",
"JE-HMW-00376","HMW","2025-09-25","2025-09","GL","1","5510","FINANCE","HMW finance cost 5510_LTLOAN","FIN-HMW-2025-09-5510_LTLOAN","37182","0",
"JE-HMW-00376","HMW","2025-09-25","2025-09","GL","2","1112","ADMIN","HMW finance cost 5510_LTLOAN","FIN-HMW-2025-09-5510_LTLOAN","0","37182",
"JE-HMW-00377","HMW","2025-10-25","2025-10","GL","1","5510","FINANCE","HMW finance cost 5510_LTLOAN","FIN-HMW-2025-10-5510_LTLOAN","37182","0",
"JE-HMW-00377","HMW","2025-10-25","2025-10","GL","2","1112","ADMIN","HMW finance cost 5510_LTLOAN","FIN-HMW-2025-10-5510_LTLOAN","0","37182",
"JE-HMW-00378","HMW","2025-11-25","2025-11","GL","1","5510","FINANCE","HMW finance cost 5510_LTLOAN","FIN-HMW-2025-11-5510_LTLOAN","37182","0",
"JE-HMW-00378","HMW","2025-11-25","2025-11","GL","2","1112","ADMIN","HMW finance cost 5510_LTLOAN","FIN-HMW-2025-11-5510_LTLOAN","0","37182",
"JE-HMW-00379","HMW","2025-12-25","2025-12","GL","1","5510","FINANCE","HMW finance cost 5510_LTLOAN","FIN-HMW-2025-12-5510_LTLOAN","37185","0",
"JE-HMW-00379","HMW","2025-12-25","2025-12","GL","2","1112","ADMIN","HMW finance cost 5510_LTLOAN","FIN-HMW-2025-12-5510_LTLOAN","0","37185",
"JE-HMW-00380","HMW","2025-01-05","2025-01","LOAN","1","1112","ADMIN","HMW ST loan proceeds","STL-PROC-HMW-2025-01","76666666","0",
"JE-HMW-00380","HMW","2025-01-05","2025-01","LOAN","2","2110","FINANCE","HMW ST loan proceeds","STL-PROC-HMW-2025-01","0","76666666",
"JE-HMW-00381","HMW","2025-01-28","2025-01","LOAN","1","2110","FINANCE","HMW ST loan repayment","STL-REPAY-HMW-2025-01","85000000","0",
"JE-HMW-00381","HMW","2025-01-28","2025-01","LOAN","2","1112","ADMIN","HMW ST loan repayment","STL-REPAY-HMW-2025-01","0","85000000",
"JE-HMW-00382","HMW","2025-02-05","2025-02","LOAN","1","1112","ADMIN","HMW ST loan proceeds","STL-PROC-HMW-2025-02","76666666","0",
"JE-HMW-00382","HMW","2025-02-05","2025-02","LOAN","2","2110","FINANCE","HMW ST loan proceeds","STL-PROC-HMW-2025-02","0","76666666",
"JE-HMW-00383","HMW","2025-02-28","2025-02","LOAN","1","2110","FINANCE","HMW ST loan repayment","STL-REPAY-HMW-2025-02","85000000","0",
"JE-HMW-00383","HMW","2025-02-28","2025-02","LOAN","2","1112","ADMIN","HMW ST loan repayment","STL-REPAY-HMW-2025-02","0","85000000",
"JE-HMW-00384","HMW","2025-03-05","2025-03","LOAN","1","1112","ADMIN","HMW ST loan proceeds","STL-PROC-HMW-2025-03","76666666","0",
"JE-HMW-00384","HMW","2025-03-05","2025-03","LOAN","2","2110","FINANCE","HMW ST loan proceeds","STL-PROC-HMW-2025-03","0","76666666",
"JE-HMW-00385","HMW","2025-03-28","2025-03","LOAN","1","2110","FINANCE","HMW ST loan repayment","STL-REPAY-HMW-2025-03","85000000","0",
"JE-HMW-00385","HMW","2025-03-28","2025-03","LOAN","2","1112","ADMIN","HMW ST loan repayment","STL-REPAY-HMW-2025-03","0","85000000",
"JE-HMW-00386","HMW","2025-04-05","2025-04","LOAN","1","1112","ADMIN","HMW ST loan proceeds","STL-PROC-HMW-2025-04","76666666","0",
"JE-HMW-00386","HMW","2025-04-05","2025-04","LOAN","2","2110","FINANCE","HMW ST loan proceeds","STL-PROC-HMW-2025-04","0","76666666",
"JE-HMW-00387","HMW","2025-04-28","2025-04","LOAN","1","2110","FINANCE","HMW ST loan repayment","STL-REPAY-HMW-2025-04","85000000","0",
"JE-HMW-00387","HMW","2025-04-28","2025-04","LOAN","2","1112","ADMIN","HMW ST loan repayment","STL-REPAY-HMW-2025-04","0","85000000",
"JE-HMW-00388","HMW","2025-05-05","2025-05","LOAN","1","1112","ADMIN","HMW ST loan proceeds","STL-PROC-HMW-2025-05","76666666","0",
"JE-HMW-00388","HMW","2025-05-05","2025-05","LOAN","2","2110","FINANCE","HMW ST loan proceeds","STL-PROC-HMW-2025-05","0","76666666",
"JE-HMW-00389","HMW","2025-05-28","2025-05","LOAN","1","2110","FINANCE","HMW ST loan repayment","STL-REPAY-HMW-2025-05","85000000","0",
"JE-HMW-00389","HMW","2025-05-28","2025-05","LOAN","2","1112","ADMIN","HMW ST loan repayment","STL-REPAY-HMW-2025-05","0","85000000",
"JE-HMW-00390","HMW","2025-06-05","2025-06","LOAN","1","1112","ADMIN","HMW ST loan proceeds","STL-PROC-HMW-2025-06","76666666","0",
"JE-HMW-00390","HMW","2025-06-05","2025-06","LOAN","2","2110","FINANCE","HMW ST loan proceeds","STL-PROC-HMW-2025-06","0","76666666",
"JE-HMW-00391","HMW","2025-06-28","2025-06","LOAN","1","2110","FINANCE","HMW ST loan repayment","STL-REPAY-HMW-2025-06","85000000","0",
"JE-HMW-00391","HMW","2025-06-28","2025-06","LOAN","2","1112","ADMIN","HMW ST loan repayment","STL-REPAY-HMW-2025-06","0","85000000",
"JE-HMW-00392","HMW","2025-07-05","2025-07","LOAN","1","1112","ADMIN","HMW ST loan proceeds","STL-PROC-HMW-2025-07","76666666","0",
"JE-HMW-00392","HMW","2025-07-05","2025-07","LOAN","2","2110","FINANCE","HMW ST loan proceeds","STL-PROC-HMW-2025-07","0","76666666",
"JE-HMW-00393","HMW","2025-07-28","2025-07","LOAN","1","2110","FINANCE","HMW ST loan repayment","STL-REPAY-HMW-2025-07","85000000","0",
"JE-HMW-00393","HMW","2025-07-28","2025-07","LOAN","2","1112","ADMIN","HMW ST loan repayment","STL-REPAY-HMW-2025-07","0","85000000",
"JE-HMW-00394","HMW","2025-08-05","2025-08","LOAN","1","1112","ADMIN","HMW ST loan proceeds","STL-PROC-HMW-2025-08","76666666","0",
"JE-HMW-00394","HMW","2025-08-05","2025-08","LOAN","2","2110","FINANCE","HMW ST loan proceeds","STL-PROC-HMW-2025-08","0","76666666",
"JE-HMW-00395","HMW","2025-08-28","2025-08","LOAN","1","2110","FINANCE","HMW ST loan repayment","STL-REPAY-HMW-2025-08","85000000","0",
"JE-HMW-00395","HMW","2025-08-28","2025-08","LOAN","2","1112","ADMIN","HMW ST loan repayment","STL-REPAY-HMW-2025-08","0","85000000",
"JE-HMW-00396","HMW","2025-09-05","2025-09","LOAN","1","1112","ADMIN","HMW ST loan proceeds","STL-PROC-HMW-2025-09","76666666","0",
"JE-HMW-00396","HMW","2025-09-05","2025-09","LOAN","2","2110","FINANCE","HMW ST loan proceeds","STL-PROC-HMW-2025-09","0","76666666",
"JE-HMW-00397","HMW","2025-09-28","2025-09","LOAN","1","2110","FINANCE","HMW ST loan repayment","STL-REPAY-HMW-2025-09","85000000","0",
"JE-HMW-00397","HMW","2025-09-28","2025-09","LOAN","2","1112","ADMIN","HMW ST loan repayment","STL-REPAY-HMW-2025-09","0","85000000",
"JE-HMW-00398","HMW","2025-10-05","2025-10","LOAN","1","1112","ADMIN","HMW ST loan proceeds","STL-PROC-HMW-2025-10","76666666","0",
"JE-HMW-00398","HMW","2025-10-05","2025-10","LOAN","2","2110","FINANCE","HMW ST loan proceeds","STL-PROC-HMW-2025-10","0","76666666",
"JE-HMW-00399","HMW","2025-10-28","2025-10","LOAN","1","2110","FINANCE","HMW ST loan repayment","STL-REPAY-HMW-2025-10","85000000","0",
"JE-HMW-00399","HMW","2025-10-28","2025-10","LOAN","2","1112","ADMIN","HMW ST loan repayment","STL-REPAY-HMW-2025-10","0","85000000",
"JE-HMW-00400","HMW","2025-11-05","2025-11","LOAN","1","1112","ADMIN","HMW ST loan proceeds","STL-PROC-HMW-2025-11","76666666","0",
"JE-HMW-00400","HMW","2025-11-05","2025-11","LOAN","2","2110","FINANCE","HMW ST loan proceeds","STL-PROC-HMW-2025-11","0","76666666",
"JE-HMW-00401","HMW","2025-11-28","2025-11","LOAN","1","2110","FINANCE","HMW ST loan repayment","STL-REPAY-HMW-2025-11","85000000","0",
"JE-HMW-00401","HMW","2025-11-28","2025-11","LOAN","2","1112","ADMIN","HMW ST loan repayment","STL-REPAY-HMW-2025-11","0","85000000",
"JE-HMW-00402","HMW","2025-12-05","2025-12","LOAN","1","1112","ADMIN","HMW ST loan proceeds","STL-PROC-HMW-2025-12","76666674","0",
"JE-HMW-00402","HMW","2025-12-05","2025-12","LOAN","2","2110","FINANCE","HMW ST loan proceeds","STL-PROC-HMW-2025-12","0","76666674",
"JE-HMW-00403","HMW","2025-12-28","2025-12","LOAN","1","2110","FINANCE","HMW ST loan repayment","STL-REPAY-HMW-2025-12","85000000","0",
"JE-HMW-00403","HMW","2025-12-28","2025-12","LOAN","2","1112","ADMIN","HMW ST loan repayment","STL-REPAY-HMW-2025-12","0","85000000",
"JE-HMW-00404","HMW","2025-06-30","2025-06","LOAN","1","2140","FINANCE","HMW LT loan final repayment","LTL-REPAY-HMW-FINAL","11150000","0",
"JE-HMW-00404","HMW","2025-06-30","2025-06","LOAN","2","1112","ADMIN","HMW LT loan final repayment","LTL-REPAY-HMW-FINAL","0","11150000",
"JE-HMW-00405","HMW","2025-01-01","2025-01","BANK","1","2150","FINANCE","HMW lease payment","LEASE-PAY-HMW-2025-01","1233504","0",
"JE-HMW-00405","HMW","2025-01-01","2025-01","BANK","2","1112","ADMIN","HMW lease payment","LEASE-PAY-HMW-2025-01","0","1233504",
"JE-HMW-00406","HMW","2025-02-01","2025-02","BANK","1","2150","FINANCE","HMW lease payment","LEASE-PAY-HMW-2025-02","1233504","0",
"JE-HMW-00406","HMW","2025-02-01","2025-02","BANK","2","1112","ADMIN","HMW lease payment","LEASE-PAY-HMW-2025-02","0","1233504",
"JE-HMW-00407","HMW","2025-03-01","2025-03","BANK","1","2150","FINANCE","HMW lease payment","LEASE-PAY-HMW-2025-03","1233504","0",
"JE-HMW-00407","HMW","2025-03-01","2025-03","BANK","2","1112","ADMIN","HMW lease payment","LEASE-PAY-HMW-2025-03","0","1233504",
"JE-HMW-00408","HMW","2025-04-01","2025-04","BANK","1","2150","FINANCE","HMW lease payment","LEASE-PAY-HMW-2025-04","1233504","0",
"JE-HMW-00408","HMW","2025-04-01","2025-04","BANK","2","1112","ADMIN","HMW lease payment","LEASE-PAY-HMW-2025-04","0","1233504",
"JE-HMW-00409","HMW","2025-05-01","2025-05","BANK","1","2150","FINANCE","HMW lease payment","LEASE-PAY-HMW-2025-05","1233504","0",
"JE-HMW-00409","HMW","2025-05-01","2025-05","BANK","2","1112","ADMIN","HMW lease payment","LEASE-PAY-HMW-2025-05","0","1233504",
"JE-HMW-00410","HMW","2025-06-01","2025-06","BANK","1","2150","FINANCE","HMW lease payment","LEASE-PAY-HMW-2025-06","1233504","0",
"JE-HMW-00410","HMW","2025-06-01","2025-06","BANK","2","1112","ADMIN","HMW lease payment","LEASE-PAY-HMW-2025-06","0","1233504",
"JE-HMW-00411","HMW","2025-07-01","2025-07","BANK","1","2150","FINANCE","HMW lease payment","LEASE-PAY-HMW-2025-07","1233504","0",
"JE-HMW-00411","HMW","2025-07-01","2025-07","BANK","2","1112","ADMIN","HMW lease payment","LEASE-PAY-HMW-2025-07","0","1233504",
"JE-HMW-00412","HMW","2025-08-01","2025-08","BANK","1","2150","FINANCE","HMW lease payment","LEASE-PAY-HMW-2025-08","1233504","0",
"JE-HMW-00412","HMW","2025-08-01","2025-08","BANK","2","1112","ADMIN","HMW lease payment","LEASE-PAY-HMW-2025-08","0","1233504",
"JE-HMW-00413","HMW","2025-09-01","2025-09","BANK","1","2150","FINANCE","HMW lease payment","LEASE-PAY-HMW-2025-09","1248365","0",
"JE-HMW-00413","HMW","2025-09-01","2025-09","BANK","2","1112","ADMIN","HMW lease payment","LEASE-PAY-HMW-2025-09","0","1248365",
"JE-HMW-00414","HMW","2025-10-01","2025-10","BANK","1","2150","FINANCE","HMW lease payment","LEASE-PAY-HMW-2025-10","1248365","0",
"JE-HMW-00414","HMW","2025-10-01","2025-10","BANK","2","1112","ADMIN","HMW lease payment","LEASE-PAY-HMW-2025-10","0","1248365",
"JE-HMW-00415","HMW","2025-11-01","2025-11","BANK","1","2150","FINANCE","HMW lease payment","LEASE-PAY-HMW-2025-11","1248365","0",
"JE-HMW-00415","HMW","2025-11-01","2025-11","BANK","2","1112","ADMIN","HMW lease payment","LEASE-PAY-HMW-2025-11","0","1248365",
"JE-HMW-00416","HMW","2025-12-01","2025-12","BANK","1","2150","FINANCE","HMW lease payment","LEASE-PAY-HMW-2025-12","1248362","0",
"JE-HMW-00416","HMW","2025-12-01","2025-12","BANK","2","1112","ADMIN","HMW lease payment","LEASE-PAY-HMW-2025-12","0","1248362",
"JE-HMW-00417","HMW","2025-12-31","2025-12","GL","1","2220","FINANCE","Reclass LT lease to current portion","RECLASS-HMW-LEASE","10510744","0",
"JE-HMW-00417","HMW","2025-12-31","2025-12","GL","2","2150","FINANCE","Reclass LT lease to current portion","RECLASS-HMW-LEASE","0","10510744",
"JE-HMW-00418","HMW","2025-03-01","2025-03","FA","1","1313","ADMIN","HMW capex - new test drive fleet","CAPEX-HMW-VEH-002","2800000","0",
"JE-HMW-00418","HMW","2025-03-01","2025-03","FA","2","1112","ADMIN","HMW capex - new test drive fleet","CAPEX-HMW-VEH-002","0","2800000",
"JE-HMW-00419","HMW","2025-09-30","2025-09","FA","1","1314","ADMIN","HMW capex - F&E upgrade","CAPEX-HMW-FE-2025","263493","0",
"JE-HMW-00419","HMW","2025-09-30","2025-09","FA","2","1112","ADMIN","HMW capex - F&E upgrade","CAPEX-HMW-FE-2025","0","263493",
"JE-HMW-00420","HMW","2025-06-15","2025-06","FA","1","1112","ADMIN","HMW disposal of test drive vehicles","DISP-HMW-VEH-2020","3272996","0",
"JE-HMW-00420","HMW","2025-06-15","2025-06","FA","2","1130","ADMIN","HMW disposal of test drive vehicles","DISP-HMW-VEH-2020","580797","0",
"JE-HMW-00420","HMW","2025-06-15","2025-06","FA","3","1319","ADMIN","HMW disposal of test drive vehicles","DISP-HMW-VEH-2020","4493633","0",
"JE-HMW-00420","HMW","2025-06-15","2025-06","FA","4","1313","ADMIN","HMW disposal of test drive vehicles","DISP-HMW-VEH-2020","0","7000000",
"JE-HMW-00420","HMW","2025-06-15","2025-06","FA","5","4180","FINANCE","HMW disposal of test drive vehicles","DISP-HMW-VEH-2020","0","1347426",
"JE-HMW-00421","HMW","2025-03-30","2025-03","TAX","1","5610","FINANCE","HMW tax expense Q1","TAX-EXP-HMW-Q1","4311727","0",
"JE-HMW-00421","HMW","2025-03-30","2025-03","TAX","2","2160","FINANCE","HMW tax expense Q1","TAX-EXP-HMW-Q1","0","4311727",
"JE-HMW-00422","HMW","2025-06-30","2025-06","TAX","1","5610","FINANCE","HMW tax expense Q2","TAX-EXP-HMW-Q2","4311727","0",
"JE-HMW-00422","HMW","2025-06-30","2025-06","TAX","2","2160","FINANCE","HMW tax expense Q2","TAX-EXP-HMW-Q2","0","4311727",
"JE-HMW-00423","HMW","2025-09-30","2025-09","TAX","1","5610","FINANCE","HMW tax expense Q3","TAX-EXP-HMW-Q3","4311727","0",
"JE-HMW-00423","HMW","2025-09-30","2025-09","TAX","2","2160","FINANCE","HMW tax expense Q3","TAX-EXP-HMW-Q3","0","4311727",
"JE-HMW-00424","HMW","2025-12-30","2025-12","TAX","1","5610","FINANCE","HMW tax expense Q4","TAX-EXP-HMW-Q4","4311727","0",
"JE-HMW-00424","HMW","2025-12-30","2025-12","TAX","2","2160","FINANCE","HMW tax expense Q4","TAX-EXP-HMW-Q4","0","4311727",
"JE-HMW-00425","HMW","2025-04-30","2025-04","TAX","1","2160","FINANCE","HMW tax payment PND.51 Q1","TAX-PAY-HMW-Q1","3875000","0",
"JE-HMW-00425","HMW","2025-04-30","2025-04","TAX","2","1112","ADMIN","HMW tax payment PND.51 Q1","TAX-PAY-HMW-Q1","0","3875000",
"JE-HMW-00426","HMW","2025-07-30","2025-07","TAX","1","2160","FINANCE","HMW tax payment PND.51 Q2","TAX-PAY-HMW-Q2","3875000","0",
"JE-HMW-00426","HMW","2025-07-30","2025-07","TAX","2","1112","ADMIN","HMW tax payment PND.51 Q2","TAX-PAY-HMW-Q2","0","3875000",
"JE-HMW-00427","HMW","2025-10-30","2025-10","TAX","1","2160","FINANCE","HMW tax payment PND.51 Q3","TAX-PAY-HMW-Q3","3875000","0",
"JE-HMW-00427","HMW","2025-10-30","2025-10","TAX","2","1112","ADMIN","HMW tax payment PND.51 Q3","TAX-PAY-HMW-Q3","0","3875000",
"JE-HMW-00428","HMW","2025-12-30","2025-12","TAX","1","2160","FINANCE","HMW tax payment PND.51 Q4","TAX-PAY-HMW-Q4","3875000","0",
"JE-HMW-00428","HMW","2025-12-30","2025-12","TAX","2","1112","ADMIN","HMW tax payment PND.51 Q4","TAX-PAY-HMW-Q4","0","3875000",
"JE-HMW-00429","HMW","2025-04-30","2025-04","GL","1","3160","ADMIN","HMW dividend declared and paid to ACG","DIV-HMW-2025","15956511","0","ACG"
"JE-HMW-00429","HMW","2025-04-30","2025-04","GL","2","1112","ADMIN","HMW dividend declared and paid to ACG","DIV-HMW-2025","0","15956511","ACG"
"JE-HMW-00430","HMW","2025-12-31","2025-12","GL","1","3160","ADMIN","HMW transfer to legal reserve","RES-HMW-2025","880000","0",
"JE-HMW-00430","HMW","2025-12-31","2025-12","GL","2","3150","ADMIN","HMW transfer to legal reserve","RES-HMW-2025","0","880000",
"JE-HMW-00431","HMW","2025-12-31","2025-12","GL","1","5411","ADMIN","HMW employee benefit provision (non-cash)","EB-HMW-2025","1100000","0",
"JE-HMW-00431","HMW","2025-12-31","2025-12","GL","2","2230","ADMIN","HMW employee benefit provision (non-cash)","EB-HMW-2025","0","1100000",
"JE-CLIK-00001","CLIK","2025-01-01","2025-01","GL","1","2220","ADMIN","Opening balance 2025 (1-Jan)","OPEN-CLIK","0","4500000",
"JE-CLIK-00001","CLIK","2025-01-01","2025-01","GL","2","2170","ADMIN","Opening balance 2025 (1-Jan)","OPEN-CLIK","0","561450",
"JE-CLIK-00001","CLIK","2025-01-01","2025-01","GL","3","1311","ADMIN","Opening balance 2025 (1-Jan)","OPEN-CLIK","45000000","0",
"JE-CLIK-00001","CLIK","2025-01-01","2025-01","GL","4","2230","ADMIN","Opening balance 2025 (1-Jan)","OPEN-CLIK","0","3500000",
"JE-CLIK-00001","CLIK","2025-01-01","2025-01","GL","5","2130","ADMIN","Opening balance 2025 (1-Jan)","OPEN-CLIK","0","3000000",
"JE-CLIK-00001","CLIK","2025-01-01","2025-01","GL","6","1325","ADMIN","Opening balance 2025 (1-Jan)","OPEN-CLIK","2000000","0",
"JE-CLIK-00001","CLIK","2025-01-01","2025-01","GL","7","1312","ADMIN","Opening balance 2025 (1-Jan)","OPEN-CLIK","40000000","0",
"JE-CLIK-00001","CLIK","2025-01-01","2025-01","GL","8","1320","ADMIN","Opening balance 2025 (1-Jan)","OPEN-CLIK","6000000","0",
"JE-CLIK-00001","CLIK","2025-01-01","2025-01","GL","9","2122","ADMIN","Opening balance 2025 (1-Jan)","OPEN-CLIK","0","5500000",
"JE-CLIK-00001","CLIK","2025-01-01","2025-01","GL","10","1130","ADMIN","Opening balance 2025 (1-Jan)","OPEN-CLIK","1626237","0",
"JE-CLIK-00001","CLIK","2025-01-01","2025-01","GL","11","1330","ADMIN","Opening balance 2025 (1-Jan)","OPEN-CLIK","440579","0",
"JE-CLIK-00001","CLIK","2025-01-01","2025-01","GL","12","2123","ADMIN","Opening balance 2025 (1-Jan)","OPEN-CLIK","0","12000000",
"JE-CLIK-00001","CLIK","2025-01-01","2025-01","GL","13","1314","ADMIN","Opening balance 2025 (1-Jan)","OPEN-CLIK","4500000","0",
"JE-CLIK-00001","CLIK","2025-01-01","2025-01","GL","14","1123","ADMIN","Opening balance 2025 (1-Jan)","OPEN-CLIK","5135438","0",
"JE-CLIK-00001","CLIK","2025-01-01","2025-01","GL","15","1319","ADMIN","Opening balance 2025 (1-Jan)","OPEN-CLIK","20725604","0",
"JE-CLIK-00001","CLIK","2025-01-01","2025-01","GL","16","2215","ADMIN","Opening balance 2025 (1-Jan)","OPEN-CLIK","0","200000000",
"JE-CLIK-00001","CLIK","2025-01-01","2025-01","GL","17","1150","ADMIN","Opening balance 2025 (1-Jan)","OPEN-CLIK","1004161","0",
"JE-CLIK-00001","CLIK","2025-01-01","2025-01","GL","18","1121","ADMIN","Opening balance 2025 (1-Jan)","OPEN-CLIK","1000000","0",
"JE-CLIK-00001","CLIK","2025-01-01","2025-01","GL","19","2125","ADMIN","Opening balance 2025 (1-Jan)","OPEN-CLIK","0","5000000",
"JE-CLIK-00001","CLIK","2025-01-01","2025-01","GL","20","3110","ADMIN","Opening balance 2025 (1-Jan)","OPEN-CLIK","0","50000000",
"JE-CLIK-00001","CLIK","2025-01-01","2025-01","GL","21","2150","ADMIN","Opening balance 2025 (1-Jan)","OPEN-CLIK","0","700000",
"JE-CLIK-00001","CLIK","2025-01-01","2025-01","GL","22","1112","ADMIN","Opening balance 2025 (1-Jan)","OPEN-CLIK","8000000","0",
"JE-CLIK-00001","CLIK","2025-01-01","2025-01","GL","23","3160","ADMIN","Opening balance 2025 (1-Jan)","OPEN-CLIK","158384515","0",
"JE-CLIK-00001","CLIK","2025-01-01","2025-01","GL","24","1142","ADMIN","Opening balance 2025 (1-Jan)","OPEN-CLIK","9380363","0",
"JE-CLIK-00001","CLIK","2025-01-01","2025-01","GL","25","1340","ADMIN","Opening balance 2025 (1-Jan)","OPEN-CLIK","1547723","0",
"JE-CLIK-00001","CLIK","2025-01-01","2025-01","GL","26","2210","ADMIN","Opening balance 2025 (1-Jan)","OPEN-CLIK","0","80000000",
"JE-CLIK-00001","CLIK","2025-01-01","2025-01","GL","27","3160","ADMIN","Opening balance 2025 (1-Jan)","OPEN-CLIK","60016830","0",
"JE-CLIK-00002","CLIK","2025-01-28","2025-01","AR","1","1112","SERVICE","CLIK 4190 monthly revenue","REV-CLIK-2025-01-4190","331345","0","CUST-CLIK-001"
"JE-CLIK-00002","CLIK","2025-01-28","2025-01","AR","2","4190","ADMIN","CLIK 4190 monthly revenue","REV-CLIK-2025-01-4190","0","331345",""
"JE-CLIK-00003","CLIK","2025-02-28","2025-02","AR","1","1112","SERVICE","CLIK 4190 monthly revenue","REV-CLIK-2025-02-4190","309256","0","CUST-CLIK-001"
"JE-CLIK-00003","CLIK","2025-02-28","2025-02","AR","2","4190","ADMIN","CLIK 4190 monthly revenue","REV-CLIK-2025-02-4190","0","309256",""
"JE-CLIK-00004","CLIK","2025-03-28","2025-03","AR","1","1112","SERVICE","CLIK 4190 monthly revenue","REV-CLIK-2025-03-4190","375525","0","CUST-CLIK-001"
"JE-CLIK-00004","CLIK","2025-03-28","2025-03","AR","2","4190","ADMIN","CLIK 4190 monthly revenue","REV-CLIK-2025-03-4190","0","375525",""
"JE-CLIK-00005","CLIK","2025-04-28","2025-04","AR","1","1112","SERVICE","CLIK 4190 monthly revenue","REV-CLIK-2025-04-4190","331345","0","CUST-CLIK-001"
"JE-CLIK-00005","CLIK","2025-04-28","2025-04","AR","2","4190","ADMIN","CLIK 4190 monthly revenue","REV-CLIK-2025-04-4190","0","331345",""
"JE-CLIK-00006","CLIK","2025-05-28","2025-05","AR","1","1112","SERVICE","CLIK 4190 monthly revenue","REV-CLIK-2025-05-4190","353435","0","CUST-CLIK-001"
"JE-CLIK-00006","CLIK","2025-05-28","2025-05","AR","2","4190","ADMIN","CLIK 4190 monthly revenue","REV-CLIK-2025-05-4190","0","353435",""
"JE-CLIK-00007","CLIK","2025-06-28","2025-06","AR","1","1112","SERVICE","CLIK 4190 monthly revenue","REV-CLIK-2025-06-4190","375525","0","CUST-CLIK-001"
"JE-CLIK-00007","CLIK","2025-06-28","2025-06","AR","2","4190","ADMIN","CLIK 4190 monthly revenue","REV-CLIK-2025-06-4190","0","375525",""
"JE-CLIK-00008","CLIK","2025-07-28","2025-07","AR","1","1112","SERVICE","CLIK 4190 monthly revenue","REV-CLIK-2025-07-4190","375525","0","CUST-CLIK-001"
"JE-CLIK-00008","CLIK","2025-07-28","2025-07","AR","2","4190","ADMIN","CLIK 4190 monthly revenue","REV-CLIK-2025-07-4190","0","375525",""
"JE-CLIK-00009","CLIK","2025-08-28","2025-08","AR","1","1112","SERVICE","CLIK 4190 monthly revenue","REV-CLIK-2025-08-4190","375525","0","CUST-CLIK-001"
"JE-CLIK-00009","CLIK","2025-08-28","2025-08","AR","2","4190","ADMIN","CLIK 4190 monthly revenue","REV-CLIK-2025-08-4190","0","375525",""
"JE-CLIK-00010","CLIK","2025-09-28","2025-09","AR","1","1112","SERVICE","CLIK 4190 monthly revenue","REV-CLIK-2025-09-4190","397614","0","CUST-CLIK-001"
"JE-CLIK-00010","CLIK","2025-09-28","2025-09","AR","2","4190","ADMIN","CLIK 4190 monthly revenue","REV-CLIK-2025-09-4190","0","397614",""
"JE-CLIK-00011","CLIK","2025-10-28","2025-10","AR","1","1112","SERVICE","CLIK 4190 monthly revenue","REV-CLIK-2025-10-4190","397614","0","CUST-CLIK-001"
"JE-CLIK-00011","CLIK","2025-10-28","2025-10","AR","2","4190","ADMIN","CLIK 4190 monthly revenue","REV-CLIK-2025-10-4190","0","397614",""
"JE-CLIK-00012","CLIK","2025-11-28","2025-11","AR","1","1112","SERVICE","CLIK 4190 monthly revenue","REV-CLIK-2025-11-4190","397614","0","CUST-CLIK-001"
"JE-CLIK-00012","CLIK","2025-11-28","2025-11","AR","2","4190","ADMIN","CLIK 4190 monthly revenue","REV-CLIK-2025-11-4190","0","397614",""
"JE-CLIK-00013","CLIK","2025-12-28","2025-12","AR","1","1112","SERVICE","CLIK 4190 monthly revenue","REV-CLIK-2025-12-4190","397613","0","CUST-CLIK-001"
"JE-CLIK-00013","CLIK","2025-12-28","2025-12","AR","2","4190","ADMIN","CLIK 4190 monthly revenue","REV-CLIK-2025-12-4190","0","397613",""
"JE-CLIK-00014","CLIK","2025-01-28","2025-01","AR","1","1123","SERVICE","CLIK 4130 monthly revenue","REV-CLIK-2025-01-4130","450000","0","CUST-CLIK-002"
"JE-CLIK-00014","CLIK","2025-01-28","2025-01","AR","2","1112","SERVICE","CLIK 4130 monthly revenue","REV-CLIK-2025-01-4130","2550000","0","CUST-CLIK-001"
"JE-CLIK-00014","CLIK","2025-01-28","2025-01","AR","3","4130","PARTS","CLIK 4130 monthly revenue","REV-CLIK-2025-01-4130","0","3000000",""
"JE-CLIK-00015","CLIK","2025-02-28","2025-02","AR","1","1123","SERVICE","CLIK 4130 monthly revenue","REV-CLIK-2025-02-4130","420000","0","CUST-CLIK-002"
"JE-CLIK-00015","CLIK","2025-02-28","2025-02","AR","2","1112","SERVICE","CLIK 4130 monthly revenue","REV-CLIK-2025-02-4130","2380000","0","CUST-CLIK-001"
"JE-CLIK-00015","CLIK","2025-02-28","2025-02","AR","3","4130","PARTS","CLIK 4130 monthly revenue","REV-CLIK-2025-02-4130","0","2800000",""
"JE-CLIK-00016","CLIK","2025-03-28","2025-03","AR","1","1123","SERVICE","CLIK 4130 monthly revenue","REV-CLIK-2025-03-4130","510000","0","CUST-CLIK-002"
"JE-CLIK-00016","CLIK","2025-03-28","2025-03","AR","2","1112","SERVICE","CLIK 4130 monthly revenue","REV-CLIK-2025-03-4130","2890000","0","CUST-CLIK-001"
"JE-CLIK-00016","CLIK","2025-03-28","2025-03","AR","3","4130","PARTS","CLIK 4130 monthly revenue","REV-CLIK-2025-03-4130","0","3400000",""
"JE-CLIK-00017","CLIK","2025-04-28","2025-04","AR","1","1123","SERVICE","CLIK 4130 monthly revenue","REV-CLIK-2025-04-4130","450000","0","CUST-CLIK-002"
"JE-CLIK-00017","CLIK","2025-04-28","2025-04","AR","2","1112","SERVICE","CLIK 4130 monthly revenue","REV-CLIK-2025-04-4130","2550000","0","CUST-CLIK-001"
"JE-CLIK-00017","CLIK","2025-04-28","2025-04","AR","3","4130","PARTS","CLIK 4130 monthly revenue","REV-CLIK-2025-04-4130","0","3000000",""
"JE-CLIK-00018","CLIK","2025-05-28","2025-05","AR","1","1123","SERVICE","CLIK 4130 monthly revenue","REV-CLIK-2025-05-4130","480000","0","CUST-CLIK-002"
"JE-CLIK-00018","CLIK","2025-05-28","2025-05","AR","2","1112","SERVICE","CLIK 4130 monthly revenue","REV-CLIK-2025-05-4130","2720000","0","CUST-CLIK-001"
"JE-CLIK-00018","CLIK","2025-05-28","2025-05","AR","3","4130","PARTS","CLIK 4130 monthly revenue","REV-CLIK-2025-05-4130","0","3200000",""
"JE-CLIK-00019","CLIK","2025-06-28","2025-06","AR","1","1123","SERVICE","CLIK 4130 monthly revenue","REV-CLIK-2025-06-4130","510000","0","CUST-CLIK-002"
"JE-CLIK-00019","CLIK","2025-06-28","2025-06","AR","2","1112","SERVICE","CLIK 4130 monthly revenue","REV-CLIK-2025-06-4130","2890000","0","CUST-CLIK-001"
"JE-CLIK-00019","CLIK","2025-06-28","2025-06","AR","3","4130","PARTS","CLIK 4130 monthly revenue","REV-CLIK-2025-06-4130","0","3400000",""
"JE-CLIK-00020","CLIK","2025-07-28","2025-07","AR","1","1123","SERVICE","CLIK 4130 monthly revenue","REV-CLIK-2025-07-4130","510000","0","CUST-CLIK-002"
"JE-CLIK-00020","CLIK","2025-07-28","2025-07","AR","2","1112","SERVICE","CLIK 4130 monthly revenue","REV-CLIK-2025-07-4130","2890000","0","CUST-CLIK-001"
"JE-CLIK-00020","CLIK","2025-07-28","2025-07","AR","3","4130","PARTS","CLIK 4130 monthly revenue","REV-CLIK-2025-07-4130","0","3400000",""
"JE-CLIK-00021","CLIK","2025-08-28","2025-08","AR","1","1123","SERVICE","CLIK 4130 monthly revenue","REV-CLIK-2025-08-4130","510000","0","CUST-CLIK-002"
"JE-CLIK-00021","CLIK","2025-08-28","2025-08","AR","2","1112","SERVICE","CLIK 4130 monthly revenue","REV-CLIK-2025-08-4130","2890000","0","CUST-CLIK-001"
"JE-CLIK-00021","CLIK","2025-08-28","2025-08","AR","3","4130","PARTS","CLIK 4130 monthly revenue","REV-CLIK-2025-08-4130","0","3400000",""
"JE-CLIK-00022","CLIK","2025-09-28","2025-09","AR","1","1123","SERVICE","CLIK 4130 monthly revenue","REV-CLIK-2025-09-4130","540000","0","CUST-CLIK-002"
"JE-CLIK-00022","CLIK","2025-09-28","2025-09","AR","2","1112","SERVICE","CLIK 4130 monthly revenue","REV-CLIK-2025-09-4130","3060000","0","CUST-CLIK-001"
"JE-CLIK-00022","CLIK","2025-09-28","2025-09","AR","3","4130","PARTS","CLIK 4130 monthly revenue","REV-CLIK-2025-09-4130","0","3600000",""
"JE-CLIK-00023","CLIK","2025-10-28","2025-10","AR","1","1123","SERVICE","CLIK 4130 monthly revenue","REV-CLIK-2025-10-4130","540000","0","CUST-CLIK-002"
"JE-CLIK-00023","CLIK","2025-10-28","2025-10","AR","2","1112","SERVICE","CLIK 4130 monthly revenue","REV-CLIK-2025-10-4130","3060000","0","CUST-CLIK-001"
"JE-CLIK-00023","CLIK","2025-10-28","2025-10","AR","3","4130","PARTS","CLIK 4130 monthly revenue","REV-CLIK-2025-10-4130","0","3600000",""
"JE-CLIK-00024","CLIK","2025-11-28","2025-11","AR","1","1123","SERVICE","CLIK 4130 monthly revenue","REV-CLIK-2025-11-4130","540000","0","CUST-CLIK-002"
"JE-CLIK-00024","CLIK","2025-11-28","2025-11","AR","2","1112","SERVICE","CLIK 4130 monthly revenue","REV-CLIK-2025-11-4130","3060000","0","CUST-CLIK-001"
"JE-CLIK-00024","CLIK","2025-11-28","2025-11","AR","3","4130","PARTS","CLIK 4130 monthly revenue","REV-CLIK-2025-11-4130","0","3600000",""
"JE-CLIK-00025","CLIK","2025-12-28","2025-12","AR","1","1123","SERVICE","CLIK 4130 monthly revenue","REV-CLIK-2025-12-4130","540000","0","CUST-CLIK-002"
"JE-CLIK-00025","CLIK","2025-12-28","2025-12","AR","2","1112","SERVICE","CLIK 4130 monthly revenue","REV-CLIK-2025-12-4130","3060000","0","CUST-CLIK-001"
"JE-CLIK-00025","CLIK","2025-12-28","2025-12","AR","3","4130","PARTS","CLIK 4130 monthly revenue","REV-CLIK-2025-12-4130","0","3600000",""
"JE-CLIK-00026","CLIK","2025-01-28","2025-01","AR","1","1125","SERVICE","CLIK 4160 monthly revenue","REV-CLIK-2025-01-4160","262500","0","CUST-CLIK-099"
"JE-CLIK-00026","CLIK","2025-01-28","2025-01","AR","2","4160","SERVICE","CLIK 4160 monthly revenue","REV-CLIK-2025-01-4160","0","262500",""
"JE-CLIK-00027","CLIK","2025-02-28","2025-02","AR","1","1125","SERVICE","CLIK 4160 monthly revenue","REV-CLIK-2025-02-4160","245000","0","CUST-CLIK-099"
"JE-CLIK-00027","CLIK","2025-02-28","2025-02","AR","2","4160","SERVICE","CLIK 4160 monthly revenue","REV-CLIK-2025-02-4160","0","245000",""
"JE-CLIK-00028","CLIK","2025-03-28","2025-03","AR","1","1125","SERVICE","CLIK 4160 monthly revenue","REV-CLIK-2025-03-4160","297500","0","CUST-CLIK-099"
"JE-CLIK-00028","CLIK","2025-03-28","2025-03","AR","2","4160","SERVICE","CLIK 4160 monthly revenue","REV-CLIK-2025-03-4160","0","297500",""
"JE-CLIK-00029","CLIK","2025-04-28","2025-04","AR","1","1125","SERVICE","CLIK 4160 monthly revenue","REV-CLIK-2025-04-4160","262500","0","CUST-CLIK-099"
"JE-CLIK-00029","CLIK","2025-04-28","2025-04","AR","2","4160","SERVICE","CLIK 4160 monthly revenue","REV-CLIK-2025-04-4160","0","262500",""
"JE-CLIK-00030","CLIK","2025-05-28","2025-05","AR","1","1125","SERVICE","CLIK 4160 monthly revenue","REV-CLIK-2025-05-4160","280000","0","CUST-CLIK-099"
"JE-CLIK-00030","CLIK","2025-05-28","2025-05","AR","2","4160","SERVICE","CLIK 4160 monthly revenue","REV-CLIK-2025-05-4160","0","280000",""
"JE-CLIK-00031","CLIK","2025-06-28","2025-06","AR","1","1125","SERVICE","CLIK 4160 monthly revenue","REV-CLIK-2025-06-4160","297500","0","CUST-CLIK-099"
"JE-CLIK-00031","CLIK","2025-06-28","2025-06","AR","2","4160","SERVICE","CLIK 4160 monthly revenue","REV-CLIK-2025-06-4160","0","297500",""
"JE-CLIK-00032","CLIK","2025-07-28","2025-07","AR","1","1125","SERVICE","CLIK 4160 monthly revenue","REV-CLIK-2025-07-4160","297500","0","CUST-CLIK-099"
"JE-CLIK-00032","CLIK","2025-07-28","2025-07","AR","2","4160","SERVICE","CLIK 4160 monthly revenue","REV-CLIK-2025-07-4160","0","297500",""
"JE-CLIK-00033","CLIK","2025-08-28","2025-08","AR","1","1125","SERVICE","CLIK 4160 monthly revenue","REV-CLIK-2025-08-4160","297500","0","CUST-CLIK-099"
"JE-CLIK-00033","CLIK","2025-08-28","2025-08","AR","2","4160","SERVICE","CLIK 4160 monthly revenue","REV-CLIK-2025-08-4160","0","297500",""
"JE-CLIK-00034","CLIK","2025-09-28","2025-09","AR","1","1125","SERVICE","CLIK 4160 monthly revenue","REV-CLIK-2025-09-4160","315000","0","CUST-CLIK-099"
"JE-CLIK-00034","CLIK","2025-09-28","2025-09","AR","2","4160","SERVICE","CLIK 4160 monthly revenue","REV-CLIK-2025-09-4160","0","315000",""
"JE-CLIK-00035","CLIK","2025-10-28","2025-10","AR","1","1125","SERVICE","CLIK 4160 monthly revenue","REV-CLIK-2025-10-4160","315000","0","CUST-CLIK-099"
"JE-CLIK-00035","CLIK","2025-10-28","2025-10","AR","2","4160","SERVICE","CLIK 4160 monthly revenue","REV-CLIK-2025-10-4160","0","315000",""
"JE-CLIK-00036","CLIK","2025-11-28","2025-11","AR","1","1125","SERVICE","CLIK 4160 monthly revenue","REV-CLIK-2025-11-4160","315000","0","CUST-CLIK-099"
"JE-CLIK-00036","CLIK","2025-11-28","2025-11","AR","2","4160","SERVICE","CLIK 4160 monthly revenue","REV-CLIK-2025-11-4160","0","315000",""
"JE-CLIK-00037","CLIK","2025-12-28","2025-12","AR","1","1125","SERVICE","CLIK 4160 monthly revenue","REV-CLIK-2025-12-4160","315000","0","CUST-CLIK-099"
"JE-CLIK-00037","CLIK","2025-12-28","2025-12","AR","2","4160","SERVICE","CLIK 4160 monthly revenue","REV-CLIK-2025-12-4160","0","315000",""
"JE-CLIK-00038","CLIK","2025-01-28","2025-01","AR","1","1112","SERVICE","CLIK 4140 monthly revenue","REV-CLIK-2025-01-4140","900000","0","CUST-CLIK-001"
"JE-CLIK-00038","CLIK","2025-01-28","2025-01","AR","2","4140","BODY_SHOP","CLIK 4140 monthly revenue","REV-CLIK-2025-01-4140","0","900000",""
"JE-CLIK-00039","CLIK","2025-02-28","2025-02","AR","1","1112","SERVICE","CLIK 4140 monthly revenue","REV-CLIK-2025-02-4140","840000","0","CUST-CLIK-001"
"JE-CLIK-00039","CLIK","2025-02-28","2025-02","AR","2","4140","BODY_SHOP","CLIK 4140 monthly revenue","REV-CLIK-2025-02-4140","0","840000",""
"JE-CLIK-00040","CLIK","2025-03-28","2025-03","AR","1","1112","SERVICE","CLIK 4140 monthly revenue","REV-CLIK-2025-03-4140","1020000","0","CUST-CLIK-001"
"JE-CLIK-00040","CLIK","2025-03-28","2025-03","AR","2","4140","BODY_SHOP","CLIK 4140 monthly revenue","REV-CLIK-2025-03-4140","0","1020000",""
"JE-CLIK-00041","CLIK","2025-04-28","2025-04","AR","1","1112","SERVICE","CLIK 4140 monthly revenue","REV-CLIK-2025-04-4140","900000","0","CUST-CLIK-001"
"JE-CLIK-00041","CLIK","2025-04-28","2025-04","AR","2","4140","BODY_SHOP","CLIK 4140 monthly revenue","REV-CLIK-2025-04-4140","0","900000",""
"JE-CLIK-00042","CLIK","2025-05-28","2025-05","AR","1","1112","SERVICE","CLIK 4140 monthly revenue","REV-CLIK-2025-05-4140","960000","0","CUST-CLIK-001"
"JE-CLIK-00042","CLIK","2025-05-28","2025-05","AR","2","4140","BODY_SHOP","CLIK 4140 monthly revenue","REV-CLIK-2025-05-4140","0","960000",""
"JE-CLIK-00043","CLIK","2025-06-28","2025-06","AR","1","1112","SERVICE","CLIK 4140 monthly revenue","REV-CLIK-2025-06-4140","1020000","0","CUST-CLIK-001"
"JE-CLIK-00043","CLIK","2025-06-28","2025-06","AR","2","4140","BODY_SHOP","CLIK 4140 monthly revenue","REV-CLIK-2025-06-4140","0","1020000",""
"JE-CLIK-00044","CLIK","2025-07-28","2025-07","AR","1","1112","SERVICE","CLIK 4140 monthly revenue","REV-CLIK-2025-07-4140","1020000","0","CUST-CLIK-001"
"JE-CLIK-00044","CLIK","2025-07-28","2025-07","AR","2","4140","BODY_SHOP","CLIK 4140 monthly revenue","REV-CLIK-2025-07-4140","0","1020000",""
"JE-CLIK-00045","CLIK","2025-08-28","2025-08","AR","1","1112","SERVICE","CLIK 4140 monthly revenue","REV-CLIK-2025-08-4140","1020000","0","CUST-CLIK-001"
"JE-CLIK-00045","CLIK","2025-08-28","2025-08","AR","2","4140","BODY_SHOP","CLIK 4140 monthly revenue","REV-CLIK-2025-08-4140","0","1020000",""
"JE-CLIK-00046","CLIK","2025-09-28","2025-09","AR","1","1112","SERVICE","CLIK 4140 monthly revenue","REV-CLIK-2025-09-4140","1080000","0","CUST-CLIK-001"
"JE-CLIK-00046","CLIK","2025-09-28","2025-09","AR","2","4140","BODY_SHOP","CLIK 4140 monthly revenue","REV-CLIK-2025-09-4140","0","1080000",""
"JE-CLIK-00047","CLIK","2025-10-28","2025-10","AR","1","1112","SERVICE","CLIK 4140 monthly revenue","REV-CLIK-2025-10-4140","1080000","0","CUST-CLIK-001"
"JE-CLIK-00047","CLIK","2025-10-28","2025-10","AR","2","4140","BODY_SHOP","CLIK 4140 monthly revenue","REV-CLIK-2025-10-4140","0","1080000",""
"JE-CLIK-00048","CLIK","2025-11-28","2025-11","AR","1","1112","SERVICE","CLIK 4140 monthly revenue","REV-CLIK-2025-11-4140","1080000","0","CUST-CLIK-001"
"JE-CLIK-00048","CLIK","2025-11-28","2025-11","AR","2","4140","BODY_SHOP","CLIK 4140 monthly revenue","REV-CLIK-2025-11-4140","0","1080000",""
"JE-CLIK-00049","CLIK","2025-12-28","2025-12","AR","1","1112","SERVICE","CLIK 4140 monthly revenue","REV-CLIK-2025-12-4140","1080000","0","CUST-CLIK-001"
"JE-CLIK-00049","CLIK","2025-12-28","2025-12","AR","2","4140","BODY_SHOP","CLIK 4140 monthly revenue","REV-CLIK-2025-12-4140","0","1080000",""
"JE-CLIK-00050","CLIK","2025-01-28","2025-01","AR","1","1123","SERVICE","CLIK 4120 monthly revenue","REV-CLIK-2025-01-4120","3375000","0","CUST-CLIK-002"
"JE-CLIK-00050","CLIK","2025-01-28","2025-01","AR","2","1112","SERVICE","CLIK 4120 monthly revenue","REV-CLIK-2025-01-4120","7875000","0","CUST-CLIK-001"
"JE-CLIK-00050","CLIK","2025-01-28","2025-01","AR","3","4120","SERVICE","CLIK 4120 monthly revenue","REV-CLIK-2025-01-4120","0","11250000",""
"JE-CLIK-00051","CLIK","2025-02-28","2025-02","AR","1","1123","SERVICE","CLIK 4120 monthly revenue","REV-CLIK-2025-02-4120","3150000","0","CUST-CLIK-002"
"JE-CLIK-00051","CLIK","2025-02-28","2025-02","AR","2","1112","SERVICE","CLIK 4120 monthly revenue","REV-CLIK-2025-02-4120","7350000","0","CUST-CLIK-001"
"JE-CLIK-00051","CLIK","2025-02-28","2025-02","AR","3","4120","SERVICE","CLIK 4120 monthly revenue","REV-CLIK-2025-02-4120","0","10500000",""
"JE-CLIK-00052","CLIK","2025-03-28","2025-03","AR","1","1123","SERVICE","CLIK 4120 monthly revenue","REV-CLIK-2025-03-4120","3825000","0","CUST-CLIK-002"
"JE-CLIK-00052","CLIK","2025-03-28","2025-03","AR","2","1112","SERVICE","CLIK 4120 monthly revenue","REV-CLIK-2025-03-4120","8925000","0","CUST-CLIK-001"
"JE-CLIK-00052","CLIK","2025-03-28","2025-03","AR","3","4120","SERVICE","CLIK 4120 monthly revenue","REV-CLIK-2025-03-4120","0","12750000",""
"JE-CLIK-00053","CLIK","2025-04-28","2025-04","AR","1","1123","SERVICE","CLIK 4120 monthly revenue","REV-CLIK-2025-04-4120","3375000","0","CUST-CLIK-002"
"JE-CLIK-00053","CLIK","2025-04-28","2025-04","AR","2","1112","SERVICE","CLIK 4120 monthly revenue","REV-CLIK-2025-04-4120","7875000","0","CUST-CLIK-001"
"JE-CLIK-00053","CLIK","2025-04-28","2025-04","AR","3","4120","SERVICE","CLIK 4120 monthly revenue","REV-CLIK-2025-04-4120","0","11250000",""
"JE-CLIK-00054","CLIK","2025-05-28","2025-05","AR","1","1123","SERVICE","CLIK 4120 monthly revenue","REV-CLIK-2025-05-4120","3600000","0","CUST-CLIK-002"
"JE-CLIK-00054","CLIK","2025-05-28","2025-05","AR","2","1112","SERVICE","CLIK 4120 monthly revenue","REV-CLIK-2025-05-4120","8400000","0","CUST-CLIK-001"
"JE-CLIK-00054","CLIK","2025-05-28","2025-05","AR","3","4120","SERVICE","CLIK 4120 monthly revenue","REV-CLIK-2025-05-4120","0","12000000",""
"JE-CLIK-00055","CLIK","2025-06-28","2025-06","AR","1","1123","SERVICE","CLIK 4120 monthly revenue","REV-CLIK-2025-06-4120","3825000","0","CUST-CLIK-002"
"JE-CLIK-00055","CLIK","2025-06-28","2025-06","AR","2","1112","SERVICE","CLIK 4120 monthly revenue","REV-CLIK-2025-06-4120","8925000","0","CUST-CLIK-001"
"JE-CLIK-00055","CLIK","2025-06-28","2025-06","AR","3","4120","SERVICE","CLIK 4120 monthly revenue","REV-CLIK-2025-06-4120","0","12750000",""
"JE-CLIK-00056","CLIK","2025-07-28","2025-07","AR","1","1123","SERVICE","CLIK 4120 monthly revenue","REV-CLIK-2025-07-4120","3825000","0","CUST-CLIK-002"
"JE-CLIK-00056","CLIK","2025-07-28","2025-07","AR","2","1112","SERVICE","CLIK 4120 monthly revenue","REV-CLIK-2025-07-4120","8925000","0","CUST-CLIK-001"
"JE-CLIK-00056","CLIK","2025-07-28","2025-07","AR","3","4120","SERVICE","CLIK 4120 monthly revenue","REV-CLIK-2025-07-4120","0","12750000",""
"JE-CLIK-00057","CLIK","2025-08-28","2025-08","AR","1","1123","SERVICE","CLIK 4120 monthly revenue","REV-CLIK-2025-08-4120","3825000","0","CUST-CLIK-002"
"JE-CLIK-00057","CLIK","2025-08-28","2025-08","AR","2","1112","SERVICE","CLIK 4120 monthly revenue","REV-CLIK-2025-08-4120","8925000","0","CUST-CLIK-001"
"JE-CLIK-00057","CLIK","2025-08-28","2025-08","AR","3","4120","SERVICE","CLIK 4120 monthly revenue","REV-CLIK-2025-08-4120","0","12750000",""
"JE-CLIK-00058","CLIK","2025-09-28","2025-09","AR","1","1123","SERVICE","CLIK 4120 monthly revenue","REV-CLIK-2025-09-4120","4050000","0","CUST-CLIK-002"
"JE-CLIK-00058","CLIK","2025-09-28","2025-09","AR","2","1112","SERVICE","CLIK 4120 monthly revenue","REV-CLIK-2025-09-4120","9450000","0","CUST-CLIK-001"
"JE-CLIK-00058","CLIK","2025-09-28","2025-09","AR","3","4120","SERVICE","CLIK 4120 monthly revenue","REV-CLIK-2025-09-4120","0","13500000",""
"JE-CLIK-00059","CLIK","2025-10-28","2025-10","AR","1","1123","SERVICE","CLIK 4120 monthly revenue","REV-CLIK-2025-10-4120","4050000","0","CUST-CLIK-002"
"JE-CLIK-00059","CLIK","2025-10-28","2025-10","AR","2","1112","SERVICE","CLIK 4120 monthly revenue","REV-CLIK-2025-10-4120","9450000","0","CUST-CLIK-001"
"JE-CLIK-00059","CLIK","2025-10-28","2025-10","AR","3","4120","SERVICE","CLIK 4120 monthly revenue","REV-CLIK-2025-10-4120","0","13500000",""
"JE-CLIK-00060","CLIK","2025-11-28","2025-11","AR","1","1123","SERVICE","CLIK 4120 monthly revenue","REV-CLIK-2025-11-4120","4050000","0","CUST-CLIK-002"
"JE-CLIK-00060","CLIK","2025-11-28","2025-11","AR","2","1112","SERVICE","CLIK 4120 monthly revenue","REV-CLIK-2025-11-4120","9450000","0","CUST-CLIK-001"
"JE-CLIK-00060","CLIK","2025-11-28","2025-11","AR","3","4120","SERVICE","CLIK 4120 monthly revenue","REV-CLIK-2025-11-4120","0","13500000",""
"JE-CLIK-00061","CLIK","2025-12-28","2025-12","AR","1","1123","SERVICE","CLIK 4120 monthly revenue","REV-CLIK-2025-12-4120","4050000","0","CUST-CLIK-002"
"JE-CLIK-00061","CLIK","2025-12-28","2025-12","AR","2","1112","SERVICE","CLIK 4120 monthly revenue","REV-CLIK-2025-12-4120","9450000","0","CUST-CLIK-001"
"JE-CLIK-00061","CLIK","2025-12-28","2025-12","AR","3","4120","SERVICE","CLIK 4120 monthly revenue","REV-CLIK-2025-12-4120","0","13500000",""
"JE-CLIK-00062","CLIK","2025-01-28","2025-01","GL","1","5120","SERVICE","CLIK 5120 cost of services","COGS-CLIK-2025-01-5120","3960070","0",
"JE-CLIK-00062","CLIK","2025-01-28","2025-01","GL","2","1142","SERVICE","CLIK 5120 cost of services","COGS-CLIK-2025-01-5120","0","3960070",
"JE-CLIK-00063","CLIK","2025-02-28","2025-02","GL","1","5120","SERVICE","CLIK 5120 cost of services","COGS-CLIK-2025-02-5120","3696065","0",
"JE-CLIK-00063","CLIK","2025-02-28","2025-02","GL","2","1142","SERVICE","CLIK 5120 cost of services","COGS-CLIK-2025-02-5120","0","3696065",
"JE-CLIK-00064","CLIK","2025-03-28","2025-03","GL","1","5120","SERVICE","CLIK 5120 cost of services","COGS-CLIK-2025-03-5120","4488079","0",
"JE-CLIK-00064","CLIK","2025-03-28","2025-03","GL","2","1142","SERVICE","CLIK 5120 cost of services","COGS-CLIK-2025-03-5120","0","4488079",
"JE-CLIK-00065","CLIK","2025-04-28","2025-04","GL","1","5120","SERVICE","CLIK 5120 cost of services","COGS-CLIK-2025-04-5120","3960070","0",
"JE-CLIK-00065","CLIK","2025-04-28","2025-04","GL","2","1142","SERVICE","CLIK 5120 cost of services","COGS-CLIK-2025-04-5120","0","3960070",
"JE-CLIK-00066","CLIK","2025-05-28","2025-05","GL","1","5120","SERVICE","CLIK 5120 cost of services","COGS-CLIK-2025-05-5120","4224074","0",
"JE-CLIK-00066","CLIK","2025-05-28","2025-05","GL","2","1142","SERVICE","CLIK 5120 cost of services","COGS-CLIK-2025-05-5120","0","4224074",
"JE-CLIK-00067","CLIK","2025-06-28","2025-06","GL","1","5120","SERVICE","CLIK 5120 cost of services","COGS-CLIK-2025-06-5120","4488079","0",
"JE-CLIK-00067","CLIK","2025-06-28","2025-06","GL","2","1142","SERVICE","CLIK 5120 cost of services","COGS-CLIK-2025-06-5120","0","4488079",
"JE-CLIK-00068","CLIK","2025-07-28","2025-07","GL","1","5120","SERVICE","CLIK 5120 cost of services","COGS-CLIK-2025-07-5120","4488079","0",
"JE-CLIK-00068","CLIK","2025-07-28","2025-07","GL","2","1142","SERVICE","CLIK 5120 cost of services","COGS-CLIK-2025-07-5120","0","4488079",
"JE-CLIK-00069","CLIK","2025-08-28","2025-08","GL","1","5120","SERVICE","CLIK 5120 cost of services","COGS-CLIK-2025-08-5120","4488079","0",
"JE-CLIK-00069","CLIK","2025-08-28","2025-08","GL","2","1142","SERVICE","CLIK 5120 cost of services","COGS-CLIK-2025-08-5120","0","4488079",
"JE-CLIK-00070","CLIK","2025-09-28","2025-09","GL","1","5120","SERVICE","CLIK 5120 cost of services","COGS-CLIK-2025-09-5120","4752084","0",
"JE-CLIK-00070","CLIK","2025-09-28","2025-09","GL","2","1142","SERVICE","CLIK 5120 cost of services","COGS-CLIK-2025-09-5120","0","4752084",
"JE-CLIK-00071","CLIK","2025-10-28","2025-10","GL","1","5120","SERVICE","CLIK 5120 cost of services","COGS-CLIK-2025-10-5120","4752084","0",
"JE-CLIK-00071","CLIK","2025-10-28","2025-10","GL","2","1142","SERVICE","CLIK 5120 cost of services","COGS-CLIK-2025-10-5120","0","4752084",
"JE-CLIK-00072","CLIK","2025-11-28","2025-11","GL","1","5120","SERVICE","CLIK 5120 cost of services","COGS-CLIK-2025-11-5120","4752084","0",
"JE-CLIK-00072","CLIK","2025-11-28","2025-11","GL","2","1142","SERVICE","CLIK 5120 cost of services","COGS-CLIK-2025-11-5120","0","4752084",
"JE-CLIK-00073","CLIK","2025-12-28","2025-12","GL","1","5120","SERVICE","CLIK 5120 cost of services","COGS-CLIK-2025-12-5120","4752081","0",
"JE-CLIK-00073","CLIK","2025-12-28","2025-12","GL","2","1142","SERVICE","CLIK 5120 cost of services","COGS-CLIK-2025-12-5120","0","4752081",
"JE-CLIK-00074","CLIK","2025-01-28","2025-01","GL","1","5130","SERVICE","CLIK 5130 cost of services","COGS-CLIK-2025-01-5130","9000000","0",
"JE-CLIK-00074","CLIK","2025-01-28","2025-01","GL","2","2130","SERVICE","CLIK 5130 cost of services","COGS-CLIK-2025-01-5130","0","9000000",
"JE-CLIK-00075","CLIK","2025-02-28","2025-02","GL","1","5130","SERVICE","CLIK 5130 cost of services","COGS-CLIK-2025-02-5130","8400000","0",
"JE-CLIK-00075","CLIK","2025-02-28","2025-02","GL","2","2130","SERVICE","CLIK 5130 cost of services","COGS-CLIK-2025-02-5130","0","8400000",
"JE-CLIK-00076","CLIK","2025-03-28","2025-03","GL","1","5130","SERVICE","CLIK 5130 cost of services","COGS-CLIK-2025-03-5130","10200000","0",
"JE-CLIK-00076","CLIK","2025-03-28","2025-03","GL","2","2130","SERVICE","CLIK 5130 cost of services","COGS-CLIK-2025-03-5130","0","10200000",
"JE-CLIK-00077","CLIK","2025-04-28","2025-04","GL","1","5130","SERVICE","CLIK 5130 cost of services","COGS-CLIK-2025-04-5130","9000000","0",
"JE-CLIK-00077","CLIK","2025-04-28","2025-04","GL","2","2130","SERVICE","CLIK 5130 cost of services","COGS-CLIK-2025-04-5130","0","9000000",
"JE-CLIK-00078","CLIK","2025-05-28","2025-05","GL","1","5130","SERVICE","CLIK 5130 cost of services","COGS-CLIK-2025-05-5130","9600000","0",
"JE-CLIK-00078","CLIK","2025-05-28","2025-05","GL","2","2130","SERVICE","CLIK 5130 cost of services","COGS-CLIK-2025-05-5130","0","9600000",
"JE-CLIK-00079","CLIK","2025-06-28","2025-06","GL","1","5130","SERVICE","CLIK 5130 cost of services","COGS-CLIK-2025-06-5130","10200000","0",
"JE-CLIK-00079","CLIK","2025-06-28","2025-06","GL","2","2130","SERVICE","CLIK 5130 cost of services","COGS-CLIK-2025-06-5130","0","10200000",
"JE-CLIK-00080","CLIK","2025-07-28","2025-07","GL","1","5130","SERVICE","CLIK 5130 cost of services","COGS-CLIK-2025-07-5130","10200000","0",
"JE-CLIK-00080","CLIK","2025-07-28","2025-07","GL","2","2130","SERVICE","CLIK 5130 cost of services","COGS-CLIK-2025-07-5130","0","10200000",
"JE-CLIK-00081","CLIK","2025-08-28","2025-08","GL","1","5130","SERVICE","CLIK 5130 cost of services","COGS-CLIK-2025-08-5130","10200000","0",
"JE-CLIK-00081","CLIK","2025-08-28","2025-08","GL","2","2130","SERVICE","CLIK 5130 cost of services","COGS-CLIK-2025-08-5130","0","10200000",
"JE-CLIK-00082","CLIK","2025-09-28","2025-09","GL","1","5130","SERVICE","CLIK 5130 cost of services","COGS-CLIK-2025-09-5130","10800000","0",
"JE-CLIK-00082","CLIK","2025-09-28","2025-09","GL","2","2130","SERVICE","CLIK 5130 cost of services","COGS-CLIK-2025-09-5130","0","10800000",
"JE-CLIK-00083","CLIK","2025-10-28","2025-10","GL","1","5130","SERVICE","CLIK 5130 cost of services","COGS-CLIK-2025-10-5130","10800000","0",
"JE-CLIK-00083","CLIK","2025-10-28","2025-10","GL","2","2130","SERVICE","CLIK 5130 cost of services","COGS-CLIK-2025-10-5130","0","10800000",
"JE-CLIK-00084","CLIK","2025-11-28","2025-11","GL","1","5130","SERVICE","CLIK 5130 cost of services","COGS-CLIK-2025-11-5130","10800000","0",
"JE-CLIK-00084","CLIK","2025-11-28","2025-11","GL","2","2130","SERVICE","CLIK 5130 cost of services","COGS-CLIK-2025-11-5130","0","10800000",
"JE-CLIK-00085","CLIK","2025-12-28","2025-12","GL","1","5130","SERVICE","CLIK 5130 cost of services","COGS-CLIK-2025-12-5130","10800000","0",
"JE-CLIK-00085","CLIK","2025-12-28","2025-12","GL","2","2130","SERVICE","CLIK 5130 cost of services","COGS-CLIK-2025-12-5130","0","10800000",
"JE-CLIK-00086","CLIK","2025-01-22","2025-01","AP","1","1142","PARTS","CLIK parts purchase","PUR-CLIK-2025-01","4353044","0","VEND-CLIK-001"
"JE-CLIK-00086","CLIK","2025-01-22","2025-01","AP","2","2122","PARTS","CLIK parts purchase","PUR-CLIK-2025-01","0","4353044","VEND-CLIK-001"
"JE-CLIK-00087","CLIK","2025-02-22","2025-02","AP","1","1142","PARTS","CLIK parts purchase","PUR-CLIK-2025-02","4062841","0","VEND-CLIK-001"
"JE-CLIK-00087","CLIK","2025-02-22","2025-02","AP","2","2122","PARTS","CLIK parts purchase","PUR-CLIK-2025-02","0","4062841","VEND-CLIK-001"
"JE-CLIK-00088","CLIK","2025-03-22","2025-03","AP","1","1142","PARTS","CLIK parts purchase","PUR-CLIK-2025-03","4933450","0","VEND-CLIK-001"
"JE-CLIK-00088","CLIK","2025-03-22","2025-03","AP","2","2122","PARTS","CLIK parts purchase","PUR-CLIK-2025-03","0","4933450","VEND-CLIK-001"
"JE-CLIK-00089","CLIK","2025-04-22","2025-04","AP","1","1142","PARTS","CLIK parts purchase","PUR-CLIK-2025-04","4353044","0","VEND-CLIK-001"
"JE-CLIK-00089","CLIK","2025-04-22","2025-04","AP","2","2122","PARTS","CLIK parts purchase","PUR-CLIK-2025-04","0","4353044","VEND-CLIK-001"
"JE-CLIK-00090","CLIK","2025-05-22","2025-05","AP","1","1142","PARTS","CLIK parts purchase","PUR-CLIK-2025-05","4643247","0","VEND-CLIK-001"
"JE-CLIK-00090","CLIK","2025-05-22","2025-05","AP","2","2122","PARTS","CLIK parts purchase","PUR-CLIK-2025-05","0","4643247","VEND-CLIK-001"
"JE-CLIK-00091","CLIK","2025-06-22","2025-06","AP","1","1142","PARTS","CLIK parts purchase","PUR-CLIK-2025-06","4933450","0","VEND-CLIK-001"
"JE-CLIK-00091","CLIK","2025-06-22","2025-06","AP","2","2122","PARTS","CLIK parts purchase","PUR-CLIK-2025-06","0","4933450","VEND-CLIK-001"
"JE-CLIK-00092","CLIK","2025-07-22","2025-07","AP","1","1142","PARTS","CLIK parts purchase","PUR-CLIK-2025-07","4933450","0","VEND-CLIK-001"
"JE-CLIK-00092","CLIK","2025-07-22","2025-07","AP","2","2122","PARTS","CLIK parts purchase","PUR-CLIK-2025-07","0","4933450","VEND-CLIK-001"
"JE-CLIK-00093","CLIK","2025-08-22","2025-08","AP","1","1142","PARTS","CLIK parts purchase","PUR-CLIK-2025-08","4933450","0","VEND-CLIK-001"
"JE-CLIK-00093","CLIK","2025-08-22","2025-08","AP","2","2122","PARTS","CLIK parts purchase","PUR-CLIK-2025-08","0","4933450","VEND-CLIK-001"
"JE-CLIK-00094","CLIK","2025-09-22","2025-09","AP","1","1142","PARTS","CLIK parts purchase","PUR-CLIK-2025-09","5223653","0","VEND-CLIK-001"
"JE-CLIK-00094","CLIK","2025-09-22","2025-09","AP","2","2122","PARTS","CLIK parts purchase","PUR-CLIK-2025-09","0","5223653","VEND-CLIK-001"
"JE-CLIK-00095","CLIK","2025-10-22","2025-10","AP","1","1142","PARTS","CLIK parts purchase","PUR-CLIK-2025-10","5223653","0","VEND-CLIK-001"
"JE-CLIK-00095","CLIK","2025-10-22","2025-10","AP","2","2122","PARTS","CLIK parts purchase","PUR-CLIK-2025-10","0","5223653","VEND-CLIK-001"
"JE-CLIK-00096","CLIK","2025-11-22","2025-11","AP","1","1142","PARTS","CLIK parts purchase","PUR-CLIK-2025-11","5223653","0","VEND-CLIK-001"
"JE-CLIK-00096","CLIK","2025-11-22","2025-11","AP","2","2122","PARTS","CLIK parts purchase","PUR-CLIK-2025-11","0","5223653","VEND-CLIK-001"
"JE-CLIK-00097","CLIK","2025-12-22","2025-12","AP","1","1142","PARTS","CLIK parts purchase","PUR-CLIK-2025-12","5223650","0","VEND-CLIK-001"
"JE-CLIK-00097","CLIK","2025-12-22","2025-12","AP","2","2122","PARTS","CLIK parts purchase","PUR-CLIK-2025-12","0","5223650","VEND-CLIK-001"
"JE-CLIK-00098","CLIK","2025-01-28","2025-01","GL","1","5210","SERVICE","CLIK SGA 5210","OPEX-CLIK-2025-01-5210","581000","0",""
"JE-CLIK-00098","CLIK","2025-01-28","2025-01","GL","2","2130","SERVICE","CLIK SGA 5210","OPEX-CLIK-2025-01-5210","0","581000",""
"JE-CLIK-00099","CLIK","2025-02-28","2025-02","GL","1","5210","SERVICE","CLIK SGA 5210","OPEX-CLIK-2025-02-5210","581000","0",""
"JE-CLIK-00099","CLIK","2025-02-28","2025-02","GL","2","2130","SERVICE","CLIK SGA 5210","OPEX-CLIK-2025-02-5210","0","581000",""
"JE-CLIK-00100","CLIK","2025-03-28","2025-03","GL","1","5210","SERVICE","CLIK SGA 5210","OPEX-CLIK-2025-03-5210","581000","0",""
"JE-CLIK-00100","CLIK","2025-03-28","2025-03","GL","2","2130","SERVICE","CLIK SGA 5210","OPEX-CLIK-2025-03-5210","0","581000",""
"JE-CLIK-00101","CLIK","2025-04-28","2025-04","GL","1","5210","SERVICE","CLIK SGA 5210","OPEX-CLIK-2025-04-5210","581000","0",""
"JE-CLIK-00101","CLIK","2025-04-28","2025-04","GL","2","2130","SERVICE","CLIK SGA 5210","OPEX-CLIK-2025-04-5210","0","581000",""
"JE-CLIK-00102","CLIK","2025-05-28","2025-05","GL","1","5210","SERVICE","CLIK SGA 5210","OPEX-CLIK-2025-05-5210","581000","0",""
"JE-CLIK-00102","CLIK","2025-05-28","2025-05","GL","2","2130","SERVICE","CLIK SGA 5210","OPEX-CLIK-2025-05-5210","0","581000",""
"JE-CLIK-00103","CLIK","2025-06-28","2025-06","GL","1","5210","SERVICE","CLIK SGA 5210","OPEX-CLIK-2025-06-5210","581000","0",""
"JE-CLIK-00103","CLIK","2025-06-28","2025-06","GL","2","2130","SERVICE","CLIK SGA 5210","OPEX-CLIK-2025-06-5210","0","581000",""
"JE-CLIK-00104","CLIK","2025-07-28","2025-07","GL","1","5210","SERVICE","CLIK SGA 5210","OPEX-CLIK-2025-07-5210","581000","0",""
"JE-CLIK-00104","CLIK","2025-07-28","2025-07","GL","2","2130","SERVICE","CLIK SGA 5210","OPEX-CLIK-2025-07-5210","0","581000",""
"JE-CLIK-00105","CLIK","2025-08-28","2025-08","GL","1","5210","SERVICE","CLIK SGA 5210","OPEX-CLIK-2025-08-5210","581000","0",""
"JE-CLIK-00105","CLIK","2025-08-28","2025-08","GL","2","2130","SERVICE","CLIK SGA 5210","OPEX-CLIK-2025-08-5210","0","581000",""
"JE-CLIK-00106","CLIK","2025-09-28","2025-09","GL","1","5210","SERVICE","CLIK SGA 5210","OPEX-CLIK-2025-09-5210","588000","0",""
"JE-CLIK-00106","CLIK","2025-09-28","2025-09","GL","2","2130","SERVICE","CLIK SGA 5210","OPEX-CLIK-2025-09-5210","0","588000",""
"JE-CLIK-00107","CLIK","2025-10-28","2025-10","GL","1","5210","SERVICE","CLIK SGA 5210","OPEX-CLIK-2025-10-5210","588000","0",""
"JE-CLIK-00107","CLIK","2025-10-28","2025-10","GL","2","2130","SERVICE","CLIK SGA 5210","OPEX-CLIK-2025-10-5210","0","588000",""
"JE-CLIK-00108","CLIK","2025-11-28","2025-11","GL","1","5210","SERVICE","CLIK SGA 5210","OPEX-CLIK-2025-11-5210","588000","0",""
"JE-CLIK-00108","CLIK","2025-11-28","2025-11","GL","2","2130","SERVICE","CLIK SGA 5210","OPEX-CLIK-2025-11-5210","0","588000",""
"JE-CLIK-00109","CLIK","2025-12-28","2025-12","GL","1","5210","SERVICE","CLIK SGA 5210","OPEX-CLIK-2025-12-5210","588000","0",""
"JE-CLIK-00109","CLIK","2025-12-28","2025-12","GL","2","2130","SERVICE","CLIK SGA 5210","OPEX-CLIK-2025-12-5210","0","588000",""
"JE-CLIK-00110","CLIK","2025-01-28","2025-01","GL","1","5411","ADMIN","CLIK SGA 5411","OPEX-CLIK-2025-01-5411","2075000","0",""
"JE-CLIK-00110","CLIK","2025-01-28","2025-01","GL","2","1112","ADMIN","CLIK SGA 5411","OPEX-CLIK-2025-01-5411","0","2075000",""
"JE-CLIK-00111","CLIK","2025-02-28","2025-02","GL","1","5411","ADMIN","CLIK SGA 5411","OPEX-CLIK-2025-02-5411","2075000","0",""
"JE-CLIK-00111","CLIK","2025-02-28","2025-02","GL","2","1112","ADMIN","CLIK SGA 5411","OPEX-CLIK-2025-02-5411","0","2075000",""
"JE-CLIK-00112","CLIK","2025-03-28","2025-03","GL","1","5411","ADMIN","CLIK SGA 5411","OPEX-CLIK-2025-03-5411","2075000","0",""
"JE-CLIK-00112","CLIK","2025-03-28","2025-03","GL","2","1112","ADMIN","CLIK SGA 5411","OPEX-CLIK-2025-03-5411","0","2075000",""
"JE-CLIK-00113","CLIK","2025-04-28","2025-04","GL","1","5411","ADMIN","CLIK SGA 5411","OPEX-CLIK-2025-04-5411","2075000","0",""
"JE-CLIK-00113","CLIK","2025-04-28","2025-04","GL","2","1112","ADMIN","CLIK SGA 5411","OPEX-CLIK-2025-04-5411","0","2075000",""
"JE-CLIK-00114","CLIK","2025-05-28","2025-05","GL","1","5411","ADMIN","CLIK SGA 5411","OPEX-CLIK-2025-05-5411","2075000","0",""
"JE-CLIK-00114","CLIK","2025-05-28","2025-05","GL","2","1112","ADMIN","CLIK SGA 5411","OPEX-CLIK-2025-05-5411","0","2075000",""
"JE-CLIK-00115","CLIK","2025-06-28","2025-06","GL","1","5411","ADMIN","CLIK SGA 5411","OPEX-CLIK-2025-06-5411","2075000","0",""
"JE-CLIK-00115","CLIK","2025-06-28","2025-06","GL","2","1112","ADMIN","CLIK SGA 5411","OPEX-CLIK-2025-06-5411","0","2075000",""
"JE-CLIK-00116","CLIK","2025-07-28","2025-07","GL","1","5411","ADMIN","CLIK SGA 5411","OPEX-CLIK-2025-07-5411","2075000","0",""
"JE-CLIK-00116","CLIK","2025-07-28","2025-07","GL","2","1112","ADMIN","CLIK SGA 5411","OPEX-CLIK-2025-07-5411","0","2075000",""
"JE-CLIK-00117","CLIK","2025-08-28","2025-08","GL","1","5411","ADMIN","CLIK SGA 5411","OPEX-CLIK-2025-08-5411","2075000","0",""
"JE-CLIK-00117","CLIK","2025-08-28","2025-08","GL","2","1112","ADMIN","CLIK SGA 5411","OPEX-CLIK-2025-08-5411","0","2075000",""
"JE-CLIK-00118","CLIK","2025-09-28","2025-09","GL","1","5411","ADMIN","CLIK SGA 5411","OPEX-CLIK-2025-09-5411","2100000","0",""
"JE-CLIK-00118","CLIK","2025-09-28","2025-09","GL","2","1112","ADMIN","CLIK SGA 5411","OPEX-CLIK-2025-09-5411","0","2100000",""
"JE-CLIK-00119","CLIK","2025-10-28","2025-10","GL","1","5411","ADMIN","CLIK SGA 5411","OPEX-CLIK-2025-10-5411","2100000","0",""
"JE-CLIK-00119","CLIK","2025-10-28","2025-10","GL","2","1112","ADMIN","CLIK SGA 5411","OPEX-CLIK-2025-10-5411","0","2100000",""
"JE-CLIK-00120","CLIK","2025-11-28","2025-11","GL","1","5411","ADMIN","CLIK SGA 5411","OPEX-CLIK-2025-11-5411","2100000","0",""
"JE-CLIK-00120","CLIK","2025-11-28","2025-11","GL","2","1112","ADMIN","CLIK SGA 5411","OPEX-CLIK-2025-11-5411","0","2100000",""
"JE-CLIK-00121","CLIK","2025-12-28","2025-12","GL","1","5411","ADMIN","CLIK SGA 5411","OPEX-CLIK-2025-12-5411","2100000","0",""
"JE-CLIK-00121","CLIK","2025-12-28","2025-12","GL","2","1112","ADMIN","CLIK SGA 5411","OPEX-CLIK-2025-12-5411","0","2100000",""
"JE-CLIK-00122","CLIK","2025-01-28","2025-01","GL","1","5414","ADMIN","CLIK SGA 5414","OPEX-CLIK-2025-01-5414","346500","0",""
"JE-CLIK-00122","CLIK","2025-01-28","2025-01","GL","2","1319","ADMIN","CLIK SGA 5414","OPEX-CLIK-2025-01-5414","0","346500",""
"JE-CLIK-00123","CLIK","2025-02-28","2025-02","GL","1","5414","ADMIN","CLIK SGA 5414","OPEX-CLIK-2025-02-5414","346500","0",""
"JE-CLIK-00123","CLIK","2025-02-28","2025-02","GL","2","1319","ADMIN","CLIK SGA 5414","OPEX-CLIK-2025-02-5414","0","346500",""
"JE-CLIK-00124","CLIK","2025-03-28","2025-03","GL","1","5414","ADMIN","CLIK SGA 5414","OPEX-CLIK-2025-03-5414","346500","0",""
"JE-CLIK-00124","CLIK","2025-03-28","2025-03","GL","2","1319","ADMIN","CLIK SGA 5414","OPEX-CLIK-2025-03-5414","0","346500",""
"JE-CLIK-00125","CLIK","2025-04-28","2025-04","GL","1","5414","ADMIN","CLIK SGA 5414","OPEX-CLIK-2025-04-5414","346500","0",""
"JE-CLIK-00125","CLIK","2025-04-28","2025-04","GL","2","1319","ADMIN","CLIK SGA 5414","OPEX-CLIK-2025-04-5414","0","346500",""
"JE-CLIK-00126","CLIK","2025-05-28","2025-05","GL","1","5414","ADMIN","CLIK SGA 5414","OPEX-CLIK-2025-05-5414","346500","0",""
"JE-CLIK-00126","CLIK","2025-05-28","2025-05","GL","2","1319","ADMIN","CLIK SGA 5414","OPEX-CLIK-2025-05-5414","0","346500",""
"JE-CLIK-00127","CLIK","2025-06-28","2025-06","GL","1","5414","ADMIN","CLIK SGA 5414","OPEX-CLIK-2025-06-5414","346500","0",""
"JE-CLIK-00127","CLIK","2025-06-28","2025-06","GL","2","1319","ADMIN","CLIK SGA 5414","OPEX-CLIK-2025-06-5414","0","346500",""
"JE-CLIK-00128","CLIK","2025-07-28","2025-07","GL","1","5414","ADMIN","CLIK SGA 5414","OPEX-CLIK-2025-07-5414","346500","0",""
"JE-CLIK-00128","CLIK","2025-07-28","2025-07","GL","2","1319","ADMIN","CLIK SGA 5414","OPEX-CLIK-2025-07-5414","0","346500",""
"JE-CLIK-00129","CLIK","2025-08-28","2025-08","GL","1","5414","ADMIN","CLIK SGA 5414","OPEX-CLIK-2025-08-5414","346500","0",""
"JE-CLIK-00129","CLIK","2025-08-28","2025-08","GL","2","1319","ADMIN","CLIK SGA 5414","OPEX-CLIK-2025-08-5414","0","346500",""
"JE-CLIK-00130","CLIK","2025-09-28","2025-09","GL","1","5414","ADMIN","CLIK SGA 5414","OPEX-CLIK-2025-09-5414","350675","0",""
"JE-CLIK-00130","CLIK","2025-09-28","2025-09","GL","2","1319","ADMIN","CLIK SGA 5414","OPEX-CLIK-2025-09-5414","0","350675",""
"JE-CLIK-00131","CLIK","2025-10-28","2025-10","GL","1","5414","ADMIN","CLIK SGA 5414","OPEX-CLIK-2025-10-5414","350675","0",""
"JE-CLIK-00131","CLIK","2025-10-28","2025-10","GL","2","1319","ADMIN","CLIK SGA 5414","OPEX-CLIK-2025-10-5414","0","350675",""
"JE-CLIK-00132","CLIK","2025-11-28","2025-11","GL","1","5414","ADMIN","CLIK SGA 5414","OPEX-CLIK-2025-11-5414","350675","0",""
"JE-CLIK-00132","CLIK","2025-11-28","2025-11","GL","2","1319","ADMIN","CLIK SGA 5414","OPEX-CLIK-2025-11-5414","0","350675",""
"JE-CLIK-00133","CLIK","2025-12-28","2025-12","GL","1","5414","ADMIN","CLIK SGA 5414","OPEX-CLIK-2025-12-5414","350678","0",""
"JE-CLIK-00133","CLIK","2025-12-28","2025-12","GL","2","1319","ADMIN","CLIK SGA 5414","OPEX-CLIK-2025-12-5414","0","350678",""
"JE-CLIK-00134","CLIK","2025-01-28","2025-01","GL","1","5135","ADMIN","CLIK SGA 5135","OPEX-CLIK-2025-01-5135","838061","0","VEND-CLIK-099"
"JE-CLIK-00134","CLIK","2025-01-28","2025-01","GL","2","2125","ADMIN","CLIK SGA 5135","OPEX-CLIK-2025-01-5135","0","838061","VEND-CLIK-099"
"JE-CLIK-00135","CLIK","2025-02-28","2025-02","GL","1","5135","ADMIN","CLIK SGA 5135","OPEX-CLIK-2025-02-5135","838061","0","VEND-CLIK-099"
"JE-CLIK-00135","CLIK","2025-02-28","2025-02","GL","2","2125","ADMIN","CLIK SGA 5135","OPEX-CLIK-2025-02-5135","0","838061","VEND-CLIK-099"
"JE-CLIK-00136","CLIK","2025-03-28","2025-03","GL","1","5135","ADMIN","CLIK SGA 5135","OPEX-CLIK-2025-03-5135","838061","0","VEND-CLIK-099"
"JE-CLIK-00136","CLIK","2025-03-28","2025-03","GL","2","2125","ADMIN","CLIK SGA 5135","OPEX-CLIK-2025-03-5135","0","838061","VEND-CLIK-099"
"JE-CLIK-00137","CLIK","2025-04-28","2025-04","GL","1","5135","ADMIN","CLIK SGA 5135","OPEX-CLIK-2025-04-5135","838061","0","VEND-CLIK-099"
"JE-CLIK-00137","CLIK","2025-04-28","2025-04","GL","2","2125","ADMIN","CLIK SGA 5135","OPEX-CLIK-2025-04-5135","0","838061","VEND-CLIK-099"
"JE-CLIK-00138","CLIK","2025-05-28","2025-05","GL","1","5135","ADMIN","CLIK SGA 5135","OPEX-CLIK-2025-05-5135","838061","0","VEND-CLIK-099"
"JE-CLIK-00138","CLIK","2025-05-28","2025-05","GL","2","2125","ADMIN","CLIK SGA 5135","OPEX-CLIK-2025-05-5135","0","838061","VEND-CLIK-099"
"JE-CLIK-00139","CLIK","2025-06-28","2025-06","GL","1","5135","ADMIN","CLIK SGA 5135","OPEX-CLIK-2025-06-5135","838061","0","VEND-CLIK-099"
"JE-CLIK-00139","CLIK","2025-06-28","2025-06","GL","2","2125","ADMIN","CLIK SGA 5135","OPEX-CLIK-2025-06-5135","0","838061","VEND-CLIK-099"
"JE-CLIK-00140","CLIK","2025-07-28","2025-07","GL","1","5135","ADMIN","CLIK SGA 5135","OPEX-CLIK-2025-07-5135","838061","0","VEND-CLIK-099"
"JE-CLIK-00140","CLIK","2025-07-28","2025-07","GL","2","2125","ADMIN","CLIK SGA 5135","OPEX-CLIK-2025-07-5135","0","838061","VEND-CLIK-099"
"JE-CLIK-00141","CLIK","2025-08-28","2025-08","GL","1","5135","ADMIN","CLIK SGA 5135","OPEX-CLIK-2025-08-5135","838061","0","VEND-CLIK-099"
"JE-CLIK-00141","CLIK","2025-08-28","2025-08","GL","2","2125","ADMIN","CLIK SGA 5135","OPEX-CLIK-2025-08-5135","0","838061","VEND-CLIK-099"
"JE-CLIK-00142","CLIK","2025-09-28","2025-09","GL","1","5135","ADMIN","CLIK SGA 5135","OPEX-CLIK-2025-09-5135","848158","0","VEND-CLIK-099"
"JE-CLIK-00142","CLIK","2025-09-28","2025-09","GL","2","2125","ADMIN","CLIK SGA 5135","OPEX-CLIK-2025-09-5135","0","848158","VEND-CLIK-099"
"JE-CLIK-00143","CLIK","2025-10-28","2025-10","GL","1","5135","ADMIN","CLIK SGA 5135","OPEX-CLIK-2025-10-5135","848158","0","VEND-CLIK-099"
"JE-CLIK-00143","CLIK","2025-10-28","2025-10","GL","2","2125","ADMIN","CLIK SGA 5135","OPEX-CLIK-2025-10-5135","0","848158","VEND-CLIK-099"
"JE-CLIK-00144","CLIK","2025-11-28","2025-11","GL","1","5135","ADMIN","CLIK SGA 5135","OPEX-CLIK-2025-11-5135","848158","0","VEND-CLIK-099"
"JE-CLIK-00144","CLIK","2025-11-28","2025-11","GL","2","2125","ADMIN","CLIK SGA 5135","OPEX-CLIK-2025-11-5135","0","848158","VEND-CLIK-099"
"JE-CLIK-00145","CLIK","2025-12-28","2025-12","GL","1","5135","ADMIN","CLIK SGA 5135","OPEX-CLIK-2025-12-5135","848157","0","VEND-CLIK-099"
"JE-CLIK-00145","CLIK","2025-12-28","2025-12","GL","2","2125","ADMIN","CLIK SGA 5135","OPEX-CLIK-2025-12-5135","0","848157","VEND-CLIK-099"
"JE-CLIK-00146","CLIK","2025-01-28","2025-01","GL","1","5415","ADMIN","CLIK SGA 5415","OPEX-CLIK-2025-01-5415","34166","0",""
"JE-CLIK-00146","CLIK","2025-01-28","2025-01","GL","2","1325","ADMIN","CLIK SGA 5415","OPEX-CLIK-2025-01-5415","0","34166",""
"JE-CLIK-00147","CLIK","2025-02-28","2025-02","GL","1","5415","ADMIN","CLIK SGA 5415","OPEX-CLIK-2025-02-5415","34166","0",""
"JE-CLIK-00147","CLIK","2025-02-28","2025-02","GL","2","1325","ADMIN","CLIK SGA 5415","OPEX-CLIK-2025-02-5415","0","34166",""
"JE-CLIK-00148","CLIK","2025-03-28","2025-03","GL","1","5415","ADMIN","CLIK SGA 5415","OPEX-CLIK-2025-03-5415","34166","0",""
"JE-CLIK-00148","CLIK","2025-03-28","2025-03","GL","2","1325","ADMIN","CLIK SGA 5415","OPEX-CLIK-2025-03-5415","0","34166",""
"JE-CLIK-00149","CLIK","2025-04-28","2025-04","GL","1","5415","ADMIN","CLIK SGA 5415","OPEX-CLIK-2025-04-5415","34166","0",""
"JE-CLIK-00149","CLIK","2025-04-28","2025-04","GL","2","1325","ADMIN","CLIK SGA 5415","OPEX-CLIK-2025-04-5415","0","34166",""
"JE-CLIK-00150","CLIK","2025-05-28","2025-05","GL","1","5415","ADMIN","CLIK SGA 5415","OPEX-CLIK-2025-05-5415","34166","0",""
"JE-CLIK-00150","CLIK","2025-05-28","2025-05","GL","2","1325","ADMIN","CLIK SGA 5415","OPEX-CLIK-2025-05-5415","0","34166",""
"JE-CLIK-00151","CLIK","2025-06-28","2025-06","GL","1","5415","ADMIN","CLIK SGA 5415","OPEX-CLIK-2025-06-5415","34166","0",""
"JE-CLIK-00151","CLIK","2025-06-28","2025-06","GL","2","1325","ADMIN","CLIK SGA 5415","OPEX-CLIK-2025-06-5415","0","34166",""
"JE-CLIK-00152","CLIK","2025-07-28","2025-07","GL","1","5415","ADMIN","CLIK SGA 5415","OPEX-CLIK-2025-07-5415","34166","0",""
"JE-CLIK-00152","CLIK","2025-07-28","2025-07","GL","2","1325","ADMIN","CLIK SGA 5415","OPEX-CLIK-2025-07-5415","0","34166",""
"JE-CLIK-00153","CLIK","2025-08-28","2025-08","GL","1","5415","ADMIN","CLIK SGA 5415","OPEX-CLIK-2025-08-5415","34166","0",""
"JE-CLIK-00153","CLIK","2025-08-28","2025-08","GL","2","1325","ADMIN","CLIK SGA 5415","OPEX-CLIK-2025-08-5415","0","34166",""
"JE-CLIK-00154","CLIK","2025-09-28","2025-09","GL","1","5415","ADMIN","CLIK SGA 5415","OPEX-CLIK-2025-09-5415","34577","0",""
"JE-CLIK-00154","CLIK","2025-09-28","2025-09","GL","2","1325","ADMIN","CLIK SGA 5415","OPEX-CLIK-2025-09-5415","0","34577",""
"JE-CLIK-00155","CLIK","2025-10-28","2025-10","GL","1","5415","ADMIN","CLIK SGA 5415","OPEX-CLIK-2025-10-5415","34577","0",""
"JE-CLIK-00155","CLIK","2025-10-28","2025-10","GL","2","1325","ADMIN","CLIK SGA 5415","OPEX-CLIK-2025-10-5415","0","34577",""
"JE-CLIK-00156","CLIK","2025-11-28","2025-11","GL","1","5415","ADMIN","CLIK SGA 5415","OPEX-CLIK-2025-11-5415","34577","0",""
"JE-CLIK-00156","CLIK","2025-11-28","2025-11","GL","2","1325","ADMIN","CLIK SGA 5415","OPEX-CLIK-2025-11-5415","0","34577",""
"JE-CLIK-00157","CLIK","2025-12-28","2025-12","GL","1","5415","ADMIN","CLIK SGA 5415","OPEX-CLIK-2025-12-5415","34574","0",""
"JE-CLIK-00157","CLIK","2025-12-28","2025-12","GL","2","1325","ADMIN","CLIK SGA 5415","OPEX-CLIK-2025-12-5415","0","34574",""
"JE-CLIK-00158","CLIK","2025-01-28","2025-01","GL","1","5418","ADMIN","CLIK SGA 5418","OPEX-CLIK-2025-01-5418","83000","0",""
"JE-CLIK-00158","CLIK","2025-01-28","2025-01","GL","2","2130","ADMIN","CLIK SGA 5418","OPEX-CLIK-2025-01-5418","0","83000",""
"JE-CLIK-00159","CLIK","2025-02-28","2025-02","GL","1","5418","ADMIN","CLIK SGA 5418","OPEX-CLIK-2025-02-5418","83000","0",""
"JE-CLIK-00159","CLIK","2025-02-28","2025-02","GL","2","2130","ADMIN","CLIK SGA 5418","OPEX-CLIK-2025-02-5418","0","83000",""
"JE-CLIK-00160","CLIK","2025-03-28","2025-03","GL","1","5418","ADMIN","CLIK SGA 5418","OPEX-CLIK-2025-03-5418","83000","0",""
"JE-CLIK-00160","CLIK","2025-03-28","2025-03","GL","2","2130","ADMIN","CLIK SGA 5418","OPEX-CLIK-2025-03-5418","0","83000",""
"JE-CLIK-00161","CLIK","2025-04-28","2025-04","GL","1","5418","ADMIN","CLIK SGA 5418","OPEX-CLIK-2025-04-5418","83000","0",""
"JE-CLIK-00161","CLIK","2025-04-28","2025-04","GL","2","2130","ADMIN","CLIK SGA 5418","OPEX-CLIK-2025-04-5418","0","83000",""
"JE-CLIK-00162","CLIK","2025-05-28","2025-05","GL","1","5418","ADMIN","CLIK SGA 5418","OPEX-CLIK-2025-05-5418","83000","0",""
"JE-CLIK-00162","CLIK","2025-05-28","2025-05","GL","2","2130","ADMIN","CLIK SGA 5418","OPEX-CLIK-2025-05-5418","0","83000",""
"JE-CLIK-00163","CLIK","2025-06-28","2025-06","GL","1","5418","ADMIN","CLIK SGA 5418","OPEX-CLIK-2025-06-5418","83000","0",""
"JE-CLIK-00163","CLIK","2025-06-28","2025-06","GL","2","2130","ADMIN","CLIK SGA 5418","OPEX-CLIK-2025-06-5418","0","83000",""
"JE-CLIK-00164","CLIK","2025-07-28","2025-07","GL","1","5418","ADMIN","CLIK SGA 5418","OPEX-CLIK-2025-07-5418","83000","0",""
"JE-CLIK-00164","CLIK","2025-07-28","2025-07","GL","2","2130","ADMIN","CLIK SGA 5418","OPEX-CLIK-2025-07-5418","0","83000",""
"JE-CLIK-00165","CLIK","2025-08-28","2025-08","GL","1","5418","ADMIN","CLIK SGA 5418","OPEX-CLIK-2025-08-5418","83000","0",""
"JE-CLIK-00165","CLIK","2025-08-28","2025-08","GL","2","2130","ADMIN","CLIK SGA 5418","OPEX-CLIK-2025-08-5418","0","83000",""
"JE-CLIK-00166","CLIK","2025-09-28","2025-09","GL","1","5418","ADMIN","CLIK SGA 5418","OPEX-CLIK-2025-09-5418","84000","0",""
"JE-CLIK-00166","CLIK","2025-09-28","2025-09","GL","2","2130","ADMIN","CLIK SGA 5418","OPEX-CLIK-2025-09-5418","0","84000",""
"JE-CLIK-00167","CLIK","2025-10-28","2025-10","GL","1","5418","ADMIN","CLIK SGA 5418","OPEX-CLIK-2025-10-5418","84000","0",""
"JE-CLIK-00167","CLIK","2025-10-28","2025-10","GL","2","2130","ADMIN","CLIK SGA 5418","OPEX-CLIK-2025-10-5418","0","84000",""
"JE-CLIK-00168","CLIK","2025-11-28","2025-11","GL","1","5418","ADMIN","CLIK SGA 5418","OPEX-CLIK-2025-11-5418","84000","0",""
"JE-CLIK-00168","CLIK","2025-11-28","2025-11","GL","2","2130","ADMIN","CLIK SGA 5418","OPEX-CLIK-2025-11-5418","0","84000",""
"JE-CLIK-00169","CLIK","2025-12-28","2025-12","GL","1","5418","ADMIN","CLIK SGA 5418","OPEX-CLIK-2025-12-5418","84000","0",""
"JE-CLIK-00169","CLIK","2025-12-28","2025-12","GL","2","2130","ADMIN","CLIK SGA 5418","OPEX-CLIK-2025-12-5418","0","84000",""
"JE-CLIK-00170","CLIK","2025-01-28","2025-01","GL","1","5417","ADMIN","CLIK SGA 5417","OPEX-CLIK-2025-01-5417","93363","0",""
"JE-CLIK-00170","CLIK","2025-01-28","2025-01","GL","2","1335","ADMIN","CLIK SGA 5417","OPEX-CLIK-2025-01-5417","0","93363",""
"JE-CLIK-00171","CLIK","2025-02-28","2025-02","GL","1","5417","ADMIN","CLIK SGA 5417","OPEX-CLIK-2025-02-5417","93363","0",""
"JE-CLIK-00171","CLIK","2025-02-28","2025-02","GL","2","1335","ADMIN","CLIK SGA 5417","OPEX-CLIK-2025-02-5417","0","93363",""
"JE-CLIK-00172","CLIK","2025-03-28","2025-03","GL","1","5417","ADMIN","CLIK SGA 5417","OPEX-CLIK-2025-03-5417","93363","0",""
"JE-CLIK-00172","CLIK","2025-03-28","2025-03","GL","2","1335","ADMIN","CLIK SGA 5417","OPEX-CLIK-2025-03-5417","0","93363",""
"JE-CLIK-00173","CLIK","2025-04-28","2025-04","GL","1","5417","ADMIN","CLIK SGA 5417","OPEX-CLIK-2025-04-5417","93363","0",""
"JE-CLIK-00173","CLIK","2025-04-28","2025-04","GL","2","1335","ADMIN","CLIK SGA 5417","OPEX-CLIK-2025-04-5417","0","93363",""
"JE-CLIK-00174","CLIK","2025-05-28","2025-05","GL","1","5417","ADMIN","CLIK SGA 5417","OPEX-CLIK-2025-05-5417","93363","0",""
"JE-CLIK-00174","CLIK","2025-05-28","2025-05","GL","2","1335","ADMIN","CLIK SGA 5417","OPEX-CLIK-2025-05-5417","0","93363",""
"JE-CLIK-00175","CLIK","2025-06-28","2025-06","GL","1","5417","ADMIN","CLIK SGA 5417","OPEX-CLIK-2025-06-5417","93363","0",""
"JE-CLIK-00175","CLIK","2025-06-28","2025-06","GL","2","1335","ADMIN","CLIK SGA 5417","OPEX-CLIK-2025-06-5417","0","93363",""
"JE-CLIK-00176","CLIK","2025-07-28","2025-07","GL","1","5417","ADMIN","CLIK SGA 5417","OPEX-CLIK-2025-07-5417","93363","0",""
"JE-CLIK-00176","CLIK","2025-07-28","2025-07","GL","2","1335","ADMIN","CLIK SGA 5417","OPEX-CLIK-2025-07-5417","0","93363",""
"JE-CLIK-00177","CLIK","2025-08-28","2025-08","GL","1","5417","ADMIN","CLIK SGA 5417","OPEX-CLIK-2025-08-5417","93363","0",""
"JE-CLIK-00177","CLIK","2025-08-28","2025-08","GL","2","1335","ADMIN","CLIK SGA 5417","OPEX-CLIK-2025-08-5417","0","93363",""
"JE-CLIK-00178","CLIK","2025-09-28","2025-09","GL","1","5417","ADMIN","CLIK SGA 5417","OPEX-CLIK-2025-09-5417","94488","0",""
"JE-CLIK-00178","CLIK","2025-09-28","2025-09","GL","2","1335","ADMIN","CLIK SGA 5417","OPEX-CLIK-2025-09-5417","0","94488",""
"JE-CLIK-00179","CLIK","2025-10-28","2025-10","GL","1","5417","ADMIN","CLIK SGA 5417","OPEX-CLIK-2025-10-5417","94488","0",""
"JE-CLIK-00179","CLIK","2025-10-28","2025-10","GL","2","1335","ADMIN","CLIK SGA 5417","OPEX-CLIK-2025-10-5417","0","94488",""
"JE-CLIK-00180","CLIK","2025-11-28","2025-11","GL","1","5417","ADMIN","CLIK SGA 5417","OPEX-CLIK-2025-11-5417","94488","0",""
"JE-CLIK-00180","CLIK","2025-11-28","2025-11","GL","2","1335","ADMIN","CLIK SGA 5417","OPEX-CLIK-2025-11-5417","0","94488",""
"JE-CLIK-00181","CLIK","2025-12-28","2025-12","GL","1","5417","ADMIN","CLIK SGA 5417","OPEX-CLIK-2025-12-5417","94493","0",""
"JE-CLIK-00181","CLIK","2025-12-28","2025-12","GL","2","1335","ADMIN","CLIK SGA 5417","OPEX-CLIK-2025-12-5417","0","94493",""
"JE-CLIK-00182","CLIK","2025-01-28","2025-01","GL","1","5419","ADMIN","CLIK SGA 5419","OPEX-CLIK-2025-01-5419","249000","0",""
"JE-CLIK-00182","CLIK","2025-01-28","2025-01","GL","2","2130","ADMIN","CLIK SGA 5419","OPEX-CLIK-2025-01-5419","0","249000",""
"JE-CLIK-00183","CLIK","2025-02-28","2025-02","GL","1","5419","ADMIN","CLIK SGA 5419","OPEX-CLIK-2025-02-5419","249000","0",""
"JE-CLIK-00183","CLIK","2025-02-28","2025-02","GL","2","2130","ADMIN","CLIK SGA 5419","OPEX-CLIK-2025-02-5419","0","249000",""
"JE-CLIK-00184","CLIK","2025-03-28","2025-03","GL","1","5419","ADMIN","CLIK SGA 5419","OPEX-CLIK-2025-03-5419","249000","0",""
"JE-CLIK-00184","CLIK","2025-03-28","2025-03","GL","2","2130","ADMIN","CLIK SGA 5419","OPEX-CLIK-2025-03-5419","0","249000",""
"JE-CLIK-00185","CLIK","2025-04-28","2025-04","GL","1","5419","ADMIN","CLIK SGA 5419","OPEX-CLIK-2025-04-5419","249000","0",""
"JE-CLIK-00185","CLIK","2025-04-28","2025-04","GL","2","2130","ADMIN","CLIK SGA 5419","OPEX-CLIK-2025-04-5419","0","249000",""
"JE-CLIK-00186","CLIK","2025-05-28","2025-05","GL","1","5419","ADMIN","CLIK SGA 5419","OPEX-CLIK-2025-05-5419","249000","0",""
"JE-CLIK-00186","CLIK","2025-05-28","2025-05","GL","2","2130","ADMIN","CLIK SGA 5419","OPEX-CLIK-2025-05-5419","0","249000",""
"JE-CLIK-00187","CLIK","2025-06-28","2025-06","GL","1","5419","ADMIN","CLIK SGA 5419","OPEX-CLIK-2025-06-5419","249000","0",""
"JE-CLIK-00187","CLIK","2025-06-28","2025-06","GL","2","2130","ADMIN","CLIK SGA 5419","OPEX-CLIK-2025-06-5419","0","249000",""
"JE-CLIK-00188","CLIK","2025-07-28","2025-07","GL","1","5419","ADMIN","CLIK SGA 5419","OPEX-CLIK-2025-07-5419","249000","0",""
"JE-CLIK-00188","CLIK","2025-07-28","2025-07","GL","2","2130","ADMIN","CLIK SGA 5419","OPEX-CLIK-2025-07-5419","0","249000",""
"JE-CLIK-00189","CLIK","2025-08-28","2025-08","GL","1","5419","ADMIN","CLIK SGA 5419","OPEX-CLIK-2025-08-5419","249000","0",""
"JE-CLIK-00189","CLIK","2025-08-28","2025-08","GL","2","2130","ADMIN","CLIK SGA 5419","OPEX-CLIK-2025-08-5419","0","249000",""
"JE-CLIK-00190","CLIK","2025-09-28","2025-09","GL","1","5419","ADMIN","CLIK SGA 5419","OPEX-CLIK-2025-09-5419","252000","0",""
"JE-CLIK-00190","CLIK","2025-09-28","2025-09","GL","2","2130","ADMIN","CLIK SGA 5419","OPEX-CLIK-2025-09-5419","0","252000",""
"JE-CLIK-00191","CLIK","2025-10-28","2025-10","GL","1","5419","ADMIN","CLIK SGA 5419","OPEX-CLIK-2025-10-5419","252000","0",""
"JE-CLIK-00191","CLIK","2025-10-28","2025-10","GL","2","2130","ADMIN","CLIK SGA 5419","OPEX-CLIK-2025-10-5419","0","252000",""
"JE-CLIK-00192","CLIK","2025-11-28","2025-11","GL","1","5419","ADMIN","CLIK SGA 5419","OPEX-CLIK-2025-11-5419","252000","0",""
"JE-CLIK-00192","CLIK","2025-11-28","2025-11","GL","2","2130","ADMIN","CLIK SGA 5419","OPEX-CLIK-2025-11-5419","0","252000",""
"JE-CLIK-00193","CLIK","2025-12-28","2025-12","GL","1","5419","ADMIN","CLIK SGA 5419","OPEX-CLIK-2025-12-5419","252000","0",""
"JE-CLIK-00193","CLIK","2025-12-28","2025-12","GL","2","2130","ADMIN","CLIK SGA 5419","OPEX-CLIK-2025-12-5419","0","252000",""
"JE-CLIK-00194","CLIK","2025-01-28","2025-01","GL","1","5413","ADMIN","CLIK SGA 5413","OPEX-CLIK-2025-01-5413","249000","0",""
"JE-CLIK-00194","CLIK","2025-01-28","2025-01","GL","2","2130","ADMIN","CLIK SGA 5413","OPEX-CLIK-2025-01-5413","0","249000",""
"JE-CLIK-00195","CLIK","2025-02-28","2025-02","GL","1","5413","ADMIN","CLIK SGA 5413","OPEX-CLIK-2025-02-5413","249000","0",""
"JE-CLIK-00195","CLIK","2025-02-28","2025-02","GL","2","2130","ADMIN","CLIK SGA 5413","OPEX-CLIK-2025-02-5413","0","249000",""
"JE-CLIK-00196","CLIK","2025-03-28","2025-03","GL","1","5413","ADMIN","CLIK SGA 5413","OPEX-CLIK-2025-03-5413","249000","0",""
"JE-CLIK-00196","CLIK","2025-03-28","2025-03","GL","2","2130","ADMIN","CLIK SGA 5413","OPEX-CLIK-2025-03-5413","0","249000",""
"JE-CLIK-00197","CLIK","2025-04-28","2025-04","GL","1","5413","ADMIN","CLIK SGA 5413","OPEX-CLIK-2025-04-5413","249000","0",""
"JE-CLIK-00197","CLIK","2025-04-28","2025-04","GL","2","2130","ADMIN","CLIK SGA 5413","OPEX-CLIK-2025-04-5413","0","249000",""
"JE-CLIK-00198","CLIK","2025-05-28","2025-05","GL","1","5413","ADMIN","CLIK SGA 5413","OPEX-CLIK-2025-05-5413","249000","0",""
"JE-CLIK-00198","CLIK","2025-05-28","2025-05","GL","2","2130","ADMIN","CLIK SGA 5413","OPEX-CLIK-2025-05-5413","0","249000",""
"JE-CLIK-00199","CLIK","2025-06-28","2025-06","GL","1","5413","ADMIN","CLIK SGA 5413","OPEX-CLIK-2025-06-5413","249000","0",""
"JE-CLIK-00199","CLIK","2025-06-28","2025-06","GL","2","2130","ADMIN","CLIK SGA 5413","OPEX-CLIK-2025-06-5413","0","249000",""
"JE-CLIK-00200","CLIK","2025-07-28","2025-07","GL","1","5413","ADMIN","CLIK SGA 5413","OPEX-CLIK-2025-07-5413","249000","0",""
"JE-CLIK-00200","CLIK","2025-07-28","2025-07","GL","2","2130","ADMIN","CLIK SGA 5413","OPEX-CLIK-2025-07-5413","0","249000",""
"JE-CLIK-00201","CLIK","2025-08-28","2025-08","GL","1","5413","ADMIN","CLIK SGA 5413","OPEX-CLIK-2025-08-5413","249000","0",""
"JE-CLIK-00201","CLIK","2025-08-28","2025-08","GL","2","2130","ADMIN","CLIK SGA 5413","OPEX-CLIK-2025-08-5413","0","249000",""
"JE-CLIK-00202","CLIK","2025-09-28","2025-09","GL","1","5413","ADMIN","CLIK SGA 5413","OPEX-CLIK-2025-09-5413","252000","0",""
"JE-CLIK-00202","CLIK","2025-09-28","2025-09","GL","2","2130","ADMIN","CLIK SGA 5413","OPEX-CLIK-2025-09-5413","0","252000",""
"JE-CLIK-00203","CLIK","2025-10-28","2025-10","GL","1","5413","ADMIN","CLIK SGA 5413","OPEX-CLIK-2025-10-5413","252000","0",""
"JE-CLIK-00203","CLIK","2025-10-28","2025-10","GL","2","2130","ADMIN","CLIK SGA 5413","OPEX-CLIK-2025-10-5413","0","252000",""
"JE-CLIK-00204","CLIK","2025-11-28","2025-11","GL","1","5413","ADMIN","CLIK SGA 5413","OPEX-CLIK-2025-11-5413","252000","0",""
"JE-CLIK-00204","CLIK","2025-11-28","2025-11","GL","2","2130","ADMIN","CLIK SGA 5413","OPEX-CLIK-2025-11-5413","0","252000",""
"JE-CLIK-00205","CLIK","2025-12-28","2025-12","GL","1","5413","ADMIN","CLIK SGA 5413","OPEX-CLIK-2025-12-5413","252000","0",""
"JE-CLIK-00205","CLIK","2025-12-28","2025-12","GL","2","2130","ADMIN","CLIK SGA 5413","OPEX-CLIK-2025-12-5413","0","252000",""
"JE-CLIK-00206","CLIK","2025-01-28","2025-01","GL","1","5310","SERVICE","CLIK SGA 5310","OPEX-CLIK-2025-01-5310","226039","0",""
"JE-CLIK-00206","CLIK","2025-01-28","2025-01","GL","2","2130","SERVICE","CLIK SGA 5310","OPEX-CLIK-2025-01-5310","0","226039",""
"JE-CLIK-00207","CLIK","2025-02-28","2025-02","GL","1","5310","SERVICE","CLIK SGA 5310","OPEX-CLIK-2025-02-5310","226039","0",""
"JE-CLIK-00207","CLIK","2025-02-28","2025-02","GL","2","2130","SERVICE","CLIK SGA 5310","OPEX-CLIK-2025-02-5310","0","226039",""
"JE-CLIK-00208","CLIK","2025-03-28","2025-03","GL","1","5310","SERVICE","CLIK SGA 5310","OPEX-CLIK-2025-03-5310","226039","0",""
"JE-CLIK-00208","CLIK","2025-03-28","2025-03","GL","2","2130","SERVICE","CLIK SGA 5310","OPEX-CLIK-2025-03-5310","0","226039",""
"JE-CLIK-00209","CLIK","2025-04-28","2025-04","GL","1","5310","SERVICE","CLIK SGA 5310","OPEX-CLIK-2025-04-5310","226039","0",""
"JE-CLIK-00209","CLIK","2025-04-28","2025-04","GL","2","2130","SERVICE","CLIK SGA 5310","OPEX-CLIK-2025-04-5310","0","226039",""
"JE-CLIK-00210","CLIK","2025-05-28","2025-05","GL","1","5310","SERVICE","CLIK SGA 5310","OPEX-CLIK-2025-05-5310","226039","0",""
"JE-CLIK-00210","CLIK","2025-05-28","2025-05","GL","2","2130","SERVICE","CLIK SGA 5310","OPEX-CLIK-2025-05-5310","0","226039",""
"JE-CLIK-00211","CLIK","2025-06-28","2025-06","GL","1","5310","SERVICE","CLIK SGA 5310","OPEX-CLIK-2025-06-5310","226039","0",""
"JE-CLIK-00211","CLIK","2025-06-28","2025-06","GL","2","2130","SERVICE","CLIK SGA 5310","OPEX-CLIK-2025-06-5310","0","226039",""
"JE-CLIK-00212","CLIK","2025-07-28","2025-07","GL","1","5310","SERVICE","CLIK SGA 5310","OPEX-CLIK-2025-07-5310","226039","0",""
"JE-CLIK-00212","CLIK","2025-07-28","2025-07","GL","2","2130","SERVICE","CLIK SGA 5310","OPEX-CLIK-2025-07-5310","0","226039",""
"JE-CLIK-00213","CLIK","2025-08-28","2025-08","GL","1","5310","SERVICE","CLIK SGA 5310","OPEX-CLIK-2025-08-5310","226039","0",""
"JE-CLIK-00213","CLIK","2025-08-28","2025-08","GL","2","2130","SERVICE","CLIK SGA 5310","OPEX-CLIK-2025-08-5310","0","226039",""
"JE-CLIK-00214","CLIK","2025-09-28","2025-09","GL","1","5310","SERVICE","CLIK SGA 5310","OPEX-CLIK-2025-09-5310","228762","0",""
"JE-CLIK-00214","CLIK","2025-09-28","2025-09","GL","2","2130","SERVICE","CLIK SGA 5310","OPEX-CLIK-2025-09-5310","0","228762",""
"JE-CLIK-00215","CLIK","2025-10-28","2025-10","GL","1","5310","SERVICE","CLIK SGA 5310","OPEX-CLIK-2025-10-5310","228762","0",""
"JE-CLIK-00215","CLIK","2025-10-28","2025-10","GL","2","2130","SERVICE","CLIK SGA 5310","OPEX-CLIK-2025-10-5310","0","228762",""
"JE-CLIK-00216","CLIK","2025-11-28","2025-11","GL","1","5310","SERVICE","CLIK SGA 5310","OPEX-CLIK-2025-11-5310","228762","0",""
"JE-CLIK-00216","CLIK","2025-11-28","2025-11","GL","2","2130","SERVICE","CLIK SGA 5310","OPEX-CLIK-2025-11-5310","0","228762",""
"JE-CLIK-00217","CLIK","2025-12-28","2025-12","GL","1","5310","SERVICE","CLIK SGA 5310","OPEX-CLIK-2025-12-5310","228761","0",""
"JE-CLIK-00217","CLIK","2025-12-28","2025-12","GL","2","2130","SERVICE","CLIK SGA 5310","OPEX-CLIK-2025-12-5310","0","228761",""
"JE-CLIK-00218","CLIK","2025-01-25","2025-01","GL","1","5510","FINANCE","CLIK interest expense 5510_LTPARENT","FIN-CLIK-2025-01-5510_LTPARENT","581000","0","ACG"
"JE-CLIK-00218","CLIK","2025-01-25","2025-01","GL","2","2125","FINANCE","CLIK interest expense 5510_LTPARENT","FIN-CLIK-2025-01-5510_LTPARENT","0","581000","ACG"
"JE-CLIK-00219","CLIK","2025-02-25","2025-02","GL","1","5510","FINANCE","CLIK interest expense 5510_LTPARENT","FIN-CLIK-2025-02-5510_LTPARENT","581000","0","ACG"
"JE-CLIK-00219","CLIK","2025-02-25","2025-02","GL","2","2125","FINANCE","CLIK interest expense 5510_LTPARENT","FIN-CLIK-2025-02-5510_LTPARENT","0","581000","ACG"
"JE-CLIK-00220","CLIK","2025-03-25","2025-03","GL","1","5510","FINANCE","CLIK interest expense 5510_LTPARENT","FIN-CLIK-2025-03-5510_LTPARENT","581000","0","ACG"
"JE-CLIK-00220","CLIK","2025-03-25","2025-03","GL","2","2125","FINANCE","CLIK interest expense 5510_LTPARENT","FIN-CLIK-2025-03-5510_LTPARENT","0","581000","ACG"
"JE-CLIK-00221","CLIK","2025-04-25","2025-04","GL","1","5510","FINANCE","CLIK interest expense 5510_LTPARENT","FIN-CLIK-2025-04-5510_LTPARENT","581000","0","ACG"
"JE-CLIK-00221","CLIK","2025-04-25","2025-04","GL","2","2125","FINANCE","CLIK interest expense 5510_LTPARENT","FIN-CLIK-2025-04-5510_LTPARENT","0","581000","ACG"
"JE-CLIK-00222","CLIK","2025-05-25","2025-05","GL","1","5510","FINANCE","CLIK interest expense 5510_LTPARENT","FIN-CLIK-2025-05-5510_LTPARENT","581000","0","ACG"
"JE-CLIK-00222","CLIK","2025-05-25","2025-05","GL","2","2125","FINANCE","CLIK interest expense 5510_LTPARENT","FIN-CLIK-2025-05-5510_LTPARENT","0","581000","ACG"
"JE-CLIK-00223","CLIK","2025-06-25","2025-06","GL","1","5510","FINANCE","CLIK interest expense 5510_LTPARENT","FIN-CLIK-2025-06-5510_LTPARENT","581000","0","ACG"
"JE-CLIK-00223","CLIK","2025-06-25","2025-06","GL","2","2125","FINANCE","CLIK interest expense 5510_LTPARENT","FIN-CLIK-2025-06-5510_LTPARENT","0","581000","ACG"
"JE-CLIK-00224","CLIK","2025-07-25","2025-07","GL","1","5510","FINANCE","CLIK interest expense 5510_LTPARENT","FIN-CLIK-2025-07-5510_LTPARENT","581000","0","ACG"
"JE-CLIK-00224","CLIK","2025-07-25","2025-07","GL","2","2125","FINANCE","CLIK interest expense 5510_LTPARENT","FIN-CLIK-2025-07-5510_LTPARENT","0","581000","ACG"
"JE-CLIK-00225","CLIK","2025-08-25","2025-08","GL","1","5510","FINANCE","CLIK interest expense 5510_LTPARENT","FIN-CLIK-2025-08-5510_LTPARENT","581000","0","ACG"
"JE-CLIK-00225","CLIK","2025-08-25","2025-08","GL","2","2125","FINANCE","CLIK interest expense 5510_LTPARENT","FIN-CLIK-2025-08-5510_LTPARENT","0","581000","ACG"
"JE-CLIK-00226","CLIK","2025-09-25","2025-09","GL","1","5510","FINANCE","CLIK interest expense 5510_LTPARENT","FIN-CLIK-2025-09-5510_LTPARENT","588000","0","ACG"
"JE-CLIK-00226","CLIK","2025-09-25","2025-09","GL","2","2125","FINANCE","CLIK interest expense 5510_LTPARENT","FIN-CLIK-2025-09-5510_LTPARENT","0","588000","ACG"
"JE-CLIK-00227","CLIK","2025-10-25","2025-10","GL","1","5510","FINANCE","CLIK interest expense 5510_LTPARENT","FIN-CLIK-2025-10-5510_LTPARENT","588000","0","ACG"
"JE-CLIK-00227","CLIK","2025-10-25","2025-10","GL","2","2125","FINANCE","CLIK interest expense 5510_LTPARENT","FIN-CLIK-2025-10-5510_LTPARENT","0","588000","ACG"
"JE-CLIK-00228","CLIK","2025-11-25","2025-11","GL","1","5510","FINANCE","CLIK interest expense 5510_LTPARENT","FIN-CLIK-2025-11-5510_LTPARENT","588000","0","ACG"
"JE-CLIK-00228","CLIK","2025-11-25","2025-11","GL","2","2125","FINANCE","CLIK interest expense 5510_LTPARENT","FIN-CLIK-2025-11-5510_LTPARENT","0","588000","ACG"
"JE-CLIK-00229","CLIK","2025-12-25","2025-12","GL","1","5510","FINANCE","CLIK interest expense 5510_LTPARENT","FIN-CLIK-2025-12-5510_LTPARENT","588000","0","ACG"
"JE-CLIK-00229","CLIK","2025-12-25","2025-12","GL","2","2125","FINANCE","CLIK interest expense 5510_LTPARENT","FIN-CLIK-2025-12-5510_LTPARENT","0","588000","ACG"
"JE-CLIK-00230","CLIK","2025-01-25","2025-01","GL","1","5510","FINANCE","CLIK interest expense 5510_OTHER","FIN-CLIK-2025-01-5510_OTHER","298800","0",
"JE-CLIK-00230","CLIK","2025-01-25","2025-01","GL","2","1112","ADMIN","CLIK interest expense 5510_OTHER","FIN-CLIK-2025-01-5510_OTHER","0","298800",
"JE-CLIK-00231","CLIK","2025-02-25","2025-02","GL","1","5510","FINANCE","CLIK interest expense 5510_OTHER","FIN-CLIK-2025-02-5510_OTHER","298800","0",
"JE-CLIK-00231","CLIK","2025-02-25","2025-02","GL","2","1112","ADMIN","CLIK interest expense 5510_OTHER","FIN-CLIK-2025-02-5510_OTHER","0","298800",
"JE-CLIK-00232","CLIK","2025-03-25","2025-03","GL","1","5510","FINANCE","CLIK interest expense 5510_OTHER","FIN-CLIK-2025-03-5510_OTHER","298800","0",
"JE-CLIK-00232","CLIK","2025-03-25","2025-03","GL","2","1112","ADMIN","CLIK interest expense 5510_OTHER","FIN-CLIK-2025-03-5510_OTHER","0","298800",
"JE-CLIK-00233","CLIK","2025-04-25","2025-04","GL","1","5510","FINANCE","CLIK interest expense 5510_OTHER","FIN-CLIK-2025-04-5510_OTHER","298800","0",
"JE-CLIK-00233","CLIK","2025-04-25","2025-04","GL","2","1112","ADMIN","CLIK interest expense 5510_OTHER","FIN-CLIK-2025-04-5510_OTHER","0","298800",
"JE-CLIK-00234","CLIK","2025-05-25","2025-05","GL","1","5510","FINANCE","CLIK interest expense 5510_OTHER","FIN-CLIK-2025-05-5510_OTHER","298800","0",
"JE-CLIK-00234","CLIK","2025-05-25","2025-05","GL","2","1112","ADMIN","CLIK interest expense 5510_OTHER","FIN-CLIK-2025-05-5510_OTHER","0","298800",
"JE-CLIK-00235","CLIK","2025-06-25","2025-06","GL","1","5510","FINANCE","CLIK interest expense 5510_OTHER","FIN-CLIK-2025-06-5510_OTHER","298800","0",
"JE-CLIK-00235","CLIK","2025-06-25","2025-06","GL","2","1112","ADMIN","CLIK interest expense 5510_OTHER","FIN-CLIK-2025-06-5510_OTHER","0","298800",
"JE-CLIK-00236","CLIK","2025-07-25","2025-07","GL","1","5510","FINANCE","CLIK interest expense 5510_OTHER","FIN-CLIK-2025-07-5510_OTHER","298800","0",
"JE-CLIK-00236","CLIK","2025-07-25","2025-07","GL","2","1112","ADMIN","CLIK interest expense 5510_OTHER","FIN-CLIK-2025-07-5510_OTHER","0","298800",
"JE-CLIK-00237","CLIK","2025-08-25","2025-08","GL","1","5510","FINANCE","CLIK interest expense 5510_OTHER","FIN-CLIK-2025-08-5510_OTHER","298800","0",
"JE-CLIK-00237","CLIK","2025-08-25","2025-08","GL","2","1112","ADMIN","CLIK interest expense 5510_OTHER","FIN-CLIK-2025-08-5510_OTHER","0","298800",
"JE-CLIK-00238","CLIK","2025-09-25","2025-09","GL","1","5510","FINANCE","CLIK interest expense 5510_OTHER","FIN-CLIK-2025-09-5510_OTHER","302400","0",
"JE-CLIK-00238","CLIK","2025-09-25","2025-09","GL","2","1112","ADMIN","CLIK interest expense 5510_OTHER","FIN-CLIK-2025-09-5510_OTHER","0","302400",
"JE-CLIK-00239","CLIK","2025-10-25","2025-10","GL","1","5510","FINANCE","CLIK interest expense 5510_OTHER","FIN-CLIK-2025-10-5510_OTHER","302400","0",
"JE-CLIK-00239","CLIK","2025-10-25","2025-10","GL","2","1112","ADMIN","CLIK interest expense 5510_OTHER","FIN-CLIK-2025-10-5510_OTHER","0","302400",
"JE-CLIK-00240","CLIK","2025-11-25","2025-11","GL","1","5510","FINANCE","CLIK interest expense 5510_OTHER","FIN-CLIK-2025-11-5510_OTHER","302400","0",
"JE-CLIK-00240","CLIK","2025-11-25","2025-11","GL","2","1112","ADMIN","CLIK interest expense 5510_OTHER","FIN-CLIK-2025-11-5510_OTHER","0","302400",
"JE-CLIK-00241","CLIK","2025-12-25","2025-12","GL","1","5510","FINANCE","CLIK interest expense 5510_OTHER","FIN-CLIK-2025-12-5510_OTHER","302400","0",
"JE-CLIK-00241","CLIK","2025-12-25","2025-12","GL","2","1112","ADMIN","CLIK interest expense 5510_OTHER","FIN-CLIK-2025-12-5510_OTHER","0","302400",
"JE-CLIK-00242","CLIK","2025-01-25","2025-01","GL","1","5510","FINANCE","CLIK interest expense 5510_LEASE","FIN-CLIK-2025-01-5510_LEASE","39123","0",
"JE-CLIK-00242","CLIK","2025-01-25","2025-01","GL","2","2220","FINANCE","CLIK interest expense 5510_LEASE","FIN-CLIK-2025-01-5510_LEASE","0","39123",
"JE-CLIK-00243","CLIK","2025-02-25","2025-02","GL","1","5510","FINANCE","CLIK interest expense 5510_LEASE","FIN-CLIK-2025-02-5510_LEASE","39123","0",
"JE-CLIK-00243","CLIK","2025-02-25","2025-02","GL","2","2220","FINANCE","CLIK interest expense 5510_LEASE","FIN-CLIK-2025-02-5510_LEASE","0","39123",
"JE-CLIK-00244","CLIK","2025-03-25","2025-03","GL","1","5510","FINANCE","CLIK interest expense 5510_LEASE","FIN-CLIK-2025-03-5510_LEASE","39123","0",
"JE-CLIK-00244","CLIK","2025-03-25","2025-03","GL","2","2220","FINANCE","CLIK interest expense 5510_LEASE","FIN-CLIK-2025-03-5510_LEASE","0","39123",
"JE-CLIK-00245","CLIK","2025-04-25","2025-04","GL","1","5510","FINANCE","CLIK interest expense 5510_LEASE","FIN-CLIK-2025-04-5510_LEASE","39123","0",
"JE-CLIK-00245","CLIK","2025-04-25","2025-04","GL","2","2220","FINANCE","CLIK interest expense 5510_LEASE","FIN-CLIK-2025-04-5510_LEASE","0","39123",
"JE-CLIK-00246","CLIK","2025-05-25","2025-05","GL","1","5510","FINANCE","CLIK interest expense 5510_LEASE","FIN-CLIK-2025-05-5510_LEASE","39123","0",
"JE-CLIK-00246","CLIK","2025-05-25","2025-05","GL","2","2220","FINANCE","CLIK interest expense 5510_LEASE","FIN-CLIK-2025-05-5510_LEASE","0","39123",
"JE-CLIK-00247","CLIK","2025-06-25","2025-06","GL","1","5510","FINANCE","CLIK interest expense 5510_LEASE","FIN-CLIK-2025-06-5510_LEASE","39123","0",
"JE-CLIK-00247","CLIK","2025-06-25","2025-06","GL","2","2220","FINANCE","CLIK interest expense 5510_LEASE","FIN-CLIK-2025-06-5510_LEASE","0","39123",
"JE-CLIK-00248","CLIK","2025-07-25","2025-07","GL","1","5510","FINANCE","CLIK interest expense 5510_LEASE","FIN-CLIK-2025-07-5510_LEASE","39123","0",
"JE-CLIK-00248","CLIK","2025-07-25","2025-07","GL","2","2220","FINANCE","CLIK interest expense 5510_LEASE","FIN-CLIK-2025-07-5510_LEASE","0","39123",
"JE-CLIK-00249","CLIK","2025-08-25","2025-08","GL","1","5510","FINANCE","CLIK interest expense 5510_LEASE","FIN-CLIK-2025-08-5510_LEASE","39123","0",
"JE-CLIK-00249","CLIK","2025-08-25","2025-08","GL","2","2220","FINANCE","CLIK interest expense 5510_LEASE","FIN-CLIK-2025-08-5510_LEASE","0","39123",
"JE-CLIK-00250","CLIK","2025-09-25","2025-09","GL","1","5510","FINANCE","CLIK interest expense 5510_LEASE","FIN-CLIK-2025-09-5510_LEASE","39594","0",
"JE-CLIK-00250","CLIK","2025-09-25","2025-09","GL","2","2220","FINANCE","CLIK interest expense 5510_LEASE","FIN-CLIK-2025-09-5510_LEASE","0","39594",
"JE-CLIK-00251","CLIK","2025-10-25","2025-10","GL","1","5510","FINANCE","CLIK interest expense 5510_LEASE","FIN-CLIK-2025-10-5510_LEASE","39594","0",
"JE-CLIK-00251","CLIK","2025-10-25","2025-10","GL","2","2220","FINANCE","CLIK interest expense 5510_LEASE","FIN-CLIK-2025-10-5510_LEASE","0","39594",
"JE-CLIK-00252","CLIK","2025-11-25","2025-11","GL","1","5510","FINANCE","CLIK interest expense 5510_LEASE","FIN-CLIK-2025-11-5510_LEASE","39594","0",
"JE-CLIK-00252","CLIK","2025-11-25","2025-11","GL","2","2220","FINANCE","CLIK interest expense 5510_LEASE","FIN-CLIK-2025-11-5510_LEASE","0","39594",
"JE-CLIK-00253","CLIK","2025-12-25","2025-12","GL","1","5510","FINANCE","CLIK interest expense 5510_LEASE","FIN-CLIK-2025-12-5510_LEASE","39597","0",
"JE-CLIK-00253","CLIK","2025-12-25","2025-12","GL","2","2220","FINANCE","CLIK interest expense 5510_LEASE","FIN-CLIK-2025-12-5510_LEASE","0","39597",
"JE-CLIK-00254","CLIK","2025-01-25","2025-01","GL","1","5510","FINANCE","CLIK interest expense 5510_LTBANK","FIN-CLIK-2025-01-5510_LTBANK","365200","0",
"JE-CLIK-00254","CLIK","2025-01-25","2025-01","GL","2","1112","ADMIN","CLIK interest expense 5510_LTBANK","FIN-CLIK-2025-01-5510_LTBANK","0","365200",
"JE-CLIK-00255","CLIK","2025-02-25","2025-02","GL","1","5510","FINANCE","CLIK interest expense 5510_LTBANK","FIN-CLIK-2025-02-5510_LTBANK","365200","0",
"JE-CLIK-00255","CLIK","2025-02-25","2025-02","GL","2","1112","ADMIN","CLIK interest expense 5510_LTBANK","FIN-CLIK-2025-02-5510_LTBANK","0","365200",
"JE-CLIK-00256","CLIK","2025-03-25","2025-03","GL","1","5510","FINANCE","CLIK interest expense 5510_LTBANK","FIN-CLIK-2025-03-5510_LTBANK","365200","0",
"JE-CLIK-00256","CLIK","2025-03-25","2025-03","GL","2","1112","ADMIN","CLIK interest expense 5510_LTBANK","FIN-CLIK-2025-03-5510_LTBANK","0","365200",
"JE-CLIK-00257","CLIK","2025-04-25","2025-04","GL","1","5510","FINANCE","CLIK interest expense 5510_LTBANK","FIN-CLIK-2025-04-5510_LTBANK","365200","0",
"JE-CLIK-00257","CLIK","2025-04-25","2025-04","GL","2","1112","ADMIN","CLIK interest expense 5510_LTBANK","FIN-CLIK-2025-04-5510_LTBANK","0","365200",
"JE-CLIK-00258","CLIK","2025-05-25","2025-05","GL","1","5510","FINANCE","CLIK interest expense 5510_LTBANK","FIN-CLIK-2025-05-5510_LTBANK","365200","0",
"JE-CLIK-00258","CLIK","2025-05-25","2025-05","GL","2","1112","ADMIN","CLIK interest expense 5510_LTBANK","FIN-CLIK-2025-05-5510_LTBANK","0","365200",
"JE-CLIK-00259","CLIK","2025-06-25","2025-06","GL","1","5510","FINANCE","CLIK interest expense 5510_LTBANK","FIN-CLIK-2025-06-5510_LTBANK","365200","0",
"JE-CLIK-00259","CLIK","2025-06-25","2025-06","GL","2","1112","ADMIN","CLIK interest expense 5510_LTBANK","FIN-CLIK-2025-06-5510_LTBANK","0","365200",
"JE-CLIK-00260","CLIK","2025-07-25","2025-07","GL","1","5510","FINANCE","CLIK interest expense 5510_LTBANK","FIN-CLIK-2025-07-5510_LTBANK","365200","0",
"JE-CLIK-00260","CLIK","2025-07-25","2025-07","GL","2","1112","ADMIN","CLIK interest expense 5510_LTBANK","FIN-CLIK-2025-07-5510_LTBANK","0","365200",
"JE-CLIK-00261","CLIK","2025-08-25","2025-08","GL","1","5510","FINANCE","CLIK interest expense 5510_LTBANK","FIN-CLIK-2025-08-5510_LTBANK","365200","0",
"JE-CLIK-00261","CLIK","2025-08-25","2025-08","GL","2","1112","ADMIN","CLIK interest expense 5510_LTBANK","FIN-CLIK-2025-08-5510_LTBANK","0","365200",
"JE-CLIK-00262","CLIK","2025-09-25","2025-09","GL","1","5510","FINANCE","CLIK interest expense 5510_LTBANK","FIN-CLIK-2025-09-5510_LTBANK","369600","0",
"JE-CLIK-00262","CLIK","2025-09-25","2025-09","GL","2","1112","ADMIN","CLIK interest expense 5510_LTBANK","FIN-CLIK-2025-09-5510_LTBANK","0","369600",
"JE-CLIK-00263","CLIK","2025-10-25","2025-10","GL","1","5510","FINANCE","CLIK interest expense 5510_LTBANK","FIN-CLIK-2025-10-5510_LTBANK","369600","0",
"JE-CLIK-00263","CLIK","2025-10-25","2025-10","GL","2","1112","ADMIN","CLIK interest expense 5510_LTBANK","FIN-CLIK-2025-10-5510_LTBANK","0","369600",
"JE-CLIK-00264","CLIK","2025-11-25","2025-11","GL","1","5510","FINANCE","CLIK interest expense 5510_LTBANK","FIN-CLIK-2025-11-5510_LTBANK","369600","0",
"JE-CLIK-00264","CLIK","2025-11-25","2025-11","GL","2","1112","ADMIN","CLIK interest expense 5510_LTBANK","FIN-CLIK-2025-11-5510_LTBANK","0","369600",
"JE-CLIK-00265","CLIK","2025-12-25","2025-12","GL","1","5510","FINANCE","CLIK interest expense 5510_LTBANK","FIN-CLIK-2025-12-5510_LTBANK","369600","0",
"JE-CLIK-00265","CLIK","2025-12-25","2025-12","GL","2","1112","ADMIN","CLIK interest expense 5510_LTBANK","FIN-CLIK-2025-12-5510_LTBANK","0","369600",
"JE-CLIK-00266","CLIK","2025-01-01","2025-01","BANK","1","2150","FINANCE","CLIK lease payment","LEASE-CLIK-2025-01","149400","0",
"JE-CLIK-00266","CLIK","2025-01-01","2025-01","BANK","2","1112","ADMIN","CLIK lease payment","LEASE-CLIK-2025-01","0","149400",
"JE-CLIK-00267","CLIK","2025-02-01","2025-02","BANK","1","2150","FINANCE","CLIK lease payment","LEASE-CLIK-2025-02","149400","0",
"JE-CLIK-00267","CLIK","2025-02-01","2025-02","BANK","2","1112","ADMIN","CLIK lease payment","LEASE-CLIK-2025-02","0","149400",
"JE-CLIK-00268","CLIK","2025-03-01","2025-03","BANK","1","2150","FINANCE","CLIK lease payment","LEASE-CLIK-2025-03","149400","0",
"JE-CLIK-00268","CLIK","2025-03-01","2025-03","BANK","2","1112","ADMIN","CLIK lease payment","LEASE-CLIK-2025-03","0","149400",
"JE-CLIK-00269","CLIK","2025-04-01","2025-04","BANK","1","2150","FINANCE","CLIK lease payment","LEASE-CLIK-2025-04","149400","0",
"JE-CLIK-00269","CLIK","2025-04-01","2025-04","BANK","2","1112","ADMIN","CLIK lease payment","LEASE-CLIK-2025-04","0","149400",
"JE-CLIK-00270","CLIK","2025-05-01","2025-05","BANK","1","2150","FINANCE","CLIK lease payment","LEASE-CLIK-2025-05","149400","0",
"JE-CLIK-00270","CLIK","2025-05-01","2025-05","BANK","2","1112","ADMIN","CLIK lease payment","LEASE-CLIK-2025-05","0","149400",
"JE-CLIK-00271","CLIK","2025-06-01","2025-06","BANK","1","2150","FINANCE","CLIK lease payment","LEASE-CLIK-2025-06","149400","0",
"JE-CLIK-00271","CLIK","2025-06-01","2025-06","BANK","2","1112","ADMIN","CLIK lease payment","LEASE-CLIK-2025-06","0","149400",
"JE-CLIK-00272","CLIK","2025-07-01","2025-07","BANK","1","2150","FINANCE","CLIK lease payment","LEASE-CLIK-2025-07","149400","0",
"JE-CLIK-00272","CLIK","2025-07-01","2025-07","BANK","2","1112","ADMIN","CLIK lease payment","LEASE-CLIK-2025-07","0","149400",
"JE-CLIK-00273","CLIK","2025-08-01","2025-08","BANK","1","2150","FINANCE","CLIK lease payment","LEASE-CLIK-2025-08","149400","0",
"JE-CLIK-00273","CLIK","2025-08-01","2025-08","BANK","2","1112","ADMIN","CLIK lease payment","LEASE-CLIK-2025-08","0","149400",
"JE-CLIK-00274","CLIK","2025-09-01","2025-09","BANK","1","2150","FINANCE","CLIK lease payment","LEASE-CLIK-2025-09","151200","0",
"JE-CLIK-00274","CLIK","2025-09-01","2025-09","BANK","2","1112","ADMIN","CLIK lease payment","LEASE-CLIK-2025-09","0","151200",
"JE-CLIK-00275","CLIK","2025-10-01","2025-10","BANK","1","2150","FINANCE","CLIK lease payment","LEASE-CLIK-2025-10","151200","0",
"JE-CLIK-00275","CLIK","2025-10-01","2025-10","BANK","2","1112","ADMIN","CLIK lease payment","LEASE-CLIK-2025-10","0","151200",
"JE-CLIK-00276","CLIK","2025-11-01","2025-11","BANK","1","2150","FINANCE","CLIK lease payment","LEASE-CLIK-2025-11","151200","0",
"JE-CLIK-00276","CLIK","2025-11-01","2025-11","BANK","2","1112","ADMIN","CLIK lease payment","LEASE-CLIK-2025-11","0","151200",
"JE-CLIK-00277","CLIK","2025-12-01","2025-12","BANK","1","2150","FINANCE","CLIK lease payment","LEASE-CLIK-2025-12","151200","0",
"JE-CLIK-00277","CLIK","2025-12-01","2025-12","BANK","2","1112","ADMIN","CLIK lease payment","LEASE-CLIK-2025-12","0","151200",
"JE-CLIK-00278","CLIK","2025-12-31","2025-12","TAX","1","1340","FINANCE","CLIK deferred tax benefit","TAX-CLIK-DEF","1498737","0",
"JE-CLIK-00278","CLIK","2025-12-31","2025-12","TAX","2","5610","FINANCE","CLIK deferred tax benefit","TAX-CLIK-DEF","0","1498737",
"JE-CLIK-00279","CLIK","2025-01-18","2025-01","BANK","1","1112","ADMIN","CLIK AR receipts","AR-RCP-CLIK-2025-01","4140000","0","CUST-CLIK-002"
"JE-CLIK-00279","CLIK","2025-01-18","2025-01","BANK","2","1123","SERVICE","CLIK AR receipts","AR-RCP-CLIK-2025-01","0","4140000","CUST-CLIK-002"
"JE-CLIK-00280","CLIK","2025-02-18","2025-02","BANK","1","1112","ADMIN","CLIK AR receipts","AR-RCP-CLIK-2025-02","3864000","0","CUST-CLIK-002"
"JE-CLIK-00280","CLIK","2025-02-18","2025-02","BANK","2","1123","SERVICE","CLIK AR receipts","AR-RCP-CLIK-2025-02","0","3864000","CUST-CLIK-002"
"JE-CLIK-00281","CLIK","2025-03-18","2025-03","BANK","1","1112","ADMIN","CLIK AR receipts","AR-RCP-CLIK-2025-03","4692000","0","CUST-CLIK-002"
"JE-CLIK-00281","CLIK","2025-03-18","2025-03","BANK","2","1123","SERVICE","CLIK AR receipts","AR-RCP-CLIK-2025-03","0","4692000","CUST-CLIK-002"
"JE-CLIK-00282","CLIK","2025-04-18","2025-04","BANK","1","1112","ADMIN","CLIK AR receipts","AR-RCP-CLIK-2025-04","4140000","0","CUST-CLIK-002"
"JE-CLIK-00282","CLIK","2025-04-18","2025-04","BANK","2","1123","SERVICE","CLIK AR receipts","AR-RCP-CLIK-2025-04","0","4140000","CUST-CLIK-002"
"JE-CLIK-00283","CLIK","2025-05-18","2025-05","BANK","1","1112","ADMIN","CLIK AR receipts","AR-RCP-CLIK-2025-05","4416000","0","CUST-CLIK-002"
"JE-CLIK-00283","CLIK","2025-05-18","2025-05","BANK","2","1123","SERVICE","CLIK AR receipts","AR-RCP-CLIK-2025-05","0","4416000","CUST-CLIK-002"
"JE-CLIK-00284","CLIK","2025-06-18","2025-06","BANK","1","1112","ADMIN","CLIK AR receipts","AR-RCP-CLIK-2025-06","4692000","0","CUST-CLIK-002"
"JE-CLIK-00284","CLIK","2025-06-18","2025-06","BANK","2","1123","SERVICE","CLIK AR receipts","AR-RCP-CLIK-2025-06","0","4692000","CUST-CLIK-002"
"JE-CLIK-00285","CLIK","2025-07-18","2025-07","BANK","1","1112","ADMIN","CLIK AR receipts","AR-RCP-CLIK-2025-07","4692000","0","CUST-CLIK-002"
"JE-CLIK-00285","CLIK","2025-07-18","2025-07","BANK","2","1123","SERVICE","CLIK AR receipts","AR-RCP-CLIK-2025-07","0","4692000","CUST-CLIK-002"
"JE-CLIK-00286","CLIK","2025-08-18","2025-08","BANK","1","1112","ADMIN","CLIK AR receipts","AR-RCP-CLIK-2025-08","4692000","0","CUST-CLIK-002"
"JE-CLIK-00286","CLIK","2025-08-18","2025-08","BANK","2","1123","SERVICE","CLIK AR receipts","AR-RCP-CLIK-2025-08","0","4692000","CUST-CLIK-002"
"JE-CLIK-00287","CLIK","2025-09-18","2025-09","BANK","1","1112","ADMIN","CLIK AR receipts","AR-RCP-CLIK-2025-09","4968000","0","CUST-CLIK-002"
"JE-CLIK-00287","CLIK","2025-09-18","2025-09","BANK","2","1123","SERVICE","CLIK AR receipts","AR-RCP-CLIK-2025-09","0","4968000","CUST-CLIK-002"
"JE-CLIK-00288","CLIK","2025-10-18","2025-10","BANK","1","1112","ADMIN","CLIK AR receipts","AR-RCP-CLIK-2025-10","4968000","0","CUST-CLIK-002"
"JE-CLIK-00288","CLIK","2025-10-18","2025-10","BANK","2","1123","SERVICE","CLIK AR receipts","AR-RCP-CLIK-2025-10","0","4968000","CUST-CLIK-002"
"JE-CLIK-00289","CLIK","2025-11-18","2025-11","BANK","1","1112","ADMIN","CLIK AR receipts","AR-RCP-CLIK-2025-11","4968000","0","CUST-CLIK-002"
"JE-CLIK-00289","CLIK","2025-11-18","2025-11","BANK","2","1123","SERVICE","CLIK AR receipts","AR-RCP-CLIK-2025-11","0","4968000","CUST-CLIK-002"
"JE-CLIK-00290","CLIK","2025-12-18","2025-12","BANK","1","1112","ADMIN","CLIK AR receipts","AR-RCP-CLIK-2025-12","4968000","0","CUST-CLIK-002"
"JE-CLIK-00290","CLIK","2025-12-18","2025-12","BANK","2","1123","SERVICE","CLIK AR receipts","AR-RCP-CLIK-2025-12","0","4968000","CUST-CLIK-002"
"JE-CLIK-00291","CLIK","2025-01-22","2025-01","BANK","1","1112","ADMIN","CLIK IC AR receipt from HMW","IC-RCP-CLIK-2025-01","247500","0","CUST-CLIK-099"
"JE-CLIK-00291","CLIK","2025-01-22","2025-01","BANK","2","1125","SERVICE","CLIK IC AR receipt from HMW","IC-RCP-CLIK-2025-01","0","247500","CUST-CLIK-099"
"JE-CLIK-00292","CLIK","2025-02-22","2025-02","BANK","1","1112","ADMIN","CLIK IC AR receipt from HMW","IC-RCP-CLIK-2025-02","231000","0","CUST-CLIK-099"
"JE-CLIK-00292","CLIK","2025-02-22","2025-02","BANK","2","1125","SERVICE","CLIK IC AR receipt from HMW","IC-RCP-CLIK-2025-02","0","231000","CUST-CLIK-099"
"JE-CLIK-00293","CLIK","2025-03-22","2025-03","BANK","1","1112","ADMIN","CLIK IC AR receipt from HMW","IC-RCP-CLIK-2025-03","280500","0","CUST-CLIK-099"
"JE-CLIK-00293","CLIK","2025-03-22","2025-03","BANK","2","1125","SERVICE","CLIK IC AR receipt from HMW","IC-RCP-CLIK-2025-03","0","280500","CUST-CLIK-099"
"JE-CLIK-00294","CLIK","2025-04-22","2025-04","BANK","1","1112","ADMIN","CLIK IC AR receipt from HMW","IC-RCP-CLIK-2025-04","247500","0","CUST-CLIK-099"
"JE-CLIK-00294","CLIK","2025-04-22","2025-04","BANK","2","1125","SERVICE","CLIK IC AR receipt from HMW","IC-RCP-CLIK-2025-04","0","247500","CUST-CLIK-099"
"JE-CLIK-00295","CLIK","2025-05-22","2025-05","BANK","1","1112","ADMIN","CLIK IC AR receipt from HMW","IC-RCP-CLIK-2025-05","264000","0","CUST-CLIK-099"
"JE-CLIK-00295","CLIK","2025-05-22","2025-05","BANK","2","1125","SERVICE","CLIK IC AR receipt from HMW","IC-RCP-CLIK-2025-05","0","264000","CUST-CLIK-099"
"JE-CLIK-00296","CLIK","2025-06-22","2025-06","BANK","1","1112","ADMIN","CLIK IC AR receipt from HMW","IC-RCP-CLIK-2025-06","280500","0","CUST-CLIK-099"
"JE-CLIK-00296","CLIK","2025-06-22","2025-06","BANK","2","1125","SERVICE","CLIK IC AR receipt from HMW","IC-RCP-CLIK-2025-06","0","280500","CUST-CLIK-099"
"JE-CLIK-00297","CLIK","2025-07-22","2025-07","BANK","1","1112","ADMIN","CLIK IC AR receipt from HMW","IC-RCP-CLIK-2025-07","280500","0","CUST-CLIK-099"
"JE-CLIK-00297","CLIK","2025-07-22","2025-07","BANK","2","1125","SERVICE","CLIK IC AR receipt from HMW","IC-RCP-CLIK-2025-07","0","280500","CUST-CLIK-099"
"JE-CLIK-00298","CLIK","2025-08-22","2025-08","BANK","1","1112","ADMIN","CLIK IC AR receipt from HMW","IC-RCP-CLIK-2025-08","280500","0","CUST-CLIK-099"
"JE-CLIK-00298","CLIK","2025-08-22","2025-08","BANK","2","1125","SERVICE","CLIK IC AR receipt from HMW","IC-RCP-CLIK-2025-08","0","280500","CUST-CLIK-099"
"JE-CLIK-00299","CLIK","2025-09-22","2025-09","BANK","1","1112","ADMIN","CLIK IC AR receipt from HMW","IC-RCP-CLIK-2025-09","297000","0","CUST-CLIK-099"
"JE-CLIK-00299","CLIK","2025-09-22","2025-09","BANK","2","1125","SERVICE","CLIK IC AR receipt from HMW","IC-RCP-CLIK-2025-09","0","297000","CUST-CLIK-099"
"JE-CLIK-00300","CLIK","2025-10-22","2025-10","BANK","1","1112","ADMIN","CLIK IC AR receipt from HMW","IC-RCP-CLIK-2025-10","297000","0","CUST-CLIK-099"
"JE-CLIK-00300","CLIK","2025-10-22","2025-10","BANK","2","1125","SERVICE","CLIK IC AR receipt from HMW","IC-RCP-CLIK-2025-10","0","297000","CUST-CLIK-099"
"JE-CLIK-00301","CLIK","2025-11-22","2025-11","BANK","1","1112","ADMIN","CLIK IC AR receipt from HMW","IC-RCP-CLIK-2025-11","297000","0","CUST-CLIK-099"
"JE-CLIK-00301","CLIK","2025-11-22","2025-11","BANK","2","1125","SERVICE","CLIK IC AR receipt from HMW","IC-RCP-CLIK-2025-11","0","297000","CUST-CLIK-099"
"JE-CLIK-00302","CLIK","2025-12-22","2025-12","BANK","1","1112","ADMIN","CLIK IC AR receipt from HMW","IC-RCP-CLIK-2025-12","297000","0","CUST-CLIK-099"
"JE-CLIK-00302","CLIK","2025-12-22","2025-12","BANK","2","1125","SERVICE","CLIK IC AR receipt from HMW","IC-RCP-CLIK-2025-12","0","297000","CUST-CLIK-099"
"JE-CLIK-00303","CLIK","2025-01-10","2025-01","BANK","1","2130","ADMIN","CLIK AP payment","AP-PAY-CLIK-2025-01-2130","8925000","0","VEND-CLIK-005"
"JE-CLIK-00303","CLIK","2025-01-10","2025-01","BANK","2","1112","ADMIN","CLIK AP payment","AP-PAY-CLIK-2025-01-2130","0","8925000","VEND-CLIK-005"
"JE-CLIK-00304","CLIK","2025-02-10","2025-02","BANK","1","2130","ADMIN","CLIK AP payment","AP-PAY-CLIK-2025-02-2130","8330000","0","VEND-CLIK-005"
"JE-CLIK-00304","CLIK","2025-02-10","2025-02","BANK","2","1112","ADMIN","CLIK AP payment","AP-PAY-CLIK-2025-02-2130","0","8330000","VEND-CLIK-005"
"JE-CLIK-00305","CLIK","2025-03-10","2025-03","BANK","1","2130","ADMIN","CLIK AP payment","AP-PAY-CLIK-2025-03-2130","10115000","0","VEND-CLIK-005"
"JE-CLIK-00305","CLIK","2025-03-10","2025-03","BANK","2","1112","ADMIN","CLIK AP payment","AP-PAY-CLIK-2025-03-2130","0","10115000","VEND-CLIK-005"
"JE-CLIK-00306","CLIK","2025-04-10","2025-04","BANK","1","2130","ADMIN","CLIK AP payment","AP-PAY-CLIK-2025-04-2130","8925000","0","VEND-CLIK-005"
"JE-CLIK-00306","CLIK","2025-04-10","2025-04","BANK","2","1112","ADMIN","CLIK AP payment","AP-PAY-CLIK-2025-04-2130","0","8925000","VEND-CLIK-005"
"JE-CLIK-00307","CLIK","2025-05-10","2025-05","BANK","1","2130","ADMIN","CLIK AP payment","AP-PAY-CLIK-2025-05-2130","9520000","0","VEND-CLIK-005"
"JE-CLIK-00307","CLIK","2025-05-10","2025-05","BANK","2","1112","ADMIN","CLIK AP payment","AP-PAY-CLIK-2025-05-2130","0","9520000","VEND-CLIK-005"
"JE-CLIK-00308","CLIK","2025-06-10","2025-06","BANK","1","2130","ADMIN","CLIK AP payment","AP-PAY-CLIK-2025-06-2130","10115000","0","VEND-CLIK-005"
"JE-CLIK-00308","CLIK","2025-06-10","2025-06","BANK","2","1112","ADMIN","CLIK AP payment","AP-PAY-CLIK-2025-06-2130","0","10115000","VEND-CLIK-005"
"JE-CLIK-00309","CLIK","2025-07-10","2025-07","BANK","1","2130","ADMIN","CLIK AP payment","AP-PAY-CLIK-2025-07-2130","10115000","0","VEND-CLIK-005"
"JE-CLIK-00309","CLIK","2025-07-10","2025-07","BANK","2","1112","ADMIN","CLIK AP payment","AP-PAY-CLIK-2025-07-2130","0","10115000","VEND-CLIK-005"
"JE-CLIK-00310","CLIK","2025-08-10","2025-08","BANK","1","2130","ADMIN","CLIK AP payment","AP-PAY-CLIK-2025-08-2130","10115000","0","VEND-CLIK-005"
"JE-CLIK-00310","CLIK","2025-08-10","2025-08","BANK","2","1112","ADMIN","CLIK AP payment","AP-PAY-CLIK-2025-08-2130","0","10115000","VEND-CLIK-005"
"JE-CLIK-00311","CLIK","2025-09-10","2025-09","BANK","1","2130","ADMIN","CLIK AP payment","AP-PAY-CLIK-2025-09-2130","10710000","0","VEND-CLIK-005"
"JE-CLIK-00311","CLIK","2025-09-10","2025-09","BANK","2","1112","ADMIN","CLIK AP payment","AP-PAY-CLIK-2025-09-2130","0","10710000","VEND-CLIK-005"
"JE-CLIK-00312","CLIK","2025-10-10","2025-10","BANK","1","2130","ADMIN","CLIK AP payment","AP-PAY-CLIK-2025-10-2130","10710000","0","VEND-CLIK-005"
"JE-CLIK-00312","CLIK","2025-10-10","2025-10","BANK","2","1112","ADMIN","CLIK AP payment","AP-PAY-CLIK-2025-10-2130","0","10710000","VEND-CLIK-005"
"JE-CLIK-00313","CLIK","2025-11-10","2025-11","BANK","1","2130","ADMIN","CLIK AP payment","AP-PAY-CLIK-2025-11-2130","10710000","0","VEND-CLIK-005"
"JE-CLIK-00313","CLIK","2025-11-10","2025-11","BANK","2","1112","ADMIN","CLIK AP payment","AP-PAY-CLIK-2025-11-2130","0","10710000","VEND-CLIK-005"
"JE-CLIK-00314","CLIK","2025-12-10","2025-12","BANK","1","2130","ADMIN","CLIK AP payment","AP-PAY-CLIK-2025-12-2130","10710000","0","VEND-CLIK-005"
"JE-CLIK-00314","CLIK","2025-12-10","2025-12","BANK","2","1112","ADMIN","CLIK AP payment","AP-PAY-CLIK-2025-12-2130","0","10710000","VEND-CLIK-005"
"JE-CLIK-00315","CLIK","2025-01-10","2025-01","BANK","1","2122","ADMIN","CLIK AP payment","AP-PAY-CLIK-2025-01-2122","4350000","0","VEND-CLIK-001"
"JE-CLIK-00315","CLIK","2025-01-10","2025-01","BANK","2","1112","ADMIN","CLIK AP payment","AP-PAY-CLIK-2025-01-2122","0","4350000","VEND-CLIK-001"
"JE-CLIK-00316","CLIK","2025-02-10","2025-02","BANK","1","2122","ADMIN","CLIK AP payment","AP-PAY-CLIK-2025-02-2122","4060000","0","VEND-CLIK-001"
"JE-CLIK-00316","CLIK","2025-02-10","2025-02","BANK","2","1112","ADMIN","CLIK AP payment","AP-PAY-CLIK-2025-02-2122","0","4060000","VEND-CLIK-001"
"JE-CLIK-00317","CLIK","2025-03-10","2025-03","BANK","1","2122","ADMIN","CLIK AP payment","AP-PAY-CLIK-2025-03-2122","4930000","0","VEND-CLIK-001"
"JE-CLIK-00317","CLIK","2025-03-10","2025-03","BANK","2","1112","ADMIN","CLIK AP payment","AP-PAY-CLIK-2025-03-2122","0","4930000","VEND-CLIK-001"
"JE-CLIK-00318","CLIK","2025-04-10","2025-04","BANK","1","2122","ADMIN","CLIK AP payment","AP-PAY-CLIK-2025-04-2122","4350000","0","VEND-CLIK-001"
"JE-CLIK-00318","CLIK","2025-04-10","2025-04","BANK","2","1112","ADMIN","CLIK AP payment","AP-PAY-CLIK-2025-04-2122","0","4350000","VEND-CLIK-001"
"JE-CLIK-00319","CLIK","2025-05-10","2025-05","BANK","1","2122","ADMIN","CLIK AP payment","AP-PAY-CLIK-2025-05-2122","4640000","0","VEND-CLIK-001"
"JE-CLIK-00319","CLIK","2025-05-10","2025-05","BANK","2","1112","ADMIN","CLIK AP payment","AP-PAY-CLIK-2025-05-2122","0","4640000","VEND-CLIK-001"
"JE-CLIK-00320","CLIK","2025-06-10","2025-06","BANK","1","2122","ADMIN","CLIK AP payment","AP-PAY-CLIK-2025-06-2122","4930000","0","VEND-CLIK-001"
"JE-CLIK-00320","CLIK","2025-06-10","2025-06","BANK","2","1112","ADMIN","CLIK AP payment","AP-PAY-CLIK-2025-06-2122","0","4930000","VEND-CLIK-001"
"JE-CLIK-00321","CLIK","2025-07-10","2025-07","BANK","1","2122","ADMIN","CLIK AP payment","AP-PAY-CLIK-2025-07-2122","4930000","0","VEND-CLIK-001"
"JE-CLIK-00321","CLIK","2025-07-10","2025-07","BANK","2","1112","ADMIN","CLIK AP payment","AP-PAY-CLIK-2025-07-2122","0","4930000","VEND-CLIK-001"
"JE-CLIK-00322","CLIK","2025-08-10","2025-08","BANK","1","2122","ADMIN","CLIK AP payment","AP-PAY-CLIK-2025-08-2122","4930000","0","VEND-CLIK-001"
"JE-CLIK-00322","CLIK","2025-08-10","2025-08","BANK","2","1112","ADMIN","CLIK AP payment","AP-PAY-CLIK-2025-08-2122","0","4930000","VEND-CLIK-001"
"JE-CLIK-00323","CLIK","2025-09-10","2025-09","BANK","1","2122","ADMIN","CLIK AP payment","AP-PAY-CLIK-2025-09-2122","5220000","0","VEND-CLIK-001"
"JE-CLIK-00323","CLIK","2025-09-10","2025-09","BANK","2","1112","ADMIN","CLIK AP payment","AP-PAY-CLIK-2025-09-2122","0","5220000","VEND-CLIK-001"
"JE-CLIK-00324","CLIK","2025-10-10","2025-10","BANK","1","2122","ADMIN","CLIK AP payment","AP-PAY-CLIK-2025-10-2122","5220000","0","VEND-CLIK-001"
"JE-CLIK-00324","CLIK","2025-10-10","2025-10","BANK","2","1112","ADMIN","CLIK AP payment","AP-PAY-CLIK-2025-10-2122","0","5220000","VEND-CLIK-001"
"JE-CLIK-00325","CLIK","2025-11-10","2025-11","BANK","1","2122","ADMIN","CLIK AP payment","AP-PAY-CLIK-2025-11-2122","5220000","0","VEND-CLIK-001"
"JE-CLIK-00325","CLIK","2025-11-10","2025-11","BANK","2","1112","ADMIN","CLIK AP payment","AP-PAY-CLIK-2025-11-2122","0","5220000","VEND-CLIK-001"
"JE-CLIK-00326","CLIK","2025-12-10","2025-12","BANK","1","2122","ADMIN","CLIK AP payment","AP-PAY-CLIK-2025-12-2122","5220000","0","VEND-CLIK-001"
"JE-CLIK-00326","CLIK","2025-12-10","2025-12","BANK","2","1112","ADMIN","CLIK AP payment","AP-PAY-CLIK-2025-12-2122","0","5220000","VEND-CLIK-001"
"JE-CLIK-00327","CLIK","2025-01-10","2025-01","BANK","1","2125","ADMIN","CLIK AP payment","AP-PAY-CLIK-2025-01-2125","1207500","0","VEND-CLIK-099"
"JE-CLIK-00327","CLIK","2025-01-10","2025-01","BANK","2","1112","ADMIN","CLIK AP payment","AP-PAY-CLIK-2025-01-2125","0","1207500","VEND-CLIK-099"
"JE-CLIK-00328","CLIK","2025-02-10","2025-02","BANK","1","2125","ADMIN","CLIK AP payment","AP-PAY-CLIK-2025-02-2125","1127000","0","VEND-CLIK-099"
"JE-CLIK-00328","CLIK","2025-02-10","2025-02","BANK","2","1112","ADMIN","CLIK AP payment","AP-PAY-CLIK-2025-02-2125","0","1127000","VEND-CLIK-099"
"JE-CLIK-00329","CLIK","2025-03-10","2025-03","BANK","1","2125","ADMIN","CLIK AP payment","AP-PAY-CLIK-2025-03-2125","1368500","0","VEND-CLIK-099"
"JE-CLIK-00329","CLIK","2025-03-10","2025-03","BANK","2","1112","ADMIN","CLIK AP payment","AP-PAY-CLIK-2025-03-2125","0","1368500","VEND-CLIK-099"
"JE-CLIK-00330","CLIK","2025-04-10","2025-04","BANK","1","2125","ADMIN","CLIK AP payment","AP-PAY-CLIK-2025-04-2125","1207500","0","VEND-CLIK-099"
"JE-CLIK-00330","CLIK","2025-04-10","2025-04","BANK","2","1112","ADMIN","CLIK AP payment","AP-PAY-CLIK-2025-04-2125","0","1207500","VEND-CLIK-099"
"JE-CLIK-00331","CLIK","2025-05-10","2025-05","BANK","1","2125","ADMIN","CLIK AP payment","AP-PAY-CLIK-2025-05-2125","1288000","0","VEND-CLIK-099"
"JE-CLIK-00331","CLIK","2025-05-10","2025-05","BANK","2","1112","ADMIN","CLIK AP payment","AP-PAY-CLIK-2025-05-2125","0","1288000","VEND-CLIK-099"
"JE-CLIK-00332","CLIK","2025-06-10","2025-06","BANK","1","2125","ADMIN","CLIK AP payment","AP-PAY-CLIK-2025-06-2125","1368500","0","VEND-CLIK-099"
"JE-CLIK-00332","CLIK","2025-06-10","2025-06","BANK","2","1112","ADMIN","CLIK AP payment","AP-PAY-CLIK-2025-06-2125","0","1368500","VEND-CLIK-099"
"JE-CLIK-00333","CLIK","2025-07-10","2025-07","BANK","1","2125","ADMIN","CLIK AP payment","AP-PAY-CLIK-2025-07-2125","1368500","0","VEND-CLIK-099"
"JE-CLIK-00333","CLIK","2025-07-10","2025-07","BANK","2","1112","ADMIN","CLIK AP payment","AP-PAY-CLIK-2025-07-2125","0","1368500","VEND-CLIK-099"
"JE-CLIK-00334","CLIK","2025-08-10","2025-08","BANK","1","2125","ADMIN","CLIK AP payment","AP-PAY-CLIK-2025-08-2125","1368500","0","VEND-CLIK-099"
"JE-CLIK-00334","CLIK","2025-08-10","2025-08","BANK","2","1112","ADMIN","CLIK AP payment","AP-PAY-CLIK-2025-08-2125","0","1368500","VEND-CLIK-099"
"JE-CLIK-00335","CLIK","2025-09-10","2025-09","BANK","1","2125","ADMIN","CLIK AP payment","AP-PAY-CLIK-2025-09-2125","1449000","0","VEND-CLIK-099"
"JE-CLIK-00335","CLIK","2025-09-10","2025-09","BANK","2","1112","ADMIN","CLIK AP payment","AP-PAY-CLIK-2025-09-2125","0","1449000","VEND-CLIK-099"
"JE-CLIK-00336","CLIK","2025-10-10","2025-10","BANK","1","2125","ADMIN","CLIK AP payment","AP-PAY-CLIK-2025-10-2125","1449000","0","VEND-CLIK-099"
"JE-CLIK-00336","CLIK","2025-10-10","2025-10","BANK","2","1112","ADMIN","CLIK AP payment","AP-PAY-CLIK-2025-10-2125","0","1449000","VEND-CLIK-099"
"JE-CLIK-00337","CLIK","2025-11-10","2025-11","BANK","1","2125","ADMIN","CLIK AP payment","AP-PAY-CLIK-2025-11-2125","1449000","0","VEND-CLIK-099"
"JE-CLIK-00337","CLIK","2025-11-10","2025-11","BANK","2","1112","ADMIN","CLIK AP payment","AP-PAY-CLIK-2025-11-2125","0","1449000","VEND-CLIK-099"
"JE-CLIK-00338","CLIK","2025-12-10","2025-12","BANK","1","2125","ADMIN","CLIK AP payment","AP-PAY-CLIK-2025-12-2125","1449000","0","VEND-CLIK-099"
"JE-CLIK-00338","CLIK","2025-12-10","2025-12","BANK","2","1112","ADMIN","CLIK AP payment","AP-PAY-CLIK-2025-12-2125","0","1449000","VEND-CLIK-099"
"JE-CLIK-00339","CLIK","2025-01-10","2025-01","BANK","1","2123","ADMIN","CLIK AP payment","AP-PAY-CLIK-2025-01-2123","675000","0","VEND-CLIK-005"
"JE-CLIK-00339","CLIK","2025-01-10","2025-01","BANK","2","1112","ADMIN","CLIK AP payment","AP-PAY-CLIK-2025-01-2123","0","675000","VEND-CLIK-005"
"JE-CLIK-00340","CLIK","2025-02-10","2025-02","BANK","1","2123","ADMIN","CLIK AP payment","AP-PAY-CLIK-2025-02-2123","630000","0","VEND-CLIK-005"
"JE-CLIK-00340","CLIK","2025-02-10","2025-02","BANK","2","1112","ADMIN","CLIK AP payment","AP-PAY-CLIK-2025-02-2123","0","630000","VEND-CLIK-005"
"JE-CLIK-00341","CLIK","2025-03-10","2025-03","BANK","1","2123","ADMIN","CLIK AP payment","AP-PAY-CLIK-2025-03-2123","765000","0","VEND-CLIK-005"
"JE-CLIK-00341","CLIK","2025-03-10","2025-03","BANK","2","1112","ADMIN","CLIK AP payment","AP-PAY-CLIK-2025-03-2123","0","765000","VEND-CLIK-005"
"JE-CLIK-00342","CLIK","2025-04-10","2025-04","BANK","1","2123","ADMIN","CLIK AP payment","AP-PAY-CLIK-2025-04-2123","675000","0","VEND-CLIK-005"
"JE-CLIK-00342","CLIK","2025-04-10","2025-04","BANK","2","1112","ADMIN","CLIK AP payment","AP-PAY-CLIK-2025-04-2123","0","675000","VEND-CLIK-005"
"JE-CLIK-00343","CLIK","2025-05-10","2025-05","BANK","1","2123","ADMIN","CLIK AP payment","AP-PAY-CLIK-2025-05-2123","720000","0","VEND-CLIK-005"
"JE-CLIK-00343","CLIK","2025-05-10","2025-05","BANK","2","1112","ADMIN","CLIK AP payment","AP-PAY-CLIK-2025-05-2123","0","720000","VEND-CLIK-005"
"JE-CLIK-00344","CLIK","2025-06-10","2025-06","BANK","1","2123","ADMIN","CLIK AP payment","AP-PAY-CLIK-2025-06-2123","765000","0","VEND-CLIK-005"
"JE-CLIK-00344","CLIK","2025-06-10","2025-06","BANK","2","1112","ADMIN","CLIK AP payment","AP-PAY-CLIK-2025-06-2123","0","765000","VEND-CLIK-005"
"JE-CLIK-00345","CLIK","2025-07-10","2025-07","BANK","1","2123","ADMIN","CLIK AP payment","AP-PAY-CLIK-2025-07-2123","765000","0","VEND-CLIK-005"
"JE-CLIK-00345","CLIK","2025-07-10","2025-07","BANK","2","1112","ADMIN","CLIK AP payment","AP-PAY-CLIK-2025-07-2123","0","765000","VEND-CLIK-005"
"JE-CLIK-00346","CLIK","2025-08-10","2025-08","BANK","1","2123","ADMIN","CLIK AP payment","AP-PAY-CLIK-2025-08-2123","765000","0","VEND-CLIK-005"
"JE-CLIK-00346","CLIK","2025-08-10","2025-08","BANK","2","1112","ADMIN","CLIK AP payment","AP-PAY-CLIK-2025-08-2123","0","765000","VEND-CLIK-005"
"JE-CLIK-00347","CLIK","2025-09-10","2025-09","BANK","1","2123","ADMIN","CLIK AP payment","AP-PAY-CLIK-2025-09-2123","810000","0","VEND-CLIK-005"
"JE-CLIK-00347","CLIK","2025-09-10","2025-09","BANK","2","1112","ADMIN","CLIK AP payment","AP-PAY-CLIK-2025-09-2123","0","810000","VEND-CLIK-005"
"JE-CLIK-00348","CLIK","2025-10-10","2025-10","BANK","1","2123","ADMIN","CLIK AP payment","AP-PAY-CLIK-2025-10-2123","810000","0","VEND-CLIK-005"
"JE-CLIK-00348","CLIK","2025-10-10","2025-10","BANK","2","1112","ADMIN","CLIK AP payment","AP-PAY-CLIK-2025-10-2123","0","810000","VEND-CLIK-005"
"JE-CLIK-00349","CLIK","2025-11-10","2025-11","BANK","1","2123","ADMIN","CLIK AP payment","AP-PAY-CLIK-2025-11-2123","810000","0","VEND-CLIK-005"
"JE-CLIK-00349","CLIK","2025-11-10","2025-11","BANK","2","1112","ADMIN","CLIK AP payment","AP-PAY-CLIK-2025-11-2123","0","810000","VEND-CLIK-005"
"JE-CLIK-00350","CLIK","2025-12-10","2025-12","BANK","1","2123","ADMIN","CLIK AP payment","AP-PAY-CLIK-2025-12-2123","810000","0","VEND-CLIK-005"
"JE-CLIK-00350","CLIK","2025-12-10","2025-12","BANK","2","1112","ADMIN","CLIK AP payment","AP-PAY-CLIK-2025-12-2123","0","810000","VEND-CLIK-005"
"JE-CLIK-00351","CLIK","2025-12-31","2025-12","GL","1","5411","ADMIN","CLIK employee benefit provision","EB-CLIK-2025","142664","0",
"JE-CLIK-00351","CLIK","2025-12-31","2025-12","GL","2","2230","ADMIN","CLIK employee benefit provision","EB-CLIK-2025","0","142664",
"JE-ACG-00001","ACG","2025-01-01","2025-01","GL","1","2230","ADMIN","Opening balance 2025 (1-Jan)","OPEN-ACG","0","6238616",
"JE-ACG-00001","ACG","2025-01-01","2025-01","GL","2","1130","ADMIN","Opening balance 2025 (1-Jan)","OPEN-ACG","13903525","0",
"JE-ACG-00001","ACG","2025-01-01","2025-01","GL","3","3140","ADMIN","Opening balance 2025 (1-Jan)","OPEN-ACG","0","15346013",
"JE-ACG-00001","ACG","2025-01-01","2025-01","GL","4","1210","ADMIN","Opening balance 2025 (1-Jan)","OPEN-ACG","598590000","0",
"JE-ACG-00001","ACG","2025-01-01","2025-01","GL","5","1112","ADMIN","Opening balance 2025 (1-Jan)","OPEN-ACG","14000000","0",
"JE-ACG-00001","ACG","2025-01-01","2025-01","GL","6","1340","ADMIN","Opening balance 2025 (1-Jan)","OPEN-ACG","1247723","0",
"JE-ACG-00001","ACG","2025-01-01","2025-01","GL","7","3150","ADMIN","Opening balance 2025 (1-Jan)","OPEN-ACG","0","7498303",
"JE-ACG-00001","ACG","2025-01-01","2025-01","GL","8","2130","ADMIN","Opening balance 2025 (1-Jan)","OPEN-ACG","0","2283178",
"JE-ACG-00001","ACG","2025-01-01","2025-01","GL","9","1330","ADMIN","Opening balance 2025 (1-Jan)","OPEN-ACG","6006637","0",
"JE-ACG-00001","ACG","2025-01-01","2025-01","GL","10","3120","ADMIN","Opening balance 2025 (1-Jan)","OPEN-ACG","0","137109509",
"JE-ACG-00001","ACG","2025-01-01","2025-01","GL","11","3110","ADMIN","Opening balance 2025 (1-Jan)","OPEN-ACG","0","300000000",
"JE-ACG-00001","ACG","2025-01-01","2025-01","GL","12","1314","ADMIN","Opening balance 2025 (1-Jan)","OPEN-ACG","1500000","0",
"JE-ACG-00001","ACG","2025-01-01","2025-01","GL","13","1113","ADMIN","Opening balance 2025 (1-Jan)","OPEN-ACG","1003473","0",
"JE-ACG-00001","ACG","2025-01-01","2025-01","GL","14","3160","ADMIN","Opening balance 2025 (1-Jan)","OPEN-ACG","0","165756626",
"JE-ACG-00001","ACG","2025-01-01","2025-01","GL","15","1319","ADMIN","Opening balance 2025 (1-Jan)","OPEN-ACG","600000","0",
"JE-ACG-00001","ACG","2025-01-01","2025-01","GL","16","3160","ADMIN","Opening balance 2025 (1-Jan)","OPEN-ACG","0","2619113",
"JE-ACG-00002","ACG","2025-01-28","2025-01","AR","1","1125","ADMIN","ACG mgmt fee from HMW","REV-ACG-2025-01-HMW","4565000","0","CUST-ACG-001"
"JE-ACG-00002","ACG","2025-01-28","2025-01","AR","2","4170","ADMIN","ACG mgmt fee from HMW","REV-ACG-2025-01-HMW","0","4565000","CUST-ACG-001"
"JE-ACG-00003","ACG","2025-02-28","2025-02","AR","1","1125","ADMIN","ACG mgmt fee from HMW","REV-ACG-2025-02-HMW","4565000","0","CUST-ACG-001"
"JE-ACG-00003","ACG","2025-02-28","2025-02","AR","2","4170","ADMIN","ACG mgmt fee from HMW","REV-ACG-2025-02-HMW","0","4565000","CUST-ACG-001"
"JE-ACG-00004","ACG","2025-03-28","2025-03","AR","1","1125","ADMIN","ACG mgmt fee from HMW","REV-ACG-2025-03-HMW","4565000","0","CUST-ACG-001"
"JE-ACG-00004","ACG","2025-03-28","2025-03","AR","2","4170","ADMIN","ACG mgmt fee from HMW","REV-ACG-2025-03-HMW","0","4565000","CUST-ACG-001"
"JE-ACG-00005","ACG","2025-04-28","2025-04","AR","1","1125","ADMIN","ACG mgmt fee from HMW","REV-ACG-2025-04-HMW","4565000","0","CUST-ACG-001"
"JE-ACG-00005","ACG","2025-04-28","2025-04","AR","2","4170","ADMIN","ACG mgmt fee from HMW","REV-ACG-2025-04-HMW","0","4565000","CUST-ACG-001"
"JE-ACG-00006","ACG","2025-05-28","2025-05","AR","1","1125","ADMIN","ACG mgmt fee from HMW","REV-ACG-2025-05-HMW","4565000","0","CUST-ACG-001"
"JE-ACG-00006","ACG","2025-05-28","2025-05","AR","2","4170","ADMIN","ACG mgmt fee from HMW","REV-ACG-2025-05-HMW","0","4565000","CUST-ACG-001"
"JE-ACG-00007","ACG","2025-06-28","2025-06","AR","1","1125","ADMIN","ACG mgmt fee from HMW","REV-ACG-2025-06-HMW","4565000","0","CUST-ACG-001"
"JE-ACG-00007","ACG","2025-06-28","2025-06","AR","2","4170","ADMIN","ACG mgmt fee from HMW","REV-ACG-2025-06-HMW","0","4565000","CUST-ACG-001"
"JE-ACG-00008","ACG","2025-07-28","2025-07","AR","1","1125","ADMIN","ACG mgmt fee from HMW","REV-ACG-2025-07-HMW","4565000","0","CUST-ACG-001"
"JE-ACG-00008","ACG","2025-07-28","2025-07","AR","2","4170","ADMIN","ACG mgmt fee from HMW","REV-ACG-2025-07-HMW","0","4565000","CUST-ACG-001"
"JE-ACG-00009","ACG","2025-08-28","2025-08","AR","1","1125","ADMIN","ACG mgmt fee from HMW","REV-ACG-2025-08-HMW","4565000","0","CUST-ACG-001"
"JE-ACG-00009","ACG","2025-08-28","2025-08","AR","2","4170","ADMIN","ACG mgmt fee from HMW","REV-ACG-2025-08-HMW","0","4565000","CUST-ACG-001"
"JE-ACG-00010","ACG","2025-09-28","2025-09","AR","1","1125","ADMIN","ACG mgmt fee from HMW","REV-ACG-2025-09-HMW","4620000","0","CUST-ACG-001"
"JE-ACG-00010","ACG","2025-09-28","2025-09","AR","2","4170","ADMIN","ACG mgmt fee from HMW","REV-ACG-2025-09-HMW","0","4620000","CUST-ACG-001"
"JE-ACG-00011","ACG","2025-10-28","2025-10","AR","1","1125","ADMIN","ACG mgmt fee from HMW","REV-ACG-2025-10-HMW","4620000","0","CUST-ACG-001"
"JE-ACG-00011","ACG","2025-10-28","2025-10","AR","2","4170","ADMIN","ACG mgmt fee from HMW","REV-ACG-2025-10-HMW","0","4620000","CUST-ACG-001"
"JE-ACG-00012","ACG","2025-11-28","2025-11","AR","1","1125","ADMIN","ACG mgmt fee from HMW","REV-ACG-2025-11-HMW","4620000","0","CUST-ACG-001"
"JE-ACG-00012","ACG","2025-11-28","2025-11","AR","2","4170","ADMIN","ACG mgmt fee from HMW","REV-ACG-2025-11-HMW","0","4620000","CUST-ACG-001"
"JE-ACG-00013","ACG","2025-12-28","2025-12","AR","1","1125","ADMIN","ACG mgmt fee from HMW","REV-ACG-2025-12-HMW","4620000","0","CUST-ACG-001"
"JE-ACG-00013","ACG","2025-12-28","2025-12","AR","2","4170","ADMIN","ACG mgmt fee from HMW","REV-ACG-2025-12-HMW","0","4620000","CUST-ACG-001"
"JE-ACG-00014","ACG","2025-01-28","2025-01","AR","1","1125","ADMIN","ACG mgmt fee from CLIK","REV-ACG-2025-01-CLIK","838061","0","CUST-ACG-002"
"JE-ACG-00014","ACG","2025-01-28","2025-01","AR","2","4170","ADMIN","ACG mgmt fee from CLIK","REV-ACG-2025-01-CLIK","0","838061","CUST-ACG-002"
"JE-ACG-00015","ACG","2025-02-28","2025-02","AR","1","1125","ADMIN","ACG mgmt fee from CLIK","REV-ACG-2025-02-CLIK","838061","0","CUST-ACG-002"
"JE-ACG-00015","ACG","2025-02-28","2025-02","AR","2","4170","ADMIN","ACG mgmt fee from CLIK","REV-ACG-2025-02-CLIK","0","838061","CUST-ACG-002"
"JE-ACG-00016","ACG","2025-03-28","2025-03","AR","1","1125","ADMIN","ACG mgmt fee from CLIK","REV-ACG-2025-03-CLIK","838061","0","CUST-ACG-002"
"JE-ACG-00016","ACG","2025-03-28","2025-03","AR","2","4170","ADMIN","ACG mgmt fee from CLIK","REV-ACG-2025-03-CLIK","0","838061","CUST-ACG-002"
"JE-ACG-00017","ACG","2025-04-28","2025-04","AR","1","1125","ADMIN","ACG mgmt fee from CLIK","REV-ACG-2025-04-CLIK","838061","0","CUST-ACG-002"
"JE-ACG-00017","ACG","2025-04-28","2025-04","AR","2","4170","ADMIN","ACG mgmt fee from CLIK","REV-ACG-2025-04-CLIK","0","838061","CUST-ACG-002"
"JE-ACG-00018","ACG","2025-05-28","2025-05","AR","1","1125","ADMIN","ACG mgmt fee from CLIK","REV-ACG-2025-05-CLIK","838061","0","CUST-ACG-002"
"JE-ACG-00018","ACG","2025-05-28","2025-05","AR","2","4170","ADMIN","ACG mgmt fee from CLIK","REV-ACG-2025-05-CLIK","0","838061","CUST-ACG-002"
"JE-ACG-00019","ACG","2025-06-28","2025-06","AR","1","1125","ADMIN","ACG mgmt fee from CLIK","REV-ACG-2025-06-CLIK","838061","0","CUST-ACG-002"
"JE-ACG-00019","ACG","2025-06-28","2025-06","AR","2","4170","ADMIN","ACG mgmt fee from CLIK","REV-ACG-2025-06-CLIK","0","838061","CUST-ACG-002"
"JE-ACG-00020","ACG","2025-07-28","2025-07","AR","1","1125","ADMIN","ACG mgmt fee from CLIK","REV-ACG-2025-07-CLIK","838061","0","CUST-ACG-002"
"JE-ACG-00020","ACG","2025-07-28","2025-07","AR","2","4170","ADMIN","ACG mgmt fee from CLIK","REV-ACG-2025-07-CLIK","0","838061","CUST-ACG-002"
"JE-ACG-00021","ACG","2025-08-28","2025-08","AR","1","1125","ADMIN","ACG mgmt fee from CLIK","REV-ACG-2025-08-CLIK","838061","0","CUST-ACG-002"
"JE-ACG-00021","ACG","2025-08-28","2025-08","AR","2","4170","ADMIN","ACG mgmt fee from CLIK","REV-ACG-2025-08-CLIK","0","838061","CUST-ACG-002"
"JE-ACG-00022","ACG","2025-09-28","2025-09","AR","1","1125","ADMIN","ACG mgmt fee from CLIK","REV-ACG-2025-09-CLIK","848158","0","CUST-ACG-002"
"JE-ACG-00022","ACG","2025-09-28","2025-09","AR","2","4170","ADMIN","ACG mgmt fee from CLIK","REV-ACG-2025-09-CLIK","0","848158","CUST-ACG-002"
"JE-ACG-00023","ACG","2025-10-28","2025-10","AR","1","1125","ADMIN","ACG mgmt fee from CLIK","REV-ACG-2025-10-CLIK","848158","0","CUST-ACG-002"
"JE-ACG-00023","ACG","2025-10-28","2025-10","AR","2","4170","ADMIN","ACG mgmt fee from CLIK","REV-ACG-2025-10-CLIK","0","848158","CUST-ACG-002"
"JE-ACG-00024","ACG","2025-11-28","2025-11","AR","1","1125","ADMIN","ACG mgmt fee from CLIK","REV-ACG-2025-11-CLIK","848158","0","CUST-ACG-002"
"JE-ACG-00024","ACG","2025-11-28","2025-11","AR","2","4170","ADMIN","ACG mgmt fee from CLIK","REV-ACG-2025-11-CLIK","0","848158","CUST-ACG-002"
"JE-ACG-00025","ACG","2025-12-28","2025-12","AR","1","1125","ADMIN","ACG mgmt fee from CLIK","REV-ACG-2025-12-CLIK","848157","0","CUST-ACG-002"
"JE-ACG-00025","ACG","2025-12-28","2025-12","AR","2","4170","ADMIN","ACG mgmt fee from CLIK","REV-ACG-2025-12-CLIK","0","848157","CUST-ACG-002"
"JE-ACG-00026","ACG","2025-04-30","2025-04","GL","1","1112","FINANCE","ACG dividend received from HMW (interim)","DIV-RCV-ACG-H1","8000000","0","HMW"
"JE-ACG-00026","ACG","2025-04-30","2025-04","GL","2","4150","FINANCE","ACG dividend received from HMW (interim)","DIV-RCV-ACG-H1","0","8000000","HMW"
"JE-ACG-00027","ACG","2025-10-31","2025-10","GL","1","1112","FINANCE","ACG dividend received from HMW (final)","DIV-RCV-ACG-H2","7959273","0","HMW"
"JE-ACG-00027","ACG","2025-10-31","2025-10","GL","2","4150","FINANCE","ACG dividend received from HMW (final)","DIV-RCV-ACG-H2","0","7959273","HMW"
"JE-ACG-00028","ACG","2025-01-28","2025-01","GL","1","1112","FINANCE","ACG other income (interest received)","OI-ACG-2025-01","22865","0",
"JE-ACG-00028","ACG","2025-01-28","2025-01","GL","2","4190","FINANCE","ACG other income (interest received)","OI-ACG-2025-01","0","22865",
"JE-ACG-00029","ACG","2025-02-28","2025-02","GL","1","1112","FINANCE","ACG other income (interest received)","OI-ACG-2025-02","22865","0",
"JE-ACG-00029","ACG","2025-02-28","2025-02","GL","2","4190","FINANCE","ACG other income (interest received)","OI-ACG-2025-02","0","22865",
"JE-ACG-00030","ACG","2025-03-28","2025-03","GL","1","1112","FINANCE","ACG other income (interest received)","OI-ACG-2025-03","22865","0",
"JE-ACG-00030","ACG","2025-03-28","2025-03","GL","2","4190","FINANCE","ACG other income (interest received)","OI-ACG-2025-03","0","22865",
"JE-ACG-00031","ACG","2025-04-28","2025-04","GL","1","1112","FINANCE","ACG other income (interest received)","OI-ACG-2025-04","22865","0",
"JE-ACG-00031","ACG","2025-04-28","2025-04","GL","2","4190","FINANCE","ACG other income (interest received)","OI-ACG-2025-04","0","22865",
"JE-ACG-00032","ACG","2025-05-28","2025-05","GL","1","1112","FINANCE","ACG other income (interest received)","OI-ACG-2025-05","22865","0",
"JE-ACG-00032","ACG","2025-05-28","2025-05","GL","2","4190","FINANCE","ACG other income (interest received)","OI-ACG-2025-05","0","22865",
"JE-ACG-00033","ACG","2025-06-28","2025-06","GL","1","1112","FINANCE","ACG other income (interest received)","OI-ACG-2025-06","22865","0",
"JE-ACG-00033","ACG","2025-06-28","2025-06","GL","2","4190","FINANCE","ACG other income (interest received)","OI-ACG-2025-06","0","22865",
"JE-ACG-00034","ACG","2025-07-28","2025-07","GL","1","1112","FINANCE","ACG other income (interest received)","OI-ACG-2025-07","22865","0",
"JE-ACG-00034","ACG","2025-07-28","2025-07","GL","2","4190","FINANCE","ACG other income (interest received)","OI-ACG-2025-07","0","22865",
"JE-ACG-00035","ACG","2025-08-28","2025-08","GL","1","1112","FINANCE","ACG other income (interest received)","OI-ACG-2025-08","22865","0",
"JE-ACG-00035","ACG","2025-08-28","2025-08","GL","2","4190","FINANCE","ACG other income (interest received)","OI-ACG-2025-08","0","22865",
"JE-ACG-00036","ACG","2025-09-28","2025-09","GL","1","1112","FINANCE","ACG other income (interest received)","OI-ACG-2025-09","23140","0",
"JE-ACG-00036","ACG","2025-09-28","2025-09","GL","2","4190","FINANCE","ACG other income (interest received)","OI-ACG-2025-09","0","23140",
"JE-ACG-00037","ACG","2025-10-28","2025-10","GL","1","1112","FINANCE","ACG other income (interest received)","OI-ACG-2025-10","23140","0",
"JE-ACG-00037","ACG","2025-10-28","2025-10","GL","2","4190","FINANCE","ACG other income (interest received)","OI-ACG-2025-10","0","23140",
"JE-ACG-00038","ACG","2025-11-28","2025-11","GL","1","1112","FINANCE","ACG other income (interest received)","OI-ACG-2025-11","23140","0",
"JE-ACG-00038","ACG","2025-11-28","2025-11","GL","2","4190","FINANCE","ACG other income (interest received)","OI-ACG-2025-11","0","23140",
"JE-ACG-00039","ACG","2025-12-28","2025-12","GL","1","1112","FINANCE","ACG other income (interest received)","OI-ACG-2025-12","23140","0",
"JE-ACG-00039","ACG","2025-12-28","2025-12","GL","2","4190","FINANCE","ACG other income (interest received)","OI-ACG-2025-12","0","23140",
"JE-ACG-00040","ACG","2025-01-28","2025-01","GL","1","5135","ADMIN","ACG cost of management service","COST-ACG-2025-01","5140636","0",
"JE-ACG-00040","ACG","2025-01-28","2025-01","GL","2","2130","ADMIN","ACG cost of management service","COST-ACG-2025-01","0","5140636",
"JE-ACG-00041","ACG","2025-02-28","2025-02","GL","1","5135","ADMIN","ACG cost of management service","COST-ACG-2025-02","5140636","0",
"JE-ACG-00041","ACG","2025-02-28","2025-02","GL","2","2130","ADMIN","ACG cost of management service","COST-ACG-2025-02","0","5140636",
"JE-ACG-00042","ACG","2025-03-28","2025-03","GL","1","5135","ADMIN","ACG cost of management service","COST-ACG-2025-03","5140636","0",
"JE-ACG-00042","ACG","2025-03-28","2025-03","GL","2","2130","ADMIN","ACG cost of management service","COST-ACG-2025-03","0","5140636",
"JE-ACG-00043","ACG","2025-04-28","2025-04","GL","1","5135","ADMIN","ACG cost of management service","COST-ACG-2025-04","5140636","0",
"JE-ACG-00043","ACG","2025-04-28","2025-04","GL","2","2130","ADMIN","ACG cost of management service","COST-ACG-2025-04","0","5140636",
"JE-ACG-00044","ACG","2025-05-28","2025-05","GL","1","5135","ADMIN","ACG cost of management service","COST-ACG-2025-05","5140636","0",
"JE-ACG-00044","ACG","2025-05-28","2025-05","GL","2","2130","ADMIN","ACG cost of management service","COST-ACG-2025-05","0","5140636",
"JE-ACG-00045","ACG","2025-06-28","2025-06","GL","1","5135","ADMIN","ACG cost of management service","COST-ACG-2025-06","5140636","0",
"JE-ACG-00045","ACG","2025-06-28","2025-06","GL","2","2130","ADMIN","ACG cost of management service","COST-ACG-2025-06","0","5140636",
"JE-ACG-00046","ACG","2025-07-28","2025-07","GL","1","5135","ADMIN","ACG cost of management service","COST-ACG-2025-07","5140636","0",
"JE-ACG-00046","ACG","2025-07-28","2025-07","GL","2","2130","ADMIN","ACG cost of management service","COST-ACG-2025-07","0","5140636",
"JE-ACG-00047","ACG","2025-08-28","2025-08","GL","1","5135","ADMIN","ACG cost of management service","COST-ACG-2025-08","5140636","0",
"JE-ACG-00047","ACG","2025-08-28","2025-08","GL","2","2130","ADMIN","ACG cost of management service","COST-ACG-2025-08","0","5140636",
"JE-ACG-00048","ACG","2025-09-28","2025-09","GL","1","5135","ADMIN","ACG cost of management service","COST-ACG-2025-09","5202571","0",
"JE-ACG-00048","ACG","2025-09-28","2025-09","GL","2","2130","ADMIN","ACG cost of management service","COST-ACG-2025-09","0","5202571",
"JE-ACG-00049","ACG","2025-10-28","2025-10","GL","1","5135","ADMIN","ACG cost of management service","COST-ACG-2025-10","5202571","0",
"JE-ACG-00049","ACG","2025-10-28","2025-10","GL","2","2130","ADMIN","ACG cost of management service","COST-ACG-2025-10","0","5202571",
"JE-ACG-00050","ACG","2025-11-28","2025-11","GL","1","5135","ADMIN","ACG cost of management service","COST-ACG-2025-11","5202571","0",
"JE-ACG-00050","ACG","2025-11-28","2025-11","GL","2","2130","ADMIN","ACG cost of management service","COST-ACG-2025-11","0","5202571",
"JE-ACG-00051","ACG","2025-12-28","2025-12","GL","1","5135","ADMIN","ACG cost of management service","COST-ACG-2025-12","5202568","0",
"JE-ACG-00051","ACG","2025-12-28","2025-12","GL","2","2130","ADMIN","ACG cost of management service","COST-ACG-2025-12","0","5202568",
"JE-ACG-00052","ACG","2025-01-30","2025-01","BANK","1","2130","ADMIN","ACG payment of operating costs","PAY-ACG-2025-01","4883604","0",
"JE-ACG-00052","ACG","2025-01-30","2025-01","BANK","2","1112","ADMIN","ACG payment of operating costs","PAY-ACG-2025-01","0","4883604",
"JE-ACG-00053","ACG","2025-03-02","2025-03","BANK","1","2130","ADMIN","ACG payment of operating costs","PAY-ACG-2025-03","4883604","0",
"JE-ACG-00053","ACG","2025-03-02","2025-03","BANK","2","1112","ADMIN","ACG payment of operating costs","PAY-ACG-2025-03","0","4883604",
"JE-ACG-00054","ACG","2025-03-30","2025-03","BANK","1","2130","ADMIN","ACG payment of operating costs","PAY-ACG-2025-03","4883604","0",
"JE-ACG-00054","ACG","2025-03-30","2025-03","BANK","2","1112","ADMIN","ACG payment of operating costs","PAY-ACG-2025-03","0","4883604",
"JE-ACG-00055","ACG","2025-04-30","2025-04","BANK","1","2130","ADMIN","ACG payment of operating costs","PAY-ACG-2025-04","4883604","0",
"JE-ACG-00055","ACG","2025-04-30","2025-04","BANK","2","1112","ADMIN","ACG payment of operating costs","PAY-ACG-2025-04","0","4883604",
"JE-ACG-00056","ACG","2025-05-30","2025-05","BANK","1","2130","ADMIN","ACG payment of operating costs","PAY-ACG-2025-05","4883604","0",
"JE-ACG-00056","ACG","2025-05-30","2025-05","BANK","2","1112","ADMIN","ACG payment of operating costs","PAY-ACG-2025-05","0","4883604",
"JE-ACG-00057","ACG","2025-06-30","2025-06","BANK","1","2130","ADMIN","ACG payment of operating costs","PAY-ACG-2025-06","4883604","0",
"JE-ACG-00057","ACG","2025-06-30","2025-06","BANK","2","1112","ADMIN","ACG payment of operating costs","PAY-ACG-2025-06","0","4883604",
"JE-ACG-00058","ACG","2025-07-30","2025-07","BANK","1","2130","ADMIN","ACG payment of operating costs","PAY-ACG-2025-07","4883604","0",
"JE-ACG-00058","ACG","2025-07-30","2025-07","BANK","2","1112","ADMIN","ACG payment of operating costs","PAY-ACG-2025-07","0","4883604",
"JE-ACG-00059","ACG","2025-08-30","2025-08","BANK","1","2130","ADMIN","ACG payment of operating costs","PAY-ACG-2025-08","4883604","0",
"JE-ACG-00059","ACG","2025-08-30","2025-08","BANK","2","1112","ADMIN","ACG payment of operating costs","PAY-ACG-2025-08","0","4883604",
"JE-ACG-00060","ACG","2025-09-30","2025-09","BANK","1","2130","ADMIN","ACG payment of operating costs","PAY-ACG-2025-09","4942442","0",
"JE-ACG-00060","ACG","2025-09-30","2025-09","BANK","2","1112","ADMIN","ACG payment of operating costs","PAY-ACG-2025-09","0","4942442",
"JE-ACG-00061","ACG","2025-10-30","2025-10","BANK","1","2130","ADMIN","ACG payment of operating costs","PAY-ACG-2025-10","4942442","0",
"JE-ACG-00061","ACG","2025-10-30","2025-10","BANK","2","1112","ADMIN","ACG payment of operating costs","PAY-ACG-2025-10","0","4942442",
"JE-ACG-00062","ACG","2025-11-30","2025-11","BANK","1","2130","ADMIN","ACG payment of operating costs","PAY-ACG-2025-11","4942442","0",
"JE-ACG-00062","ACG","2025-11-30","2025-11","BANK","2","1112","ADMIN","ACG payment of operating costs","PAY-ACG-2025-11","0","4942442",
"JE-ACG-00063","ACG","2025-12-30","2025-12","BANK","1","2130","ADMIN","ACG payment of operating costs","PAY-ACG-2025-12","4942443","0",
"JE-ACG-00063","ACG","2025-12-30","2025-12","BANK","2","1112","ADMIN","ACG payment of operating costs","PAY-ACG-2025-12","0","4942443",
"JE-ACG-00064","ACG","2025-01-25","2025-01","GL","1","5417","ADMIN","ACG admin 5417","OPEX-ACG-2025-01-5417","79085","0",
"JE-ACG-00064","ACG","2025-01-25","2025-01","GL","2","1335","ADMIN","ACG admin 5417","OPEX-ACG-2025-01-5417","0","79085",
"JE-ACG-00065","ACG","2025-02-25","2025-02","GL","1","5417","ADMIN","ACG admin 5417","OPEX-ACG-2025-02-5417","79085","0",
"JE-ACG-00065","ACG","2025-02-25","2025-02","GL","2","1335","ADMIN","ACG admin 5417","OPEX-ACG-2025-02-5417","0","79085",
"JE-ACG-00066","ACG","2025-03-25","2025-03","GL","1","5417","ADMIN","ACG admin 5417","OPEX-ACG-2025-03-5417","79085","0",
"JE-ACG-00066","ACG","2025-03-25","2025-03","GL","2","1335","ADMIN","ACG admin 5417","OPEX-ACG-2025-03-5417","0","79085",
"JE-ACG-00067","ACG","2025-04-25","2025-04","GL","1","5417","ADMIN","ACG admin 5417","OPEX-ACG-2025-04-5417","79085","0",
"JE-ACG-00067","ACG","2025-04-25","2025-04","GL","2","1335","ADMIN","ACG admin 5417","OPEX-ACG-2025-04-5417","0","79085",
"JE-ACG-00068","ACG","2025-05-25","2025-05","GL","1","5417","ADMIN","ACG admin 5417","OPEX-ACG-2025-05-5417","79085","0",
"JE-ACG-00068","ACG","2025-05-25","2025-05","GL","2","1335","ADMIN","ACG admin 5417","OPEX-ACG-2025-05-5417","0","79085",
"JE-ACG-00069","ACG","2025-06-25","2025-06","GL","1","5417","ADMIN","ACG admin 5417","OPEX-ACG-2025-06-5417","79085","0",
"JE-ACG-00069","ACG","2025-06-25","2025-06","GL","2","1335","ADMIN","ACG admin 5417","OPEX-ACG-2025-06-5417","0","79085",
"JE-ACG-00070","ACG","2025-07-25","2025-07","GL","1","5417","ADMIN","ACG admin 5417","OPEX-ACG-2025-07-5417","79085","0",
"JE-ACG-00070","ACG","2025-07-25","2025-07","GL","2","1335","ADMIN","ACG admin 5417","OPEX-ACG-2025-07-5417","0","79085",
"JE-ACG-00071","ACG","2025-08-25","2025-08","GL","1","5417","ADMIN","ACG admin 5417","OPEX-ACG-2025-08-5417","79085","0",
"JE-ACG-00071","ACG","2025-08-25","2025-08","GL","2","1335","ADMIN","ACG admin 5417","OPEX-ACG-2025-08-5417","0","79085",
"JE-ACG-00072","ACG","2025-09-25","2025-09","GL","1","5417","ADMIN","ACG admin 5417","OPEX-ACG-2025-09-5417","80038","0",
"JE-ACG-00072","ACG","2025-09-25","2025-09","GL","2","1335","ADMIN","ACG admin 5417","OPEX-ACG-2025-09-5417","0","80038",
"JE-ACG-00073","ACG","2025-10-25","2025-10","GL","1","5417","ADMIN","ACG admin 5417","OPEX-ACG-2025-10-5417","80038","0",
"JE-ACG-00073","ACG","2025-10-25","2025-10","GL","2","1335","ADMIN","ACG admin 5417","OPEX-ACG-2025-10-5417","0","80038",
"JE-ACG-00074","ACG","2025-11-25","2025-11","GL","1","5417","ADMIN","ACG admin 5417","OPEX-ACG-2025-11-5417","80038","0",
"JE-ACG-00074","ACG","2025-11-25","2025-11","GL","2","1335","ADMIN","ACG admin 5417","OPEX-ACG-2025-11-5417","0","80038",
"JE-ACG-00075","ACG","2025-12-25","2025-12","GL","1","5417","ADMIN","ACG admin 5417","OPEX-ACG-2025-12-5417","80034","0",
"JE-ACG-00075","ACG","2025-12-25","2025-12","GL","2","1335","ADMIN","ACG admin 5417","OPEX-ACG-2025-12-5417","0","80034",
"JE-ACG-00076","ACG","2025-01-25","2025-01","GL","1","5419","ADMIN","ACG admin 5419","OPEX-ACG-2025-01-5419","20936","0",
"JE-ACG-00076","ACG","2025-01-25","2025-01","GL","2","1112","ADMIN","ACG admin 5419","OPEX-ACG-2025-01-5419","0","20936",
"JE-ACG-00077","ACG","2025-02-25","2025-02","GL","1","5419","ADMIN","ACG admin 5419","OPEX-ACG-2025-02-5419","20936","0",
"JE-ACG-00077","ACG","2025-02-25","2025-02","GL","2","1112","ADMIN","ACG admin 5419","OPEX-ACG-2025-02-5419","0","20936",
"JE-ACG-00078","ACG","2025-03-25","2025-03","GL","1","5419","ADMIN","ACG admin 5419","OPEX-ACG-2025-03-5419","20936","0",
"JE-ACG-00078","ACG","2025-03-25","2025-03","GL","2","1112","ADMIN","ACG admin 5419","OPEX-ACG-2025-03-5419","0","20936",
"JE-ACG-00079","ACG","2025-04-25","2025-04","GL","1","5419","ADMIN","ACG admin 5419","OPEX-ACG-2025-04-5419","20936","0",
"JE-ACG-00079","ACG","2025-04-25","2025-04","GL","2","1112","ADMIN","ACG admin 5419","OPEX-ACG-2025-04-5419","0","20936",
"JE-ACG-00080","ACG","2025-05-25","2025-05","GL","1","5419","ADMIN","ACG admin 5419","OPEX-ACG-2025-05-5419","20936","0",
"JE-ACG-00080","ACG","2025-05-25","2025-05","GL","2","1112","ADMIN","ACG admin 5419","OPEX-ACG-2025-05-5419","0","20936",
"JE-ACG-00081","ACG","2025-06-25","2025-06","GL","1","5419","ADMIN","ACG admin 5419","OPEX-ACG-2025-06-5419","20936","0",
"JE-ACG-00081","ACG","2025-06-25","2025-06","GL","2","1112","ADMIN","ACG admin 5419","OPEX-ACG-2025-06-5419","0","20936",
"JE-ACG-00082","ACG","2025-07-25","2025-07","GL","1","5419","ADMIN","ACG admin 5419","OPEX-ACG-2025-07-5419","20936","0",
"JE-ACG-00082","ACG","2025-07-25","2025-07","GL","2","1112","ADMIN","ACG admin 5419","OPEX-ACG-2025-07-5419","0","20936",
"JE-ACG-00083","ACG","2025-08-25","2025-08","GL","1","5419","ADMIN","ACG admin 5419","OPEX-ACG-2025-08-5419","20936","0",
"JE-ACG-00083","ACG","2025-08-25","2025-08","GL","2","1112","ADMIN","ACG admin 5419","OPEX-ACG-2025-08-5419","0","20936",
"JE-ACG-00084","ACG","2025-09-25","2025-09","GL","1","5419","ADMIN","ACG admin 5419","OPEX-ACG-2025-09-5419","21188","0",
"JE-ACG-00084","ACG","2025-09-25","2025-09","GL","2","1112","ADMIN","ACG admin 5419","OPEX-ACG-2025-09-5419","0","21188",
"JE-ACG-00085","ACG","2025-10-25","2025-10","GL","1","5419","ADMIN","ACG admin 5419","OPEX-ACG-2025-10-5419","21188","0",
"JE-ACG-00085","ACG","2025-10-25","2025-10","GL","2","1112","ADMIN","ACG admin 5419","OPEX-ACG-2025-10-5419","0","21188",
"JE-ACG-00086","ACG","2025-11-25","2025-11","GL","1","5419","ADMIN","ACG admin 5419","OPEX-ACG-2025-11-5419","21188","0",
"JE-ACG-00086","ACG","2025-11-25","2025-11","GL","2","1112","ADMIN","ACG admin 5419","OPEX-ACG-2025-11-5419","0","21188",
"JE-ACG-00087","ACG","2025-12-25","2025-12","GL","1","5419","ADMIN","ACG admin 5419","OPEX-ACG-2025-12-5419","21190","0",
"JE-ACG-00087","ACG","2025-12-25","2025-12","GL","2","1112","ADMIN","ACG admin 5419","OPEX-ACG-2025-12-5419","0","21190",
"JE-ACG-00088","ACG","2025-01-25","2025-01","GL","1","5418","ADMIN","ACG admin 5418","OPEX-ACG-2025-01-5418","16600","0",
"JE-ACG-00088","ACG","2025-01-25","2025-01","GL","2","1112","ADMIN","ACG admin 5418","OPEX-ACG-2025-01-5418","0","16600",
"JE-ACG-00089","ACG","2025-02-25","2025-02","GL","1","5418","ADMIN","ACG admin 5418","OPEX-ACG-2025-02-5418","16600","0",
"JE-ACG-00089","ACG","2025-02-25","2025-02","GL","2","1112","ADMIN","ACG admin 5418","OPEX-ACG-2025-02-5418","0","16600",
"JE-ACG-00090","ACG","2025-03-25","2025-03","GL","1","5418","ADMIN","ACG admin 5418","OPEX-ACG-2025-03-5418","16600","0",
"JE-ACG-00090","ACG","2025-03-25","2025-03","GL","2","1112","ADMIN","ACG admin 5418","OPEX-ACG-2025-03-5418","0","16600",
"JE-ACG-00091","ACG","2025-04-25","2025-04","GL","1","5418","ADMIN","ACG admin 5418","OPEX-ACG-2025-04-5418","16600","0",
"JE-ACG-00091","ACG","2025-04-25","2025-04","GL","2","1112","ADMIN","ACG admin 5418","OPEX-ACG-2025-04-5418","0","16600",
"JE-ACG-00092","ACG","2025-05-25","2025-05","GL","1","5418","ADMIN","ACG admin 5418","OPEX-ACG-2025-05-5418","16600","0",
"JE-ACG-00092","ACG","2025-05-25","2025-05","GL","2","1112","ADMIN","ACG admin 5418","OPEX-ACG-2025-05-5418","0","16600",
"JE-ACG-00093","ACG","2025-06-25","2025-06","GL","1","5418","ADMIN","ACG admin 5418","OPEX-ACG-2025-06-5418","16600","0",
"JE-ACG-00093","ACG","2025-06-25","2025-06","GL","2","1112","ADMIN","ACG admin 5418","OPEX-ACG-2025-06-5418","0","16600",
"JE-ACG-00094","ACG","2025-07-25","2025-07","GL","1","5418","ADMIN","ACG admin 5418","OPEX-ACG-2025-07-5418","16600","0",
"JE-ACG-00094","ACG","2025-07-25","2025-07","GL","2","1112","ADMIN","ACG admin 5418","OPEX-ACG-2025-07-5418","0","16600",
"JE-ACG-00095","ACG","2025-08-25","2025-08","GL","1","5418","ADMIN","ACG admin 5418","OPEX-ACG-2025-08-5418","16600","0",
"JE-ACG-00095","ACG","2025-08-25","2025-08","GL","2","1112","ADMIN","ACG admin 5418","OPEX-ACG-2025-08-5418","0","16600",
"JE-ACG-00096","ACG","2025-09-25","2025-09","GL","1","5418","ADMIN","ACG admin 5418","OPEX-ACG-2025-09-5418","16800","0",
"JE-ACG-00096","ACG","2025-09-25","2025-09","GL","2","1112","ADMIN","ACG admin 5418","OPEX-ACG-2025-09-5418","0","16800",
"JE-ACG-00097","ACG","2025-10-25","2025-10","GL","1","5418","ADMIN","ACG admin 5418","OPEX-ACG-2025-10-5418","16800","0",
"JE-ACG-00097","ACG","2025-10-25","2025-10","GL","2","1112","ADMIN","ACG admin 5418","OPEX-ACG-2025-10-5418","0","16800",
"JE-ACG-00098","ACG","2025-11-25","2025-11","GL","1","5418","ADMIN","ACG admin 5418","OPEX-ACG-2025-11-5418","16800","0",
"JE-ACG-00098","ACG","2025-11-25","2025-11","GL","2","1112","ADMIN","ACG admin 5418","OPEX-ACG-2025-11-5418","0","16800",
"JE-ACG-00099","ACG","2025-12-25","2025-12","GL","1","5418","ADMIN","ACG admin 5418","OPEX-ACG-2025-12-5418","16800","0",
"JE-ACG-00099","ACG","2025-12-25","2025-12","GL","2","1112","ADMIN","ACG admin 5418","OPEX-ACG-2025-12-5418","0","16800",
"JE-ACG-00100","ACG","2025-01-15","2025-01","BANK","1","1112","ADMIN","ACG receipt of mgmt fee from HMW","AR-RCP-ACG-HMW-2025-01","4565000","0","CUST-ACG-001"
"JE-ACG-00100","ACG","2025-01-15","2025-01","BANK","2","1125","ADMIN","ACG receipt of mgmt fee from HMW","AR-RCP-ACG-HMW-2025-01","0","4565000","CUST-ACG-001"
"JE-ACG-00101","ACG","2025-01-15","2025-01","BANK","1","1112","ADMIN","ACG receipt of mgmt fee from CLIK","AR-RCP-ACG-CLIK-2025-01","830000","0","CUST-ACG-002"
"JE-ACG-00101","ACG","2025-01-15","2025-01","BANK","2","1125","ADMIN","ACG receipt of mgmt fee from CLIK","AR-RCP-ACG-CLIK-2025-01","0","830000","CUST-ACG-002"
"JE-ACG-00102","ACG","2025-02-15","2025-02","BANK","1","1112","ADMIN","ACG receipt of mgmt fee from HMW","AR-RCP-ACG-HMW-2025-02","4565000","0","CUST-ACG-001"
"JE-ACG-00102","ACG","2025-02-15","2025-02","BANK","2","1125","ADMIN","ACG receipt of mgmt fee from HMW","AR-RCP-ACG-HMW-2025-02","0","4565000","CUST-ACG-001"
"JE-ACG-00103","ACG","2025-02-15","2025-02","BANK","1","1112","ADMIN","ACG receipt of mgmt fee from CLIK","AR-RCP-ACG-CLIK-2025-02","830000","0","CUST-ACG-002"
"JE-ACG-00103","ACG","2025-02-15","2025-02","BANK","2","1125","ADMIN","ACG receipt of mgmt fee from CLIK","AR-RCP-ACG-CLIK-2025-02","0","830000","CUST-ACG-002"
"JE-ACG-00104","ACG","2025-03-15","2025-03","BANK","1","1112","ADMIN","ACG receipt of mgmt fee from HMW","AR-RCP-ACG-HMW-2025-03","4565000","0","CUST-ACG-001"
"JE-ACG-00104","ACG","2025-03-15","2025-03","BANK","2","1125","ADMIN","ACG receipt of mgmt fee from HMW","AR-RCP-ACG-HMW-2025-03","0","4565000","CUST-ACG-001"
"JE-ACG-00105","ACG","2025-03-15","2025-03","BANK","1","1112","ADMIN","ACG receipt of mgmt fee from CLIK","AR-RCP-ACG-CLIK-2025-03","830000","0","CUST-ACG-002"
"JE-ACG-00105","ACG","2025-03-15","2025-03","BANK","2","1125","ADMIN","ACG receipt of mgmt fee from CLIK","AR-RCP-ACG-CLIK-2025-03","0","830000","CUST-ACG-002"
"JE-ACG-00106","ACG","2025-04-15","2025-04","BANK","1","1112","ADMIN","ACG receipt of mgmt fee from HMW","AR-RCP-ACG-HMW-2025-04","4565000","0","CUST-ACG-001"
"JE-ACG-00106","ACG","2025-04-15","2025-04","BANK","2","1125","ADMIN","ACG receipt of mgmt fee from HMW","AR-RCP-ACG-HMW-2025-04","0","4565000","CUST-ACG-001"
"JE-ACG-00107","ACG","2025-04-15","2025-04","BANK","1","1112","ADMIN","ACG receipt of mgmt fee from CLIK","AR-RCP-ACG-CLIK-2025-04","830000","0","CUST-ACG-002"
"JE-ACG-00107","ACG","2025-04-15","2025-04","BANK","2","1125","ADMIN","ACG receipt of mgmt fee from CLIK","AR-RCP-ACG-CLIK-2025-04","0","830000","CUST-ACG-002"
"JE-ACG-00108","ACG","2025-05-15","2025-05","BANK","1","1112","ADMIN","ACG receipt of mgmt fee from HMW","AR-RCP-ACG-HMW-2025-05","4565000","0","CUST-ACG-001"
"JE-ACG-00108","ACG","2025-05-15","2025-05","BANK","2","1125","ADMIN","ACG receipt of mgmt fee from HMW","AR-RCP-ACG-HMW-2025-05","0","4565000","CUST-ACG-001"
"JE-ACG-00109","ACG","2025-05-15","2025-05","BANK","1","1112","ADMIN","ACG receipt of mgmt fee from CLIK","AR-RCP-ACG-CLIK-2025-05","830000","0","CUST-ACG-002"
"JE-ACG-00109","ACG","2025-05-15","2025-05","BANK","2","1125","ADMIN","ACG receipt of mgmt fee from CLIK","AR-RCP-ACG-CLIK-2025-05","0","830000","CUST-ACG-002"
"JE-ACG-00110","ACG","2025-06-15","2025-06","BANK","1","1112","ADMIN","ACG receipt of mgmt fee from HMW","AR-RCP-ACG-HMW-2025-06","4565000","0","CUST-ACG-001"
"JE-ACG-00110","ACG","2025-06-15","2025-06","BANK","2","1125","ADMIN","ACG receipt of mgmt fee from HMW","AR-RCP-ACG-HMW-2025-06","0","4565000","CUST-ACG-001"
"JE-ACG-00111","ACG","2025-06-15","2025-06","BANK","1","1112","ADMIN","ACG receipt of mgmt fee from CLIK","AR-RCP-ACG-CLIK-2025-06","830000","0","CUST-ACG-002"
"JE-ACG-00111","ACG","2025-06-15","2025-06","BANK","2","1125","ADMIN","ACG receipt of mgmt fee from CLIK","AR-RCP-ACG-CLIK-2025-06","0","830000","CUST-ACG-002"
"JE-ACG-00112","ACG","2025-07-15","2025-07","BANK","1","1112","ADMIN","ACG receipt of mgmt fee from HMW","AR-RCP-ACG-HMW-2025-07","4565000","0","CUST-ACG-001"
"JE-ACG-00112","ACG","2025-07-15","2025-07","BANK","2","1125","ADMIN","ACG receipt of mgmt fee from HMW","AR-RCP-ACG-HMW-2025-07","0","4565000","CUST-ACG-001"
"JE-ACG-00113","ACG","2025-07-15","2025-07","BANK","1","1112","ADMIN","ACG receipt of mgmt fee from CLIK","AR-RCP-ACG-CLIK-2025-07","830000","0","CUST-ACG-002"
"JE-ACG-00113","ACG","2025-07-15","2025-07","BANK","2","1125","ADMIN","ACG receipt of mgmt fee from CLIK","AR-RCP-ACG-CLIK-2025-07","0","830000","CUST-ACG-002"
"JE-ACG-00114","ACG","2025-08-15","2025-08","BANK","1","1112","ADMIN","ACG receipt of mgmt fee from HMW","AR-RCP-ACG-HMW-2025-08","4565000","0","CUST-ACG-001"
"JE-ACG-00114","ACG","2025-08-15","2025-08","BANK","2","1125","ADMIN","ACG receipt of mgmt fee from HMW","AR-RCP-ACG-HMW-2025-08","0","4565000","CUST-ACG-001"
"JE-ACG-00115","ACG","2025-08-15","2025-08","BANK","1","1112","ADMIN","ACG receipt of mgmt fee from CLIK","AR-RCP-ACG-CLIK-2025-08","830000","0","CUST-ACG-002"
"JE-ACG-00115","ACG","2025-08-15","2025-08","BANK","2","1125","ADMIN","ACG receipt of mgmt fee from CLIK","AR-RCP-ACG-CLIK-2025-08","0","830000","CUST-ACG-002"
"JE-ACG-00116","ACG","2025-09-15","2025-09","BANK","1","1112","ADMIN","ACG receipt of mgmt fee from HMW","AR-RCP-ACG-HMW-2025-09","4620000","0","CUST-ACG-001"
"JE-ACG-00116","ACG","2025-09-15","2025-09","BANK","2","1125","ADMIN","ACG receipt of mgmt fee from HMW","AR-RCP-ACG-HMW-2025-09","0","4620000","CUST-ACG-001"
"JE-ACG-00117","ACG","2025-09-15","2025-09","BANK","1","1112","ADMIN","ACG receipt of mgmt fee from CLIK","AR-RCP-ACG-CLIK-2025-09","840000","0","CUST-ACG-002"
"JE-ACG-00117","ACG","2025-09-15","2025-09","BANK","2","1125","ADMIN","ACG receipt of mgmt fee from CLIK","AR-RCP-ACG-CLIK-2025-09","0","840000","CUST-ACG-002"
"JE-ACG-00118","ACG","2025-10-15","2025-10","BANK","1","1112","ADMIN","ACG receipt of mgmt fee from HMW","AR-RCP-ACG-HMW-2025-10","4620000","0","CUST-ACG-001"
"JE-ACG-00118","ACG","2025-10-15","2025-10","BANK","2","1125","ADMIN","ACG receipt of mgmt fee from HMW","AR-RCP-ACG-HMW-2025-10","0","4620000","CUST-ACG-001"
"JE-ACG-00119","ACG","2025-10-15","2025-10","BANK","1","1112","ADMIN","ACG receipt of mgmt fee from CLIK","AR-RCP-ACG-CLIK-2025-10","840000","0","CUST-ACG-002"
"JE-ACG-00119","ACG","2025-10-15","2025-10","BANK","2","1125","ADMIN","ACG receipt of mgmt fee from CLIK","AR-RCP-ACG-CLIK-2025-10","0","840000","CUST-ACG-002"
"JE-ACG-00120","ACG","2025-11-15","2025-11","BANK","1","1112","ADMIN","ACG receipt of mgmt fee from HMW","AR-RCP-ACG-HMW-2025-11","4620000","0","CUST-ACG-001"
"JE-ACG-00120","ACG","2025-11-15","2025-11","BANK","2","1125","ADMIN","ACG receipt of mgmt fee from HMW","AR-RCP-ACG-HMW-2025-11","0","4620000","CUST-ACG-001"
"JE-ACG-00121","ACG","2025-11-15","2025-11","BANK","1","1112","ADMIN","ACG receipt of mgmt fee from CLIK","AR-RCP-ACG-CLIK-2025-11","840000","0","CUST-ACG-002"
"JE-ACG-00121","ACG","2025-11-15","2025-11","BANK","2","1125","ADMIN","ACG receipt of mgmt fee from CLIK","AR-RCP-ACG-CLIK-2025-11","0","840000","CUST-ACG-002"
"JE-ACG-00122","ACG","2025-12-15","2025-12","BANK","1","1112","ADMIN","ACG receipt of mgmt fee from HMW","AR-RCP-ACG-HMW-2025-12","4620000","0","CUST-ACG-001"
"JE-ACG-00122","ACG","2025-12-15","2025-12","BANK","2","1125","ADMIN","ACG receipt of mgmt fee from HMW","AR-RCP-ACG-HMW-2025-12","0","4620000","CUST-ACG-001"
"JE-ACG-00123","ACG","2025-12-15","2025-12","BANK","1","1112","ADMIN","ACG receipt of mgmt fee from CLIK","AR-RCP-ACG-CLIK-2025-12","840000","0","CUST-ACG-002"
"JE-ACG-00123","ACG","2025-12-15","2025-12","BANK","2","1125","ADMIN","ACG receipt of mgmt fee from CLIK","AR-RCP-ACG-CLIK-2025-12","0","840000","CUST-ACG-002"
"JE-ACG-00124","ACG","2025-05-15","2025-05","GL","1","3160","ADMIN","ACG dividend declared and paid to shareholders","DIV-ACG-2025","15956511","0",
"JE-ACG-00124","ACG","2025-05-15","2025-05","GL","2","1112","ADMIN","ACG dividend declared and paid to shareholders","DIV-ACG-2025","0","15956511",
"JE-ACG-00125","ACG","2025-08-31","2025-08","TAX","1","5610","FINANCE","ACG tax expense","TAX-EXP-ACG","467307","0",
"JE-ACG-00125","ACG","2025-08-31","2025-08","TAX","2","2160","FINANCE","ACG tax expense","TAX-EXP-ACG","0","467307",
"JE-ACG-00126","ACG","2025-09-30","2025-09","TAX","1","2160","FINANCE","ACG tax payment","TAX-PAY-ACG","467307","0",
"JE-ACG-00126","ACG","2025-09-30","2025-09","TAX","2","1112","ADMIN","ACG tax payment","TAX-PAY-ACG","0","467307",
"JE-ACG-00127","ACG","2025-12-31","2025-12","GL","1","3160","ADMIN","ACG legal reserve transfer","RES-ACG-2025","880000","0",
"JE-ACG-00127","ACG","2025-12-31","2025-12","GL","2","3150","ADMIN","ACG legal reserve transfer","RES-ACG-2025","0","880000",
"JE-ACG-00128","ACG","2025-06-15","2025-06","FA","1","1330","ADMIN","ACG intangible capex","CAPEX-ACG-IT-2025","1022979","0",
"JE-ACG-00128","ACG","2025-06-15","2025-06","FA","2","1112","ADMIN","ACG intangible capex","CAPEX-ACG-IT-2025","0","1022979",
"JE-ACG-00129","ACG","2025-12-31","2025-12","GL","1","5419","ADMIN","ACG share-based payment expense (warrants)","SBP-ACG-2025","767884","0",
"JE-ACG-00129","ACG","2025-12-31","2025-12","GL","2","3140","ADMIN","ACG share-based payment expense (warrants)","SBP-ACG-2025","0","767884",
"JE-HMW-00432","HMW","2025-12-31","2025-12","GL","1","4190","ADMIN","Year-end closing - transfer P&L to retained earnings","CLOSE-HMW-2025","22726217","0",
"JE-HMW-00432","HMW","2025-12-31","2025-12","GL","2","4160","ADMIN","Year-end closing - transfer P&L to retained earnings","CLOSE-HMW-2025","24126468","0",
"JE-HMW-00432","HMW","2025-12-31","2025-12","GL","3","4130","ADMIN","Year-end closing - transfer P&L to retained earnings","CLOSE-HMW-2025","110000000","0",
"JE-HMW-00432","HMW","2025-12-31","2025-12","GL","4","4110","ADMIN","Year-end closing - transfer P&L to retained earnings","CLOSE-HMW-2025","800000000","0",
"JE-HMW-00432","HMW","2025-12-31","2025-12","GL","5","4180","ADMIN","Year-end closing - transfer P&L to retained earnings","CLOSE-HMW-2025","2694852","0",
"JE-HMW-00432","HMW","2025-12-31","2025-12","GL","6","4140","ADMIN","Year-end closing - transfer P&L to retained earnings","CLOSE-HMW-2025","24000000","0",
"JE-HMW-00432","HMW","2025-12-31","2025-12","GL","7","4120","ADMIN","Year-end closing - transfer P&L to retained earnings","CLOSE-HMW-2025","180000000","0",
"JE-HMW-00432","HMW","2025-12-31","2025-12","GL","8","5110","ADMIN","Year-end closing - transfer P&L to retained earnings","CLOSE-HMW-2025","0","720000000",
"JE-HMW-00432","HMW","2025-12-31","2025-12","GL","9","5120","ADMIN","Year-end closing - transfer P&L to retained earnings","CLOSE-HMW-2025","0","95000000",
"JE-HMW-00432","HMW","2025-12-31","2025-12","GL","10","5130","ADMIN","Year-end closing - transfer P&L to retained earnings","CLOSE-HMW-2025","0","91494026",
"JE-HMW-00432","HMW","2025-12-31","2025-12","GL","11","5421","ADMIN","Year-end closing - transfer P&L to retained earnings","CLOSE-HMW-2025","916786","0",
"JE-HMW-00432","HMW","2025-12-31","2025-12","GL","12","5420","ADMIN","Year-end closing - transfer P&L to retained earnings","CLOSE-HMW-2025","64000","0",
"JE-HMW-00432","HMW","2025-12-31","2025-12","GL","13","5210","ADMIN","Year-end closing - transfer P&L to retained earnings","CLOSE-HMW-2025","0","2508558",
"JE-HMW-00432","HMW","2025-12-31","2025-12","GL","14","5415","ADMIN","Year-end closing - transfer P&L to retained earnings","CLOSE-HMW-2025","0","14500000",
"JE-HMW-00432","HMW","2025-12-31","2025-12","GL","15","5419","ADMIN","Year-end closing - transfer P&L to retained earnings","CLOSE-HMW-2025","0","5500000",
"JE-HMW-00432","HMW","2025-12-31","2025-12","GL","16","5413","ADMIN","Year-end closing - transfer P&L to retained earnings","CLOSE-HMW-2025","0","6000000",
"JE-HMW-00432","HMW","2025-12-31","2025-12","GL","17","5416","ADMIN","Year-end closing - transfer P&L to retained earnings","CLOSE-HMW-2025","0","1443501",
"JE-HMW-00432","HMW","2025-12-31","2025-12","GL","18","5411","ADMIN","Year-end closing - transfer P&L to retained earnings","CLOSE-HMW-2025","0","33100000",
"JE-HMW-00432","HMW","2025-12-31","2025-12","GL","19","5418","ADMIN","Year-end closing - transfer P&L to retained earnings","CLOSE-HMW-2025","0","2000000",
"JE-HMW-00432","HMW","2025-12-31","2025-12","GL","20","5135","ADMIN","Year-end closing - transfer P&L to retained earnings","CLOSE-HMW-2025","0","55000000",
"JE-HMW-00432","HMW","2025-12-31","2025-12","GL","21","5414","ADMIN","Year-end closing - transfer P&L to retained earnings","CLOSE-HMW-2025","0","38000000",
"JE-HMW-00432","HMW","2025-12-31","2025-12","GL","22","5510","ADMIN","Year-end closing - transfer P&L to retained earnings","CLOSE-HMW-2025","0","10942643",
"JE-HMW-00432","HMW","2025-12-31","2025-12","GL","23","5610","ADMIN","Year-end closing - transfer P&L to retained earnings","CLOSE-HMW-2025","0","17246908",
"JE-HMW-00432","HMW","2025-12-31","2025-12","GL","24","3160","ADMIN","Year-end closing - transfer P&L to retained earnings","CLOSE-HMW-2025","0","71792687",
"JE-CLIK-00352","CLIK","2025-12-31","2025-12","GL","1","4190","ADMIN","Year-end closing - transfer P&L to retained earnings","CLOSE-CLIK-2025","4417936","0",
"JE-CLIK-00352","CLIK","2025-12-31","2025-12","GL","2","4130","ADMIN","Year-end closing - transfer P&L to retained earnings","CLOSE-CLIK-2025","40000000","0",
"JE-CLIK-00352","CLIK","2025-12-31","2025-12","GL","3","4160","ADMIN","Year-end closing - transfer P&L to retained earnings","CLOSE-CLIK-2025","3500000","0",
"JE-CLIK-00352","CLIK","2025-12-31","2025-12","GL","4","4140","ADMIN","Year-end closing - transfer P&L to retained earnings","CLOSE-CLIK-2025","12000000","0",
"JE-CLIK-00352","CLIK","2025-12-31","2025-12","GL","5","4120","ADMIN","Year-end closing - transfer P&L to retained earnings","CLOSE-CLIK-2025","150000000","0",
"JE-CLIK-00352","CLIK","2025-12-31","2025-12","GL","6","5120","ADMIN","Year-end closing - transfer P&L to retained earnings","CLOSE-CLIK-2025","0","52800928",
"JE-CLIK-00352","CLIK","2025-12-31","2025-12","GL","7","5130","ADMIN","Year-end closing - transfer P&L to retained earnings","CLOSE-CLIK-2025","0","120000000",
"JE-CLIK-00352","CLIK","2025-12-31","2025-12","GL","8","5210","ADMIN","Year-end closing - transfer P&L to retained earnings","CLOSE-CLIK-2025","0","7000000",
"JE-CLIK-00352","CLIK","2025-12-31","2025-12","GL","9","5411","ADMIN","Year-end closing - transfer P&L to retained earnings","CLOSE-CLIK-2025","0","25142664",
"JE-CLIK-00352","CLIK","2025-12-31","2025-12","GL","10","5414","ADMIN","Year-end closing - transfer P&L to retained earnings","CLOSE-CLIK-2025","0","4174703",
"JE-CLIK-00352","CLIK","2025-12-31","2025-12","GL","11","5135","ADMIN","Year-end closing - transfer P&L to retained earnings","CLOSE-CLIK-2025","0","10097119",
"JE-CLIK-00352","CLIK","2025-12-31","2025-12","GL","12","5415","ADMIN","Year-end closing - transfer P&L to retained earnings","CLOSE-CLIK-2025","0","411633",
"JE-CLIK-00352","CLIK","2025-12-31","2025-12","GL","13","5418","ADMIN","Year-end closing - transfer P&L to retained earnings","CLOSE-CLIK-2025","0","1000000",
"JE-CLIK-00352","CLIK","2025-12-31","2025-12","GL","14","5417","ADMIN","Year-end closing - transfer P&L to retained earnings","CLOSE-CLIK-2025","0","1124861",
"JE-CLIK-00352","CLIK","2025-12-31","2025-12","GL","15","5419","ADMIN","Year-end closing - transfer P&L to retained earnings","CLOSE-CLIK-2025","0","3000000",
"JE-CLIK-00352","CLIK","2025-12-31","2025-12","GL","16","5413","ADMIN","Year-end closing - transfer P&L to retained earnings","CLOSE-CLIK-2025","0","3000000",
"JE-CLIK-00352","CLIK","2025-12-31","2025-12","GL","17","5310","ADMIN","Year-end closing - transfer P&L to retained earnings","CLOSE-CLIK-2025","0","2723359",
"JE-CLIK-00352","CLIK","2025-12-31","2025-12","GL","18","5510","ADMIN","Year-end closing - transfer P&L to retained earnings","CLOSE-CLIK-2025","0","15471363",
"JE-CLIK-00352","CLIK","2025-12-31","2025-12","GL","19","5610","ADMIN","Year-end closing - transfer P&L to retained earnings","CLOSE-CLIK-2025","1498737","0",
"JE-CLIK-00352","CLIK","2025-12-31","2025-12","GL","20","3160","ADMIN","Year-end closing - transfer P&L to retained earnings","CLOSE-CLIK-2025","34529957","0",
"JE-ACG-00130","ACG","2025-12-31","2025-12","GL","1","4170","ADMIN","Year-end closing - transfer P&L to retained earnings","CLOSE-ACG-2025","65097119","0",
"JE-ACG-00130","ACG","2025-12-31","2025-12","GL","2","4150","ADMIN","Year-end closing - transfer P&L to retained earnings","CLOSE-ACG-2025","15959273","0",
"JE-ACG-00130","ACG","2025-12-31","2025-12","GL","3","4190","ADMIN","Year-end closing - transfer P&L to retained earnings","CLOSE-ACG-2025","275480","0",
"JE-ACG-00130","ACG","2025-12-31","2025-12","GL","4","5135","ADMIN","Year-end closing - transfer P&L to retained earnings","CLOSE-ACG-2025","0","61935369",
"JE-ACG-00130","ACG","2025-12-31","2025-12","GL","5","5417","ADMIN","Year-end closing - transfer P&L to retained earnings","CLOSE-ACG-2025","0","952828",
"JE-ACG-00130","ACG","2025-12-31","2025-12","GL","6","5419","ADMIN","Year-end closing - transfer P&L to retained earnings","CLOSE-ACG-2025","0","1020126",
"JE-ACG-00130","ACG","2025-12-31","2025-12","GL","7","5418","ADMIN","Year-end closing - transfer P&L to retained earnings","CLOSE-ACG-2025","0","200000",
"JE-ACG-00130","ACG","2025-12-31","2025-12","GL","8","5610","ADMIN","Year-end closing - transfer P&L to retained earnings","CLOSE-ACG-2025","0","467307",
"JE-ACG-00130","ACG","2025-12-31","2025-12","GL","9","3160","ADMIN","Year-end closing - transfer P&L to retained earnings","CLOSE-ACG-2025","0","16756242",
